-4.940 -6.104  9.427 14.371 0.007 0.035 1.000 -2.398e+01 -4.371e-01 -1.868e+01 -5.236e+00 -8.756e-01 -2.400e+01 -1.194e+01 -1.707e+01 -2.400e+01 -2.295e+01 -2.400e+01 -3.024e+00 -4.939e+00 -2.400e+01 -2.400e+01 -9.103e+00 -5.634e+00 -6.037e+00 -2.400e+01 -1.672e+01 -1.299e+01 -8.223e-01 -6.069e+00 -5.314e+00 -2.400e+01 -9.117e+00 -1.401e+01 -6.948e+00 -2.400e+01 -2.400e+01 -1.949e+01 -2.373e+01 -6.035e-01 -6.045e+00 -4.548e+00 -2.400e+01 -2.400e+01 -2.400e+01 -2.400e+01 -1.072e+01 -1.124e+01 -5.035e+00 -2.399e+01 -2.400e+01 -2.400e+01 -2.400e+01 -1.943e+01 -2.249e+01 -9.990e-01 -4.725e+00 -4.666e+00 -2.400e+01 -2.400e+01 -2.400e+01 -8.514e+00 -1.311e+01 -4.793e+00 -2.399e+01 -2.400e+01 -2.400e+01 -1.908e+01 -2.208e+01 -3.741e+00 -5.021e+00 -5.184e+00 -2.399e+01 -2.400e+01 -2.400e+01 -1.903e+01 -1.736e+01 -5.644e+00 -2.400e+01 -2.400e+01 -2.400e+01 -2.400e+01 -2.400e+01 -2.400e+01 -3.958e+00 -6.048e+00 -5.285e+00 -2.399e+01 -2.400e+01 -2.400e+01 -2.400e+01 -1.891e+01 -1.765e+01 -6.010e+00 -2.400e+01 -6.481e+00 -2.400e+01 -2.400e+01 -2.400e+01 -2.400e+01 -2.400e+01 -2.400e+01 -4.717e+00 -2.361e+01 -5.421e+00 -2.400e+01 -2.400e+01 -2.400e+01 -2.400e+01 -1.836e+01 -2.400e+01 -6.016e+00 -2.400e+01 -2.400e+01 -2.400e+01 -2.400e+01 -2.400e+01 -2.400e+01 -2.400e+01 -4.778e+00 -2.397e+01 -2.400e+01 -2.400e+01 -2.400e+01 -2.400e+01 -2.400e+01 -2.398e+01 -2.400e+01 -2.400e+01 -2.400e+01 -2.400e+01 -2.400e+01 -2.400e+01 -2.400e+01 -2.400e+01 -2.400e+01 -2.400e+01 -2.400e+01 -2.400e+01 -2.400e+01 -2.400e+01
-4.880 -5.880  9.488 14.371 0.007 0.033 1.000 -2.398e+01 -4.371e-01 -1.862e+01 -5.236e+00 -8.756e-01 -2.400e+01 -1.188e+01 -1.695e+01 -2.400e+01 -2.278e+01 -2.400e+01 -3.024e+00 -4.939e+00 -2.400e+01 -2.400e+01 -9.042e+00 -5.634e+00 -6.037e+00 -2.400e+01 -1.660e+01 -1.293e+01 -8.223e-01 -6.069e+00 -5.314e+00 -2.400e+01 -9.056e+00 -1.395e+01 -6.948e+00 -2.400e+01 -2.400e+01 -1.936e+01 -2.367e+01 -6.035e-01 -6.045e+00 -4.548e+00 -2.400e+01 -2.400e+01 -2.400e+01 -2.400e+01 -1.066e+01 -1.118e+01 -5.035e+00 -2.399e+01 -2.400e+01 -2.400e+01 -2.400e+01 -1.931e+01 -2.238e+01 -9.990e-01 -4.725e+00 -4.666e+00 -2.400e+01 -2.400e+01 -2.400e+01 -8.453e+00 -1.305e+01 -4.793e+00 -2.398e+01 -2.400e+01 -2.400e+01 -1.896e+01 -2.196e+01 -3.741e+00 -5.021e+00 -5.184e+00 -2.399e+01 -2.400e+01 -2.400e+01 -1.897e+01 -1.730e+01 -5.644e+00 -2.400e+01 -2.400e+01 -2.400e+01 -2.400e+01 -2.400e+01 -2.400e+01 -3.958e+00 -6.048e+00 -5.285e+00 -2.399e+01 -2.400e+01 -2.400e+01 -2.400e+01 -1.885e+01 -1.759e+01 -6.010e+00 -2.400e+01 -6.481e+00 -2.400e+01 -2.400e+01 -2.400e+01 -2.400e+01 -2.400e+01 -2.400e+01 -4.717e+00 -2.354e+01 -5.421e+00 -2.399e+01 -2.400e+01 -2.400e+01 -2.400e+01 -1.830e+01 -2.400e+01 -6.016e+00 -2.400e+01 -2.400e+01 -2.400e+01 -2.400e+01 -2.400e+01 -2.400e+01 -2.400e+01 -4.778e+00 -2.397e+01 -2.400e+01 -2.400e+01 -2.400e+01 -2.400e+01 -2.400e+01 -2.398e+01 -2.400e+01 -2.400e+01 -2.400e+01 -2.400e+01 -2.400e+01 -2.400e+01 -2.400e+01 -2.400e+01 -2.400e+01 -2.400e+01 -2.400e+01 -2.400e+01 -2.400e+01 -2.400e+01
-4.820 -5.896  9.548 14.372 0.007 0.035 1.000 -2.398e+01 -4.371e-01 -1.857e+01 -5.236e+00 -8.756e-01 -2.400e+01 -1.182e+01 -1.683e+01 -2.400e+01 -2.261e+01 -2.400e+01 -3.024e+00 -4.939e+00 -2.400e+01 -2.400e+01 -8.982e+00 -5.634e+00 -6.036e+00 -2.400e+01 -1.648e+01 -1.287e+01 -8.223e-01 -6.069e+00 -5.314e+00 -2.400e+01 -8.996e+00 -1.389e+01 -6.948e+00 -2.400e+01 -2.400e+01 -1.924e+01 -2.360e+01 -6.035e-01 -6.045e+00 -4.548e+00 -2.400e+01 -2.400e+01 -2.400e+01 -2.400e+01 -1.060e+01 -1.112e+01 -5.035e+00 -2.399e+01 -2.400e+01 -2.400e+01 -2.400e+01 -1.919e+01 -2.226e+01 -9.990e-01 -4.725e+00 -4.666e+00 -2.400e+01 -2.400e+01 -2.400e+01 -8.392e+00 -1.299e+01 -4.793e+00 -2.398e+01 -2.400e+01 -2.400e+01 -1.883e+01 -2.184e+01 -3.741e+00 -5.021e+00 -5.184e+00 -2.399e+01 -2.400e+01 -2.400e+01 -1.891e+01 -1.724e+01 -5.644e+00 -2.400e+01 -2.400e+01 -2.400e+01 -2.400e+01 -2.400e+01 -2.400e+01 -3.958e+00 -6.048e+00 -5.285e+00 -2.399e+01 -2.400e+01 -2.400e+01 -2.400e+01 -1.879e+01 -1.753e+01 -6.010e+00 -2.400e+01 -6.481e+00 -2.400e+01 -2.400e+01 -2.400e+01 -2.400e+01 -2.400e+01 -2.400e+01 -4.717e+00 -2.345e+01 -5.421e+00 -2.399e+01 -2.400e+01 -2.400e+01 -2.400e+01 -1.824e+01 -2.400e+01 -6.016e+00 -2.400e+01 -2.400e+01 -2.400e+01 -2.400e+01 -2.400e+01 -2.400e+01 -2.400e+01 -4.778e+00 -2.397e+01 -2.400e+01 -2.400e+01 -2.400e+01 -2.400e+01 -2.400e+01 -2.398e+01 -2.400e+01 -2.400e+01 -2.400e+01 -2.400e+01 -2.400e+01 -2.400e+01 -2.400e+01 -2.400e+01 -2.400e+01 -2.400e+01 -2.400e+01 -2.400e+01 -2.400e+01 -2.400e+01
-4.760 -5.760  9.609 14.373 0.007 0.035 1.000 -2.398e+01 -4.371e-01 -1.852e+01 -5.236e+00 -8.756e-01 -2.400e+01 -1.176e+01 -1.671e+01 -2.400e+01 -2.243e+01 -2.400e+01 -3.024e+00 -4.939e+00 -2.400e+01 -2.400e+01 -8.922e+00 -5.634e+00 -6.036e+00 -2.400e+01 -1.636e+01 -1.281e+01 -8.223e-01 -6.069e+00 -5.314e+00 -2.400e+01 -8.935e+00 -1.382e+01 -6.948e+00 -2.400e+01 -2.400e+01 -1.912e+01 -2.352e+01 -6.035e-01 -6.045e+00 -4.548e+00 -2.400e+01 -2.400e+01 -2.400e+01 -2.400e+01 -1.054e+01 -1.106e+01 -5.035e+00 -2.399e+01 -2.400e+01 -2.400e+01 -2.400e+01 -1.907e+01 -2.214e+01 -9.990e-01 -4.725e+00 -4.666e+00 -2.400e+01 -2.400e+01 -2.400e+01 -8.332e+00 -1.293e+01 -4.793e+00 -2.398e+01 -2.400e+01 -2.400e+01 -1.871e+01 -2.172e+01 -3.741e+00 -5.021e+00 -5.184e+00 -2.398e+01 -2.400e+01 -2.400e+01 -1.885e+01 -1.718e+01 -5.644e+00 -2.400e+01 -2.400e+01 -2.400e+01 -2.400e+01 -2.400e+01 -2.400e+01 -3.958e+00 -6.048e+00 -5.285e+00 -2.399e+01 -2.400e+01 -2.400e+01 -2.400e+01 -1.873e+01 -1.747e+01 -6.010e+00 -2.400e+01 -6.481e+00 -2.400e+01 -2.400e+01 -2.400e+01 -2.400e+01 -2.400e+01 -2.400e+01 -4.717e+00 -2.337e+01 -5.421e+00 -2.399e+01 -2.400e+01 -2.400e+01 -2.400e+01 -1.818e+01 -2.400e+01 -6.016e+00 -2.400e+01 -2.400e+01 -2.400e+01 -2.400e+01 -2.400e+01 -2.400e+01 -2.400e+01 -4.778e+00 -2.396e+01 -2.400e+01 -2.400e+01 -2.400e+01 -2.400e+01 -2.400e+01 -2.398e+01 -2.400e+01 -2.400e+01 -2.400e+01 -2.400e+01 -2.400e+01 -2.400e+01 -2.400e+01 -2.400e+01 -2.400e+01 -2.400e+01 -2.400e+01 -2.400e+01 -2.400e+01 -2.400e+01
-4.700 -5.776  9.669 14.373 0.007 0.033 1.000 -2.398e+01 -4.371e-01 -1.848e+01 -5.236e+00 -8.756e-01 -2.400e+01 -1.170e+01 -1.659e+01 -2.400e+01 -2.225e+01 -2.400e+01 -3.024e+00 -4.939e+00 -2.400e+01 -2.400e+01 -8.861e+00 -5.634e+00 -6.035e+00 -2.400e+01 -1.624e+01 -1.275e+01 -8.223e-01 -6.069e+00 -5.314e+00 -2.400e+01 -8.875e+00 -1.376e+01 -6.948e+00 -2.400e+01 -2.400e+01 -1.900e+01 -2.344e+01 -6.035e-01 -6.045e+00 -4.548e+00 -2.400e+01 -2.400e+01 -2.400e+01 -2.400e+01 -1.048e+01 -1.100e+01 -5.035e+00 -2.399e+01 -2.400e+01 -2.400e+01 -2.400e+01 -1.895e+01 -2.202e+01 -9.990e-01 -4.725e+00 -4.666e+00 -2.400e+01 -2.400e+01 -2.400e+01 -8.271e+00 -1.287e+01 -4.793e+00 -2.397e+01 -2.400e+01 -2.400e+01 -1.859e+01 -2.160e+01 -3.741e+00 -5.021e+00 -5.184e+00 -2.398e+01 -2.400e+01 -2.400e+01 -1.879e+01 -1.712e+01 -5.644e+00 -2.400e+01 -2.400e+01 -2.400e+01 -2.400e+01 -2.400e+01 -2.400e+01 -3.958e+00 -6.048e+00 -5.285e+00 -2.399e+01 -2.400e+01 -2.400e+01 -2.400e+01 -1.867e+01 -1.740e+01 -6.010e+00 -2.400e+01 -6.481e+00 -2.400e+01 -2.400e+01 -2.400e+01 -2.400e+01 -2.400e+01 -2.400e+01 -4.717e+00 -2.327e+01 -5.421e+00 -2.399e+01 -2.400e+01 -2.400e+01 -2.400e+01 -1.812e+01 -2.400e+01 -6.016e+00 -2.400e+01 -2.400e+01 -2.400e+01 -2.400e+01 -2.400e+01 -2.400e+01 -2.400e+01 -4.778e+00 -2.396e+01 -2.400e+01 -2.400e+01 -2.400e+01 -2.400e+01 -2.400e+01 -2.397e+01 -2.400e+01 -2.400e+01 -2.400e+01 -2.400e+01 -2.400e+01 -2.400e+01 -2.400e+01 -2.400e+01 -2.400e+01 -2.400e+01 -2.400e+01 -2.400e+01 -2.400e+01 -2.400e+01
-4.640 -5.640  9.730 14.374 0.007 0.033 1.000 -2.398e+01 -4.371e-01 -1.843e+01 -5.236e+00 -8.756e-01 -2.400e+01 -1.164e+01 -1.647e+01 -2.400e+01 -2.207e+01 -2.400e+01 -3.024e+00 -4.939e+00 -2.400e+01 -2.400e+01 -8.801e+00 -5.634e+00 -6.035e+00 -2.400e+01 -1.611e+01 -1.269e+01 -8.223e-01 -6.069e+00 -5.315e+00 -2.400e+01 -8.814e+00 -1.370e+01 -6.948e+00 -2.400e+01 -2.400e+01 -1.888e+01 -2.335e+01 -6.035e-01 -6.045e+00 -4.548e+00 -2.400e+01 -2.400e+01 -2.400e+01 -2.400e+01 -1.041e+01 -1.094e+01 -5.035e+00 -2.399e+01 -2.400e+01 -2.400e+01 -2.400e+01 -1.882e+01 -2.189e+01 -9.990e-01 -4.725e+00 -4.666e+00 -2.400e+01 -2.400e+01 -2.400e+01 -8.210e+00 -1.281e+01 -4.793e+00 -2.397e+01 -2.400e+01 -2.400e+01 -1.847e+01 -2.148e+01 -3.741e+00 -5.021e+00 -5.184e+00 -2.398e+01 -2.400e+01 -2.400e+01 -1.873e+01 -1.706e+01 -5.644e+00 -2.400e+01 -2.400e+01 -2.400e+01 -2.400e+01 -2.400e+01 -2.400e+01 -3.958e+00 -6.048e+00 -5.285e+00 -2.399e+01 -2.400e+01 -2.400e+01 -2.400e+01 -1.861e+01 -1.734e+01 -6.010e+00 -2.400e+01 -6.481e+00 -2.400e+01 -2.400e+01 -2.400e+01 -2.400e+01 -2.400e+01 -2.400e+01 -4.717e+00 -2.317e+01 -5.421e+00 -2.399e+01 -2.400e+01 -2.400e+01 -2.400e+01 -1.805e+01 -2.400e+01 -6.016e+00 -2.399e+01 -2.400e+01 -2.400e+01 -2.400e+01 -2.400e+01 -2.400e+01 -2.400e+01 -4.778e+00 -2.395e+01 -2.400e+01 -2.400e+01 -2.400e+01 -2.400e+01 -2.400e+01 -2.397e+01 -2.400e+01 -2.400e+01 -2.400e+01 -2.400e+01 -2.400e+01 -2.400e+01 -2.400e+01 -2.400e+01 -2.400e+01 -2.400e+01 -2.400e+01 -2.400e+01 -2.400e+01 -2.400e+01
-4.580 -5.656  9.790 14.374 0.007 0.033 1.000 -2.398e+01 -4.371e-01 -1.839e+01 -5.236e+00 -8.756e-01 -2.400e+01 -1.158e+01 -1.634e+01 -2.400e+01 -2.189e+01 -2.400e+01 -3.024e+00 -4.939e+00 -2.400e+01 -2.400e+01 -8.741e+00 -5.634e+00 -6.034e+00 -2.400e+01 -1.599e+01 -1.263e+01 -8.223e-01 -6.069e+00 -5.315e+00 -2.400e+01 -8.754e+00 -1.364e+01 -6.948e+00 -2.400e+01 -2.400e+01 -1.876e+01 -2.325e+01 -6.035e-01 -6.045e+00 -4.548e+00 -2.400e+01 -2.400e+01 -2.400e+01 -2.400e+01 -1.035e+01 -1.088e+01 -5.035e+00 -2.399e+01 -2.400e+01 -2.400e+01 -2.400e+01 -1.870e+01 -2.177e+01 -9.990e-01 -4.725e+00 -4.666e+00 -2.400e+01 -2.400e+01 -2.400e+01 -8.149e+00 -1.275e+01 -4.793e+00 -2.397e+01 -2.400e+01 -2.400e+01 -1.835e+01 -2.136e+01 -3.741e+00 -5.021e+00 -5.184e+00 -2.398e+01 -2.400e+01 -2.400e+01 -1.866e+01 -1.700e+01 -5.644e+00 -2.400e+01 -2.400e+01 -2.400e+01 -2.400e+01 -2.400e+01 -2.400e+01 -3.958e+00 -6.048e+00 -5.285e+00 -2.398e+01 -2.400e+01 -2.400e+01 -2.400e+01 -1.855e+01 -1.728e+01 -6.010e+00 -2.399e+01 -6.481e+00 -2.400e+01 -2.400e+01 -2.400e+01 -2.400e+01 -2.400e+01 -2.400e+01 -4.717e+00 -2.307e+01 -5.421e+00 -2.399e+01 -2.400e+01 -2.400e+01 -2.400e+01 -1.799e+01 -2.400e+01 -6.016e+00 -2.399e+01 -2.400e+01 -2.400e+01 -2.400e+01 -2.400e+01 -2.400e+01 -2.400e+01 -4.778e+00 -2.394e+01 -2.400e+01 -2.400e+01 -2.400e+01 -2.400e+01 -2.400e+01 -2.396e+01 -2.400e+01 -2.400e+01 -2.400e+01 -2.400e+01 -2.400e+01 -2.400e+01 -2.400e+01 -2.400e+01 -2.400e+01 -2.400e+01 -2.400e+01 -2.400e+01 -2.400e+01 -2.400e+01
-4.520 -5.520  9.851 14.375 0.007 0.033 1.000 -2.398e+01 -4.371e-01 -1.834e+01 -5.236e+00 -8.756e-01 -2.400e+01 -1.152e+01 -1.622e+01 -2.400e+01 -2.171e+01 -2.400e+01 -3.024e+00 -4.939e+00 -2.400e+01 -2.400e+01 -8.680e+00 -5.634e+00 -6.033e+00 -2.400e+01 -1.587e+01 -1.257e+01 -8.223e-01 -6.069e+00 -5.315e+00 -2.400e+01 -8.694e+00 -1.358e+01 -6.948e+00 -2.400e+01 -2.400e+01 -1.864e+01 -2.315e+01 -6.035e-01 -6.045e+00 -4.548e+00 -2.400e+01 -2.400e+01 -2.400e+01 -2.400e+01 -1.029e+01 -1.082e+01 -5.035e+00 -2.399e+01 -2.400e+01 -2.400e+01 -2.400e+01 -1.858e+01 -2.165e+01 -9.990e-01 -4.725e+00 -4.666e+00 -2.400e+01 -2.400e+01 -2.400e+01 -8.088e+00 -1.269e+01 -4.793e+00 -2.396e+01 -2.400e+01 -2.400e+01 -1.822e+01 -2.124e+01 -3.741e+00 -5.021e+00 -5.184e+00 -2.397e+01 -2.400e+01 -2.400e+01 -1.860e+01 -1.693e+01 -5.644e+00 -2.400e+01 -2.400e+01 -2.400e+01 -2.400e+01 -2.400e+01 -2.400e+01 -3.958e+00 -6.048e+00 -5.285e+00 -2.398e+01 -2.400e+01 -2.400e+01 -2.400e+01 -1.849e+01 -1.722e+01 -6.010e+00 -2.399e+01 -6.481e+00 -2.400e+01 -2.400e+01 -2.400e+01 -2.400e+01 -2.400e+01 -2.400e+01 -4.717e+00 -2.296e+01 -5.421e+00 -2.399e+01 -2.400e+01 -2.400e+01 -2.400e+01 -1.793e+01 -2.400e+01 -6.016e+00 -2.399e+01 -2.400e+01 -2.400e+01 -2.400e+01 -2.400e+01 -2.400e+01 -2.400e+01 -4.778e+00 -2.393e+01 -2.400e+01 -2.400e+01 -2.400e+01 -2.400e+01 -2.400e+01 -2.396e+01 -2.400e+01 -2.400e+01 -2.400e+01 -2.400e+01 -2.400e+01 -2.400e+01 -2.400e+01 -2.400e+01 -2.400e+01 -2.400e+01 -2.400e+01 -2.400e+01 -2.400e+01 -2.400e+01
-4.460 -5.536  9.911 14.375 0.007 0.036 1.000 -2.398e+01 -4.371e-01 -1.830e+01 -5.236e+00 -8.756e-01 -2.399e+01 -1.146e+01 -1.610e+01 -2.400e+01 -2.153e+01 -2.400e+01 -3.024e+00 -4.939e+00 -2.400e+01 -2.400e+01 -8.620e+00 -5.634e+00 -6.032e+00 -2.400e+01 -1.575e+01 -1.251e+01 -8.223e-01 -6.069e+00 -5.315e+00 -2.400e+01 -8.633e+00 -1.352e+01 -6.948e+00 -2.400e+01 -2.400e+01 -1.852e+01 -2.304e+01 -6.035e-01 -6.045e+00 -4.548e+00 -2.400e+01 -2.400e+01 -2.400e+01 -2.400e+01 -1.023e+01 -1.076e+01 -5.035e+00 -2.398e+01 -2.400e+01 -2.400e+01 -2.400e+01 -1.846e+01 -2.153e+01 -9.990e-01 -4.725e+00 -4.666e+00 -2.400e+01 -2.400e+01 -2.400e+01 -8.027e+00 -1.263e+01 -4.793e+00 -2.396e+01 -2.400e+01 -2.400e+01 -1.810e+01 -2.111e+01 -3.741e+00 -5.021e+00 -5.184e+00 -2.397e+01 -2.400e+01 -2.400e+01 -1.854e+01 -1.687e+01 -5.644e+00 -2.400e+01 -2.400e+01 -2.400e+01 -2.400e+01 -2.400e+01 -2.400e+01 -3.958e+00 -6.048e+00 -5.285e+00 -2.398e+01 -2.400e+01 -2.400e+01 -2.400e+01 -1.843e+01 -1.716e+01 -6.010e+00 -2.399e+01 -6.481e+00 -2.400e+01 -2.400e+01 -2.400e+01 -2.400e+01 -2.400e+01 -2.400e+01 -4.717e+00 -2.285e+01 -5.421e+00 -2.399e+01 -2.400e+01 -2.400e+01 -2.400e+01 -1.787e+01 -2.400e+01 -6.016e+00 -2.399e+01 -2.400e+01 -2.400e+01 -2.400e+01 -2.400e+01 -2.400e+01 -2.400e+01 -4.778e+00 -2.392e+01 -2.400e+01 -2.400e+01 -2.400e+01 -2.400e+01 -2.400e+01 -2.395e+01 -2.400e+01 -2.400e+01 -2.400e+01 -2.400e+01 -2.400e+01 -2.400e+01 -2.400e+01 -2.400e+01 -2.400e+01 -2.400e+01 -2.400e+01 -2.400e+01 -2.400e+01 -2.400e+01
-4.400 -5.400  9.972 14.376 0.007 0.035 1.000 -2.398e+01 -4.371e-01 -1.827e+01 -5.236e+00 -8.756e-01 -2.399e+01 -1.140e+01 -1.598e+01 -2.400e+01 -2.135e+01 -2.400e+01 -3.024e+00 -4.939e+00 -2.400e+01 -2.400e+01 -8.559e+00 -5.634e+00 -6.031e+00 -2.400e+01 -1.563e+01 -1.245e+01 -8.223e-01 -6.069e+00 -5.316e+00 -2.400e+01 -8.573e+00 -1.346e+01 -6.947e+00 -2.400e+01 -2.400e+01 -1.840e+01 -2.293e+01 -6.035e-01 -6.045e+00 -4.548e+00 -2.400e+01 -2.400e+01 -2.400e+01 -2.400e+01 -1.017e+01 -1.070e+01 -5.035e+00 -2.398e+01 -2.400e+01 -2.400e+01 -2.400e+01 -1.834e+01 -2.141e+01 -9.990e-01 -4.725e+00 -4.666e+00 -2.400e+01 -2.400e+01 -2.400e+01 -7.966e+00 -1.257e+01 -4.793e+00 -2.395e+01 -2.400e+01 -2.400e+01 -1.798e+01 -2.099e+01 -3.741e+00 -5.021e+00 -5.184e+00 -2.397e+01 -2.400e+01 -2.400e+01 -1.848e+01 -1.681e+01 -5.644e+00 -2.400e+01 -2.400e+01 -2.400e+01 -2.400e+01 -2.400e+01 -2.400e+01 -3.958e+00 -6.048e+00 -5.285e+00 -2.398e+01 -2.400e+01 -2.400e+01 -2.400e+01 -1.837e+01 -1.710e+01 -6.010e+00 -2.399e+01 -6.481e+00 -2.400e+01 -2.400e+01 -2.400e+01 -2.400e+01 -2.400e+01 -2.400e+01 -4.717e+00 -2.274e+01 -5.421e+00 -2.398e+01 -2.400e+01 -2.400e+01 -2.400e+01 -1.781e+01 -2.400e+01 -6.016e+00 -2.399e+01 -2.400e+01 -2.400e+01 -2.400e+01 -2.400e+01 -2.400e+01 -2.400e+01 -4.778e+00 -2.391e+01 -2.400e+01 -2.400e+01 -2.400e+01 -2.400e+01 -2.400e+01 -2.395e+01 -2.400e+01 -2.400e+01 -2.400e+01 -2.400e+01 -2.400e+01 -2.400e+01 -2.400e+01 -2.400e+01 -2.400e+01 -2.400e+01 -2.400e+01 -2.400e+01 -2.400e+01 -2.400e+01
-4.340 -5.416 10.033 14.376 0.007 0.033 1.000 -2.398e+01 -4.371e-01 -1.823e+01 -5.236e+00 -8.756e-01 -2.399e+01 -1.134e+01 -1.586e+01 -2.400e+01 -2.117e+01 -2.400e+01 -3.024e+00 -4.939e+00 -2.400e+01 -2.400e+01 -8.499e+00 -5.634e+00 -6.030e+00 -2.400e+01 -1.551e+01 -1.239e+01 -8.223e-01 -6.069e+00 -5.316e+00 -2.400e+01 -8.512e+00 -1.340e+01 -6.947e+00 -2.400e+01 -2.400e+01 -1.827e+01 -2.282e+01 -6.035e-01 -6.045e+00 -4.548e+00 -2.400e+01 -2.400e+01 -2.400e+01 -2.400e+01 -1.011e+01 -1.064e+01 -5.035e+00 -2.398e+01 -2.400e+01 -2.400e+01 -2.400e+01 -1.822e+01 -2.129e+01 -9.990e-01 -4.725e+00 -4.666e+00 -2.400e+01 -2.400e+01 -2.400e+01 -7.906e+00 -1.251e+01 -4.793e+00 -2.394e+01 -2.400e+01 -2.400e+01 -1.786e+01 -2.087e+01 -3.741e+00 -5.021e+00 -5.184e+00 -2.396e+01 -2.400e+01 -2.400e+01 -1.842e+01 -1.675e+01 -5.644e+00 -2.400e+01 -2.400e+01 -2.400e+01 -2.400e+01 -2.400e+01 -2.400e+01 -3.958e+00 -6.048e+00 -5.285e+00 -2.397e+01 -2.400e+01 -2.400e+01 -2.400e+01 -1.831e+01 -1.704e+01 -6.010e+00 -2.399e+01 -6.481e+00 -2.400e+01 -2.400e+01 -2.400e+01 -2.400e+01 -2.400e+01 -2.400e+01 -4.717e+00 -2.262e+01 -5.421e+00 -2.398e+01 -2.400e+01 -2.400e+01 -2.400e+01 -1.775e+01 -2.400e+01 -6.016e+00 -2.399e+01 -2.400e+01 -2.400e+01 -2.400e+01 -2.400e+01 -2.400e+01 -2.400e+01 -4.778e+00 -2.390e+01 -2.400e+01 -2.400e+01 -2.400e+01 -2.400e+01 -2.400e+01 -2.394e+01 -2.400e+01 -2.400e+01 -2.400e+01 -2.400e+01 -2.400e+01 -2.400e+01 -2.400e+01 -2.400e+01 -2.400e+01 -2.400e+01 -2.400e+01 -2.400e+01 -2.400e+01 -2.400e+01
-4.280 -5.280 10.093 14.377 0.007 0.033 1.000 -2.398e+01 -4.371e-01 -1.820e+01 -5.236e+00 -8.756e-01 -2.399e+01 -1.128e+01 -1.574e+01 -2.400e+01 -2.099e+01 -2.400e+01 -3.024e+00 -4.939e+00 -2.400e+01 -2.400e+01 -8.439e+00 -5.634e+00 -6.029e+00 -2.400e+01 -1.539e+01 -1.233e+01 -8.223e-01 -6.069e+00 -5.317e+00 -2.400e+01 -8.452e+00 -1.334e+01 -6.947e+00 -2.400e+01 -2.400e+01 -1.815e+01 -2.271e+01 -6.035e-01 -6.045e+00 -4.548e+00 -2.400e+01 -2.400e+01 -2.400e+01 -2.400e+01 -1.005e+01 -1.058e+01 -5.035e+00 -2.398e+01 -2.400e+01 -2.400e+01 -2.400e+01 -1.810e+01 -2.117e+01 -9.990e-01 -4.725e+00 -4.666e+00 -2.400e+01 -2.400e+01 -2.400e+01 -7.845e+00 -1.244e+01 -4.793e+00 -2.393e+01 -2.400e+01 -2.400e+01 -1.774e+01 -2.075e+01 -3.741e+00 -5.021e+00 -5.184e+00 -2.396e+01 -2.400e+01 -2.400e+01 -1.836e+01 -1.669e+01 -5.644e+00 -2.400e+01 -2.400e+01 -2.400e+01 -2.400e+01 -2.400e+01 -2.400e+01 -3.958e+00 -6.048e+00 -5.285e+00 -2.397e+01 -2.400e+01 -2.400e+01 -2.400e+01 -1.825e+01 -1.698e+01 -6.010e+00 -2.399e+01 -6.481e+00 -2.400e+01 -2.400e+01 -2.400e+01 -2.400e+01 -2.400e+01 -2.400e+01 -4.717e+00 -2.251e+01 -5.421e+00 -2.398e+01 -2.400e+01 -2.400e+01 -2.400e+01 -1.769e+01 -2.400e+01 -6.016e+00 -2.399e+01 -2.400e+01 -2.400e+01 -2.400e+01 -2.400e+01 -2.400e+01 -2.400e+01 -4.778e+00 -2.389e+01 -2.400e+01 -2.400e+01 -2.400e+01 -2.400e+01 -2.400e+01 -2.393e+01 -2.400e+01 -2.400e+01 -2.400e+01 -2.400e+01 -2.400e+01 -2.400e+01 -2.400e+01 -2.400e+01 -2.400e+01 -2.400e+01 -2.400e+01 -2.400e+01 -2.400e+01 -2.400e+01
-4.220 -5.296 10.154 14.378 0.007 0.033 1.000 -2.398e+01 -4.371e-01 -1.817e+01 -5.236e+00 -8.756e-01 -2.399e+01 -1.122e+01 -1.562e+01 -2.400e+01 -2.081e+01 -2.400e+01 -3.024e+00 -4.939e+00 -2.399e+01 -2.400e+01 -8.378e+00 -5.634e+00 -6.027e+00 -2.400e+01 -1.527e+01 -1.227e+01 -8.223e-01 -6.069e+00 -5.317e+00 -2.400e+01 -8.391e+00 -1.328e+01 -6.947e+00 -2.400e+01 -2.400e+01 -1.803e+01 -2.259e+01 -6.035e-01 -6.045e+00 -4.548e+00 -2.400e+01 -2.400e+01 -2.400e+01 -2.400e+01 -9.991e+00 -1.052e+01 -5.035e+00 -2.397e+01 -2.400e+01 -2.400e+01 -2.400e+01 -1.797e+01 -2.105e+01 -9.990e-01 -4.725e+00 -4.666e+00 -2.400e+01 -2.400e+01 -2.400e+01 -7.784e+00 -1.238e+01 -4.793e+00 -2.393e+01 -2.400e+01 -2.400e+01 -1.762e+01 -2.063e+01 -3.741e+00 -5.021e+00 -5.184e+00 -2.395e+01 -2.400e+01 -2.400e+01 -1.830e+01 -1.663e+01 -5.644e+00 -2.399e+01 -2.400e+01 -2.400e+01 -2.400e+01 -2.400e+01 -2.400e+01 -3.958e+00 -6.048e+00 -5.285e+00 -2.397e+01 -2.400e+01 -2.400e+01 -2.400e+01 -1.819e+01 -1.692e+01 -6.010e+00 -2.399e+01 -6.481e+00 -2.400e+01 -2.400e+01 -2.400e+01 -2.400e+01 -2.400e+01 -2.400e+01 -4.717e+00 -2.239e+01 -5.421e+00 -2.398e+01 -2.400e+01 -2.400e+01 -2.400e+01 -1.763e+01 -2.400e+01 -6.016e+00 -2.399e+01 -2.400e+01 -2.400e+01 -2.400e+01 -2.400e+01 -2.400e+01 -2.400e+01 -4.778e+00 -2.388e+01 -2.400e+01 -2.400e+01 -2.400e+01 -2.400e+01 -2.400e+01 -2.392e+01 -2.400e+01 -2.400e+01 -2.400e+01 -2.400e+01 -2.400e+01 -2.400e+01 -2.400e+01 -2.400e+01 -2.400e+01 -2.400e+01 -2.400e+01 -2.400e+01 -2.400e+01 -2.400e+01
-4.160 -5.160 10.214 14.378 0.007 0.035 1.000 -2.398e+01 -4.371e-01 -1.814e+01 -5.236e+00 -8.756e-01 -2.399e+01 -1.116e+01 -1.550e+01 -2.400e+01 -2.063e+01 -2.400e+01 -3.024e+00 -4.939e+00 -2.399e+01 -2.400e+01 -8.318e+00 -5.634e+00 -6.026e+00 -2.400e+01 -1.515e+01 -1.221e+01 -8.223e-01 -6.069e+00 -5.318e+00 -2.400e+01 -8.331e+00 -1.322e+01 -6.947e+00 -2.400e+01 -2.400e+01 -1.791e+01 -2.248e+01 -6.035e-01 -6.045e+00 -4.548e+00 -2.400e+01 -2.400e+01 -2.400e+01 -2.400e+01 -9.931e+00 -1.046e+01 -5.035e+00 -2.397e+01 -2.400e+01 -2.400e+01 -2.400e+01 -1.785e+01 -2.092e+01 -9.990e-01 -4.725e+00 -4.666e+00 -2.400e+01 -2.400e+01 -2.400e+01 -7.723e+00 -1.232e+01 -4.793e+00 -2.392e+01 -2.400e+01 -2.400e+01 -1.750e+01 -2.051e+01 -3.741e+00 -5.021e+00 -5.184e+00 -2.394e+01 -2.400e+01 -2.400e+01 -1.824e+01 -1.657e+01 -5.644e+00 -2.399e+01 -2.400e+01 -2.400e+01 -2.400e+01 -2.400e+01 -2.400e+01 -3.958e+00 -6.048e+00 -5.285e+00 -2.396e+01 -2.400e+01 -2.400e+01 -2.400e+01 -1.813e+01 -1.686e+01 -6.010e+00 -2.399e+01 -6.481e+00 -2.400e+01 -2.400e+01 -2.400e+01 -2.400e+01 -2.400e+01 -2.400e+01 -4.717e+00 -2.227e+01 -5.421e+00 -2.397e+01 -2.400e+01 -2.400e+01 -2.400e+01 -1.756e+01 -2.400e+01 -6.016e+00 -2.398e+01 -2.400e+01 -2.400e+01 -2.400e+01 -2.400e+01 -2.400e+01 -2.400e+01 -4.778e+00 -2.386e+01 -2.400e+01 -2.400e+01 -2.400e+01 -2.400e+01 -2.400e+01 -2.391e+01 -2.400e+01 -2.400e+01 -2.400e+01 -2.400e+01 -2.400e+01 -2.400e+01 -2.400e+01 -2.400e+01 -2.400e+01 -2.400e+01 -2.400e+01 -2.400e+01 -2.400e+01 -2.400e+01
-4.100 -5.176 10.275 14.379 0.007 0.035 1.000 -2.398e+01 -4.371e-01 -1.812e+01 -5.236e+00 -8.756e-01 -2.399e+01 -1.110e+01 -1.538e+01 -2.400e+01 -2.045e+01 -2.399e+01 -3.024e+00 -4.939e+00 -2.399e+01 -2.400e+01 -8.258e+00 -5.634e+00 -6.024e+00 -2.400e+01 -1.503e+01 -1.215e+01 -8.223e-01 -6.069e+00 -5.318e+00 -2.400e+01 -8.271e+00 -1.316e+01 -6.947e+00 -2.400e+01 -2.400e+01 -1.779e+01 -2.236e+01 -6.035e-01 -6.045e+00 -4.548e+00 -2.400e+01 -2.400e+01 -2.400e+01 -2.400e+01 -9.870e+00 -1.040e+01 -5.035e+00 -2.396e+01 -2.400e+01 -2.400e+01 -2.400e+01 -1.773e+01 -2.080e+01 -9.990e-01 -4.725e+00 -4.666e+00 -2.400e+01 -2.400e+01 -2.400e+01 -7.662e+00 -1.226e+01 -4.793e+00 -2.390e+01 -2.400e+01 -2.400e+01 -1.737e+01 -2.039e+01 -3.741e+00 -5.021e+00 -5.184e+00 -2.393e+01 -2.400e+01 -2.400e+01 -1.818e+01 -1.651e+01 -5.644e+00 -2.399e+01 -2.400e+01 -2.400e+01 -2.400e+01 -2.400e+01 -2.400e+01 -3.958e+00 -6.048e+00 -5.285e+00 -2.396e+01 -2.400e+01 -2.400e+01 -2.400e+01 -1.807e+01 -1.680e+01 -6.010e+00 -2.398e+01 -6.481e+00 -2.400e+01 -2.400e+01 -2.400e+01 -2.400e+01 -2.400e+01 -2.400e+01 -4.717e+00 -2.215e+01 -5.421e+00 -2.397e+01 -2.400e+01 -2.400e+01 -2.400e+01 -1.750e+01 -2.400e+01 -6.016e+00 -2.398e+01 -2.400e+01 -2.400e+01 -2.400e+01 -2.400e+01 -2.400e+01 -2.400e+01 -4.778e+00 -2.384e+01 -2.400e+01 -2.400e+01 -2.400e+01 -2.400e+01 -2.400e+01 -2.390e+01 -2.400e+01 -2.400e+01 -2.400e+01 -2.400e+01 -2.400e+01 -2.400e+01 -2.400e+01 -2.400e+01 -2.400e+01 -2.400e+01 -2.400e+01 -2.400e+01 -2.400e+01 -2.400e+01
-4.040 -5.040 10.335 14.379 0.007 0.033 1.000 -2.398e+01 -4.371e-01 -1.810e+01 -5.236e+00 -8.756e-01 -2.398e+01 -1.104e+01 -1.526e+01 -2.400e+01 -2.027e+01 -2.399e+01 -3.024e+00 -4.939e+00 -2.399e+01 -2.400e+01 -8.197e+00 -5.634e+00 -6.021e+00 -2.400e+01 -1.491e+01 -1.209e+01 -8.223e-01 -6.069e+00 -5.319e+00 -2.400e+01 -8.210e+00 -1.310e+01 -6.946e+00 -2.400e+01 -2.400e+01 -1.767e+01 -2.224e+01 -6.035e-01 -6.045e+00 -4.548e+00 -2.400e+01 -2.400e+01 -2.400e+01 -2.400e+01 -9.810e+00 -1.034e+01 -5.035e+00 -2.396e+01 -2.400e+01 -2.400e+01 -2.400e+01 -1.761e+01 -2.068e+01 -9.990e-01 -4.725e+00 -4.666e+00 -2.400e+01 -2.400e+01 -2.400e+01 -7.601e+00 -1.220e+01 -4.793e+00 -2.389e+01 -2.400e+01 -2.400e+01 -1.725e+01 -2.027e+01 -3.741e+00 -5.021e+00 -5.184e+00 -2.392e+01 -2.400e+01 -2.400e+01 -1.811e+01 -1.644e+01 -5.644e+00 -2.399e+01 -2.400e+01 -2.400e+01 -2.400e+01 -2.400e+01 -2.400e+01 -3.958e+00 -6.048e+00 -5.285e+00 -2.395e+01 -2.400e+01 -2.400e+01 -2.400e+01 -1.800e+01 -1.674e+01 -6.010e+00 -2.398e+01 -6.481e+00 -2.400e+01 -2.400e+01 -2.400e+01 -2.400e+01 -2.400e+01 -2.400e+01 -4.717e+00 -2.203e+01 -5.421e+00 -2.396e+01 -2.400e+01 -2.400e+01 -2.400e+01 -1.744e+01 -2.400e+01 -6.016e+00 -2.398e+01 -2.400e+01 -2.400e+01 -2.400e+01 -2.400e+01 -2.400e+01 -2.400e+01 -4.778e+00 -2.382e+01 -2.400e+01 -2.400e+01 -2.400e+01 -2.400e+01 -2.400e+01 -2.389e+01 -2.400e+01 -2.400e+01 -2.400e+01 -2.400e+01 -2.400e+01 -2.400e+01 -2.400e+01 -2.400e+01 -2.400e+01 -2.400e+01 -2.400e+01 -2.400e+01 -2.400e+01 -2.400e+01
-3.980 -5.056 10.396 14.380 0.007 0.035 1.000 -2.398e+01 -4.371e-01 -1.809e+01 -5.236e+00 -8.756e-01 -2.398e+01 -1.098e+01 -1.514e+01 -2.400e+01 -2.009e+01 -2.399e+01 -3.024e+00 -4.939e+00 -2.399e+01 -2.400e+01 -8.137e+00 -5.634e+00 -6.019e+00 -2.400e+01 -1.479e+01 -1.203e+01 -8.223e-01 -6.069e+00 -5.320e+00 -2.400e+01 -8.150e+00 -1.304e+01 -6.946e+00 -2.400e+01 -2.400e+01 -1.755e+01 -2.212e+01 -6.035e-01 -6.045e+00 -4.548e+00 -2.400e+01 -2.400e+01 -2.400e+01 -2.400e+01 -9.750e+00 -1.028e+01 -5.035e+00 -2.395e+01 -2.400e+01 -2.400e+01 -2.400e+01 -1.749e+01 -2.056e+01 -9.990e-01 -4.725e+00 -4.666e+00 -2.400e+01 -2.400e+01 -2.400e+01 -7.540e+00 -1.214e+01 -4.793e+00 -2.388e+01 -2.400e+01 -2.400e+01 -1.713e+01 -2.015e+01 -3.741e+00 -5.021e+00 -5.184e+00 -2.391e+01 -2.400e+01 -2.400e+01 -1.805e+01 -1.638e+01 -5.644e+00 -2.399e+01 -2.400e+01 -2.400e+01 -2.400e+01 -2.400e+01 -2.400e+01 -3.958e+00 -6.048e+00 -5.285e+00 -2.394e+01 -2.400e+01 -2.400e+01 -2.400e+01 -1.794e+01 -1.668e+01 -6.010e+00 -2.398e+01 -6.481e+00 -2.400e+01 -2.400e+01 -2.400e+01 -2.400e+01 -2.400e+01 -2.400e+01 -4.717e+00 -2.191e+01 -5.421e+00 -2.396e+01 -2.400e+01 -2.400e+01 -2.400e+01 -1.738e+01 -2.400e+01 -6.016e+00 -2.397e+01 -2.400e+01 -2.400e+01 -2.400e+01 -2.400e+01 -2.400e+01 -2.400e+01 -4.778e+00 -2.380e+01 -2.400e+01 -2.400e+01 -2.400e+01 -2.400e+01 -2.400e+01 -2.387e+01 -2.400e+01 -2.400e+01 -2.400e+01 -2.400e+01 -2.400e+01 -2.400e+01 -2.400e+01 -2.400e+01 -2.400e+01 -2.400e+01 -2.400e+01 -2.400e+01 -2.400e+01 -2.400e+01
-3.920 -4.920 10.456 14.380 0.007 0.035 1.000 -2.398e+01 -4.371e-01 -1.808e+01 -5.236e+00 -8.756e-01 -2.398e+01 -1.092e+01 -1.502e+01 -2.400e+01 -1.991e+01 -2.399e+01 -3.024e+00 -4.939e+00 -2.399e+01 -2.400e+01 -8.077e+00 -5.634e+00 -6.016e+00 -2.400e+01 -1.466e+01 -1.197e+01 -8.223e-01 -6.069e+00 -5.321e+00 -2.400e+01 -8.089e+00 -1.298e+01 -6.946e+00 -2.400e+01 -2.400e+01 -1.743e+01 -2.200e+01 -6.035e-01 -6.045e+00 -4.548e+00 -2.400e+01 -2.400e+01 -2.400e+01 -2.400e+01 -9.689e+00 -1.022e+01 -5.035e+00 -2.395e+01 -2.400e+01 -2.400e+01 -2.400e+01 -1.737e+01 -2.044e+01 -9.990e-01 -4.725e+00 -4.666e+00 -2.400e+01 -2.400e+01 -2.400e+01 -7.480e+00 -1.208e+01 -4.793e+00 -2.386e+01 -2.400e+01 -2.400e+01 -1.701e+01 -2.003e+01 -3.741e+00 -5.021e+00 -5.184e+00 -2.390e+01 -2.400e+01 -2.400e+01 -1.799e+01 -1.632e+01 -5.644e+00 -2.399e+01 -2.400e+01 -2.400e+01 -2.400e+01 -2.400e+01 -2.400e+01 -3.958e+00 -6.048e+00 -5.285e+00 -2.393e+01 -2.400e+01 -2.400e+01 -2.400e+01 -1.788e+01 -1.661e+01 -6.010e+00 -2.398e+01 -6.481e+00 -2.400e+01 -2.400e+01 -2.400e+01 -2.400e+01 -2.400e+01 -2.400e+01 -4.717e+00 -2.179e+01 -5.421e+00 -2.395e+01 -2.400e+01 -2.400e+01 -2.400e+01 -1.732e+01 -2.400e+01 -6.016e+00 -2.397e+01 -2.400e+01 -2.400e+01 -2.400e+01 -2.400e+01 -2.400e+01 -2.400e+01 -4.778e+00 -2.378e+01 -2.400e+01 -2.400e+01 -2.400e+01 -2.400e+01 -2.400e+01 -2.385e+01 -2.400e+01 -2.400e+01 -2.400e+01 -2.400e+01 -2.400e+01 -2.400e+01 -2.400e+01 -2.400e+01 -2.400e+01 -2.400e+01 -2.400e+01 -2.400e+01 -2.400e+01 -2.400e+01
-3.860 -4.936 10.517 14.381 0.007 0.035 1.000 -2.398e+01 -4.371e-01 -1.807e+01 -5.236e+00 -8.756e-01 -2.397e+01 -1.086e+01 -1.490e+01 -2.400e+01 -1.973e+01 -2.398e+01 -3.024e+00 -4.939e+00 -2.399e+01 -2.400e+01 -8.016e+00 -5.634e+00 -6.012e+00 -2.400e+01 -1.454e+01 -1.190e+01 -8.223e-01 -6.069e+00 -5.322e+00 -2.400e+01 -8.029e+00 -1.292e+01 -6.945e+00 -2.400e+01 -2.400e+01 -1.731e+01 -2.188e+01 -6.035e-01 -6.045e+00 -4.548e+00 -2.400e+01 -2.400e+01 -2.400e+01 -2.400e+01 -9.629e+00 -1.016e+01 -5.035e+00 -2.394e+01 -2.400e+01 -2.400e+01 -2.400e+01 -1.725e+01 -2.032e+01 -9.990e-01 -4.725e+00 -4.666e+00 -2.399e+01 -2.400e+01 -2.400e+01 -7.419e+00 -1.202e+01 -4.793e+00 -2.384e+01 -2.400e+01 -2.400e+01 -1.689e+01 -1.991e+01 -3.741e+00 -5.021e+00 -5.184e+00 -2.389e+01 -2.400e+01 -2.400e+01 -1.793e+01 -1.626e+01 -5.644e+00 -2.399e+01 -2.400e+01 -2.400e+01 -2.400e+01 -2.400e+01 -2.400e+01 -3.958e+00 -6.048e+00 -5.285e+00 -2.392e+01 -2.400e+01 -2.400e+01 -2.400e+01 -1.782e+01 -1.655e+01 -6.010e+00 -2.397e+01 -6.481e+00 -2.400e+01 -2.400e+01 -2.400e+01 -2.400e+01 -2.400e+01 -2.400e+01 -4.717e+00 -2.167e+01 -5.421e+00 -2.395e+01 -2.400e+01 -2.400e+01 -2.400e+01 -1.726e+01 -2.400e+01 -6.016e+00 -2.397e+01 -2.400e+01 -2.400e+01 -2.400e+01 -2.400e+01 -2.400e+01 -2.400e+01 -4.778e+00 -2.375e+01 -2.400e+01 -2.400e+01 -2.400e+01 -2.400e+01 -2.400e+01 -2.384e+01 -2.400e+01 -2.400e+01 -2.400e+01 -2.400e+01 -2.400e+01 -2.400e+01 -2.400e+01 -2.400e+01 -2.400e+01 -2.400e+01 -2.400e+01 -2.400e+01 -2.400e+01 -2.400e+01
-3.800 -4.800 10.577 14.381 0.007 0.036 1.000 -2.398e+01 -4.371e-01 -1.806e+01 -5.236e+00 -8.756e-01 -2.397e+01 -1.080e+01 -1.478e+01 -2.400e+01 -1.955e+01 -2.398e+01 -3.024e+00 -4.939e+00 -2.399e+01 -2.400e+01 -7.956e+00 -5.634e+00 -6.009e+00 -2.400e+01 -1.442e+01 -1.184e+01 -8.223e-01 -6.069e+00 -5.323e+00 -2.400e+01 -7.969e+00 -1.286e+01 -6.945e+00 -2.400e+01 -2.400e+01 -1.719e+01 -2.176e+01 -6.035e-01 -6.045e+00 -4.548e+00 -2.400e+01 -2.400e+01 -2.400e+01 -2.400e+01 -9.568e+00 -1.009e+01 -5.035e+00 -2.393e+01 -2.400e+01 -2.400e+01 -2.400e+01 -1.713e+01 -2.020e+01 -9.990e-01 -4.725e+00 -4.666e+00 -2.399e+01 -2.400e+01 -2.400e+01 -7.358e+00 -1.196e+01 -4.793e+00 -2.383e+01 -2.400e+01 -2.400e+01 -1.677e+01 -1.979e+01 -3.741e+00 -5.021e+00 -5.184e+00 -2.388e+01 -2.400e+01 -2.400e+01 -1.787e+01 -1.620e+01 -5.644e+00 -2.399e+01 -2.400e+01 -2.400e+01 -2.400e+01 -2.400e+01 -2.400e+01 -3.958e+00 -6.048e+00 -5.285e+00 -2.391e+01 -2.400e+01 -2.400e+01 -2.400e+01 -1.776e+01 -1.649e+01 -6.010e+00 -2.397e+01 -6.481e+00 -2.400e+01 -2.400e+01 -2.400e+01 -2.400e+01 -2.400e+01 -2.400e+01 -4.717e+00 -2.155e+01 -5.421e+00 -2.394e+01 -2.400e+01 -2.400e+01 -2.400e+01 -1.720e+01 -2.400e+01 -6.016e+00 -2.396e+01 -2.400e+01 -2.400e+01 -2.400e+01 -2.400e+01 -2.400e+01 -2.400e+01 -4.778e+00 -2.372e+01 -2.400e+01 -2.400e+01 -2.400e+01 -2.400e+01 -2.400e+01 -2.382e+01 -2.400e+01 -2.400e+01 -2.400e+01 -2.400e+01 -2.400e+01 -2.400e+01 -2.400e+01 -2.400e+01 -2.400e+01 -2.400e+01 -2.400e+01 -2.400e+01 -2.400e+01 -2.400e+01
-3.740 -4.816 10.638 14.381 0.007 0.035 1.000 -2.398e+01 -4.371e-01 -1.806e+01 -5.236e+00 -8.756e-01 -2.397e+01 -1.074e+01 -1.466e+01 -2.400e+01 -1.936e+01 -2.397e+01 -3.024e+00 -4.939e+00 -2.398e+01 -2.400e+01 -7.896e+00 -5.634e+00 -6.005e+00 -2.400e+01 -1.430e+01 -1.178e+01 -8.223e-01 -6.069e+00 -5.325e+00 -2.400e+01 -7.908e+00 -1.280e+01 -6.944e+00 -2.400e+01 -2.400e+01 -1.707e+01 -2.164e+01 -6.035e-01 -6.045e+00 -4.548e+00 -2.400e+01 -2.400e+01 -2.400e+01 -2.400e+01 -9.508e+00 -1.003e+01 -5.035e+00 -2.392e+01 -2.400e+01 -2.400e+01 -2.400e+01 -1.700e+01 -2.007e+01 -9.990e-01 -4.725e+00 -4.666e+00 -2.399e+01 -2.400e+01 -2.400e+01 -7.297e+00 -1.190e+01 -4.793e+00 -2.380e+01 -2.400e+01 -2.400e+01 -1.664e+01 -1.966e+01 -3.741e+00 -5.021e+00 -5.184e+00 -2.386e+01 -2.400e+01 -2.400e+01 -1.781e+01 -1.614e+01 -5.644e+00 -2.398e+01 -2.400e+01 -2.400e+01 -2.400e+01 -2.400e+01 -2.400e+01 -3.958e+00 -6.048e+00 -5.285e+00 -2.390e+01 -2.400e+01 -2.400e+01 -2.400e+01 -1.770e+01 -1.643e+01 -6.010e+00 -2.396e+01 -6.481e+00 -2.400e+01 -2.400e+01 -2.400e+01 -2.400e+01 -2.400e+01 -2.400e+01 -4.717e+00 -2.143e+01 -5.421e+00 -2.393e+01 -2.400e+01 -2.400e+01 -2.400e+01 -1.714e+01 -2.400e+01 -6.016e+00 -2.396e+01 -2.400e+01 -2.400e+01 -2.400e+01 -2.400e+01 -2.400e+01 -2.400e+01 -4.778e+00 -2.369e+01 -2.400e+01 -2.400e+01 -2.400e+01 -2.400e+01 -2.400e+01 -2.379e+01 -2.400e+01 -2.400e+01 -2.400e+01 -2.400e+01 -2.400e+01 -2.400e+01 -2.400e+01 -2.400e+01 -2.400e+01 -2.400e+01 -2.400e+01 -2.400e+01 -2.400e+01 -2.400e+01
-3.680 -4.680 10.698 14.382 0.007 0.036 1.000 -2.398e+01 -4.371e-01 -1.806e+01 -5.236e+00 -8.756e-01 -2.396e+01 -1.068e+01 -1.454e+01 -2.400e+01 -1.918e+01 -2.396e+01 -3.024e+00 -4.939e+00 -2.398e+01 -2.400e+01 -7.835e+00 -5.634e+00 -6.000e+00 -2.400e+01 -1.418e+01 -1.172e+01 -8.223e-01 -6.069e+00 -5.326e+00 -2.400e+01 -7.848e+00 -1.274e+01 -6.944e+00 -2.400e+01 -2.400e+01 -1.694e+01 -2.152e+01 -6.035e-01 -6.045e+00 -4.548e+00 -2.400e+01 -2.400e+01 -2.400e+01 -2.400e+01 -9.447e+00 -9.974e+00 -5.035e+00 -2.391e+01 -2.400e+01 -2.400e+01 -2.400e+01 -1.688e+01 -1.995e+01 -9.990e-01 -4.725e+00 -4.666e+00 -2.399e+01 -2.400e+01 -2.400e+01 -7.236e+00 -1.184e+01 -4.793e+00 -2.378e+01 -2.400e+01 -2.400e+01 -1.652e+01 -1.954e+01 -3.741e+00 -5.021e+00 -5.184e+00 -2.384e+01 -2.400e+01 -2.400e+01 -1.775e+01 -1.608e+01 -5.644e+00 -2.398e+01 -2.400e+01 -2.400e+01 -2.400e+01 -2.400e+01 -2.400e+01 -3.958e+00 -6.048e+00 -5.285e+00 -2.389e+01 -2.400e+01 -2.400e+01 -2.400e+01 -1.764e+01 -1.637e+01 -6.010e+00 -2.396e+01 -6.481e+00 -2.400e+01 -2.400e+01 -2.400e+01 -2.400e+01 -2.400e+01 -2.400e+01 -4.717e+00 -2.131e+01 -5.421e+00 -2.392e+01 -2.400e+01 -2.400e+01 -2.400e+01 -1.707e+01 -2.400e+01 -6.016e+00 -2.395e+01 -2.400e+01 -2.400e+01 -2.400e+01 -2.400e+01 -2.400e+01 -2.400e+01 -4.778e+00 -2.366e+01 -2.400e+01 -2.400e+01 -2.400e+01 -2.400e+01 -2.400e+01 -2.377e+01 -2.400e+01 -2.400e+01 -2.400e+01 -2.400e+01 -2.400e+01 -2.400e+01 -2.400e+01 -2.400e+01 -2.400e+01 -2.400e+01 -2.400e+01 -2.400e+01 -2.400e+01 -2.400e+01
-3.620 -4.696 10.759 14.382 0.007 0.035 1.000 -2.398e+01 -4.371e-01 -1.806e+01 -5.236e+00 -8.756e-01 -2.396e+01 -1.062e+01 -1.442e+01 -2.400e+01 -1.900e+01 -2.395e+01 -3.024e+00 -4.939e+00 -2.398e+01 -2.400e+01 -7.775e+00 -5.634e+00 -5.994e+00 -2.400e+01 -1.406e+01 -1.166e+01 -8.223e-01 -6.069e+00 -5.328e+00 -2.400e+01 -7.787e+00 -1.267e+01 -6.943e+00 -2.400e+01 -2.400e+01 -1.682e+01 -2.140e+01 -6.035e-01 -6.045e+00 -4.548e+00 -2.400e+01 -2.400e+01 -2.400e+01 -2.400e+01 -9.387e+00 -9.914e+00 -5.035e+00 -2.390e+01 -2.400e+01 -2.400e+01 -2.400e+01 -1.676e+01 -1.983e+01 -9.990e-01 -4.725e+00 -4.666e+00 -2.399e+01 -2.400e+01 -2.400e+01 -7.175e+00 -1.178e+01 -4.793e+00 -2.376e+01 -2.400e+01 -2.400e+01 -1.640e+01 -1.942e+01 -3.741e+00 -5.021e+00 -5.184e+00 -2.382e+01 -2.400e+01 -2.400e+01 -1.769e+01 -1.602e+01 -5.644e+00 -2.398e+01 -2.400e+01 -2.400e+01 -2.400e+01 -2.400e+01 -2.399e+01 -3.958e+00 -6.048e+00 -5.285e+00 -2.388e+01 -2.400e+01 -2.400e+01 -2.400e+01 -1.758e+01 -1.631e+01 -6.010e+00 -2.395e+01 -6.481e+00 -2.400e+01 -2.400e+01 -2.400e+01 -2.400e+01 -2.400e+01 -2.400e+01 -4.717e+00 -2.119e+01 -5.421e+00 -2.391e+01 -2.400e+01 -2.400e+01 -2.400e+01 -1.701e+01 -2.400e+01 -6.016e+00 -2.394e+01 -2.400e+01 -2.400e+01 -2.400e+01 -2.400e+01 -2.400e+01 -2.400e+01 -4.778e+00 -2.363e+01 -2.400e+01 -2.400e+01 -2.400e+01 -2.400e+01 -2.400e+01 -2.374e+01 -2.400e+01 -2.400e+01 -2.400e+01 -2.400e+01 -2.400e+01 -2.400e+01 -2.400e+01 -2.400e+01 -2.400e+01 -2.400e+01 -2.400e+01 -2.400e+01 -2.400e+01 -2.400e+01
-3.560 -4.560 10.819 14.383 0.015 0.035 1.000 -2.398e+01 -4.371e-01 -1.806e+01 -5.236e+00 -8.756e-01 -2.395e+01 -1.056e+01 -1.429e+01 -2.400e+01 -1.882e+01 -2.394e+01 -3.024e+00 -4.939e+00 -2.397e+01 -2.400e+01 -7.715e+00 -5.634e+00 -5.988e+00 -2.400e+01 -1.394e+01 -1.160e+01 -8.223e-01 -6.069e+00 -5.331e+00 -2.400e+01 -7.727e+00 -1.261e+01 -6.942e+00 -2.400e+01 -2.400e+01 -1.670e+01 -2.128e+01 -6.035e-01 -6.045e+00 -4.548e+00 -2.400e+01 -2.400e+01 -2.400e+01 -2.400e+01 -9.326e+00 -9.853e+00 -5.035e+00 -2.388e+01 -2.400e+01 -2.400e+01 -2.400e+01 -1.664e+01 -1.971e+01 -9.990e-01 -4.725e+00 -4.666e+00 -2.399e+01 -2.400e+01 -2.400e+01 -7.115e+00 -1.172e+01 -4.793e+00 -2.373e+01 -2.400e+01 -2.400e+01 -1.628e+01 -1.930e+01 -3.741e+00 -5.021e+00 -5.184e+00 -2.380e+01 -2.400e+01 -2.400e+01 -1.762e+01 -1.596e+01 -5.644e+00 -2.398e+01 -2.400e+01 -2.400e+01 -2.400e+01 -2.400e+01 -2.399e+01 -3.958e+00 -6.048e+00 -5.285e+00 -2.386e+01 -2.400e+01 -2.400e+01 -2.400e+01 -1.752e+01 -1.625e+01 -6.010e+00 -2.394e+01 -6.481e+00 -2.400e+01 -2.400e+01 -2.400e+01 -2.400e+01 -2.400e+01 -2.400e+01 -4.717e+00 -2.107e+01 -5.421e+00 -2.390e+01 -2.400e+01 -2.400e+01 -2.400e+01 -1.695e+01 -2.400e+01 -6.016e+00 -2.394e+01 -2.400e+01 -2.400e+01 -2.400e+01 -2.400e+01 -2.400e+01 -2.400e+01 -4.778e+00 -2.359e+01 -2.400e+01 -2.400e+01 -2.400e+01 -2.400e+01 -2.400e+01 -2.372e+01 -2.400e+01 -2.400e+01 -2.400e+01 -2.400e+01 -2.400e+01 -2.400e+01 -2.400e+01 -2.400e+01 -2.400e+01 -2.400e+01 -2.400e+01 -2.400e+01 -2.400e+01 -2.400e+01
-3.500 -4.576 10.880 14.383 0.007 0.036 1.000 -2.398e+01 -4.371e-01 -1.805e+01 -5.236e+00 -8.756e-01 -2.394e+01 -1.050e+01 -1.417e+01 -2.400e+01 -1.864e+01 -2.392e+01 -3.024e+00 -4.939e+00 -2.397e+01 -2.400e+01 -7.654e+00 -5.634e+00 -5.982e+00 -2.400e+01 -1.382e+01 -1.154e+01 -8.223e-01 -6.069e+00 -5.333e+00 -2.400e+01 -7.667e+00 -1.255e+01 -6.942e+00 -2.400e+01 -2.400e+01 -1.658e+01 -2.116e+01 -6.035e-01 -6.045e+00 -4.548e+00 -2.400e+01 -2.400e+01 -2.400e+01 -2.400e+01 -9.266e+00 -9.793e+00 -5.035e+00 -2.387e+01 -2.400e+01 -2.400e+01 -2.400e+01 -1.652e+01 -1.959e+01 -9.990e-01 -4.725e+00 -4.666e+00 -2.399e+01 -2.400e+01 -2.400e+01 -7.054e+00 -1.166e+01 -4.793e+00 -2.370e+01 -2.400e+01 -2.400e+01 -1.616e+01 -1.918e+01 -3.741e+00 -5.021e+00 -5.184e+00 -2.378e+01 -2.400e+01 -2.400e+01 -1.756e+01 -1.589e+01 -5.644e+00 -2.397e+01 -2.400e+01 -2.400e+01 -2.400e+01 -2.400e+01 -2.399e+01 -3.958e+00 -6.048e+00 -5.285e+00 -2.384e+01 -2.400e+01 -2.400e+01 -2.400e+01 -1.746e+01 -1.619e+01 -6.010e+00 -2.394e+01 -6.481e+00 -2.400e+01 -2.400e+01 -2.400e+01 -2.400e+01 -2.400e+01 -2.400e+01 -4.717e+00 -2.095e+01 -5.421e+00 -2.389e+01 -2.400e+01 -2.400e+01 -2.400e+01 -1.689e+01 -2.400e+01 -6.016e+00 -2.393e+01 -2.400e+01 -2.400e+01 -2.400e+01 -2.400e+01 -2.400e+01 -2.400e+01 -4.778e+00 -2.355e+01 -2.400e+01 -2.400e+01 -2.400e+01 -2.400e+01 -2.400e+01 -2.369e+01 -2.400e+01 -2.400e+01 -2.400e+01 -2.400e+01 -2.400e+01 -2.400e+01 -2.400e+01 -2.400e+01 -2.400e+01 -2.400e+01 -2.400e+01 -2.400e+01 -2.400e+01 -2.400e+01
-3.440 -4.440 10.940 14.383 0.015 0.035 1.000 -2.398e+01 -4.371e-01 -1.805e+01 -5.236e+00 -8.756e-01 -2.393e+01 -1.044e+01 -1.405e+01 -2.400e+01 -1.846e+01 -2.389e+01 -3.024e+00 -4.939e+00 -2.397e+01 -2.400e+01 -7.594e+00 -5.634e+00 -5.974e+00 -2.400e+01 -1.370e+01 -1.148e+01 -8.223e-01 -6.069e+00 -5.336e+00 -2.400e+01 -7.606e+00 -1.249e+01 -6.941e+00 -2.399e+01 -2.400e+01 -1.646e+01 -2.104e+01 -6.035e-01 -6.045e+00 -4.548e+00 -2.400e+01 -2.400e+01 -2.400e+01 -2.400e+01 -9.206e+00 -9.733e+00 -5.035e+00 -2.385e+01 -2.400e+01 -2.400e+01 -2.400e+01 -1.640e+01 -1.947e+01 -9.990e-01 -4.725e+00 -4.666e+00 -2.399e+01 -2.400e+01 -2.400e+01 -6.993e+00 -1.160e+01 -4.793e+00 -2.367e+01 -2.400e+01 -2.400e+01 -1.604e+01 -1.906e+01 -3.741e+00 -5.021e+00 -5.184e+00 -2.375e+01 -2.400e+01 -2.400e+01 -1.750e+01 -1.583e+01 -5.644e+00 -2.397e+01 -2.400e+01 -2.400e+01 -2.400e+01 -2.400e+01 -2.399e+01 -3.958e+00 -6.048e+00 -5.285e+00 -2.382e+01 -2.400e+01 -2.400e+01 -2.400e+01 -1.740e+01 -1.613e+01 -6.010e+00 -2.393e+01 -6.481e+00 -2.399e+01 -2.400e+01 -2.400e+01 -2.400e+01 -2.400e+01 -2.400e+01 -4.717e+00 -2.083e+01 -5.421e+00 -2.387e+01 -2.400e+01 -2.400e+01 -2.400e+01 -1.683e+01 -2.400e+01 -6.016e+00 -2.392e+01 -2.400e+01 -2.400e+01 -2.400e+01 -2.400e+01 -2.400e+01 -2.400e+01 -4.778e+00 -2.351e+01 -2.400e+01 -2.400e+01 -2.400e+01 -2.400e+01 -2.400e+01 -2.365e+01 -2.400e+01 -2.400e+01 -2.400e+01 -2.400e+01 -2.400e+01 -2.400e+01 -2.400e+01 -2.400e+01 -2.400e+01 -2.400e+01 -2.400e+01 -2.400e+01 -2.400e+01 -2.400e+01
-3.380 -4.456 11.001 14.384 0.015 0.035 1.000 -2.398e+01 -4.371e-01 -1.805e+01 -5.236e+00 -8.756e-01 -2.392e+01 -1.038e+01 -1.393e+01 -2.400e+01 -1.828e+01 -2.387e+01 -3.024e+00 -4.939e+00 -2.396e+01 -2.400e+01 -7.534e+00 -5.634e+00 -5.966e+00 -2.400e+01 -1.358e+01 -1.142e+01 -8.223e-01 -6.069e+00 -5.340e+00 -2.400e+01 -7.546e+00 -1.243e+01 -6.939e+00 -2.399e+01 -2.400e+01 -1.634e+01 -2.092e+01 -6.035e-01 -6.045e+00 -4.548e+00 -2.399e+01 -2.400e+01 -2.400e+01 -2.400e+01 -9.145e+00 -9.672e+00 -5.035e+00 -2.384e+01 -2.400e+01 -2.400e+01 -2.400e+01 -1.628e+01 -1.935e+01 -9.990e-01 -4.725e+00 -4.666e+00 -2.398e+01 -2.400e+01 -2.400e+01 -6.932e+00 -1.154e+01 -4.793e+00 -2.363e+01 -2.400e+01 -2.400e+01 -1.592e+01 -1.894e+01 -3.741e+00 -5.021e+00 -5.184e+00 -2.373e+01 -2.400e+01 -2.400e+01 -1.744e+01 -1.577e+01 -5.644e+00 -2.396e+01 -2.400e+01 -2.400e+01 -2.400e+01 -2.400e+01 -2.398e+01 -3.958e+00 -6.048e+00 -5.285e+00 -2.380e+01 -2.400e+01 -2.400e+01 -2.400e+01 -1.734e+01 -1.607e+01 -6.010e+00 -2.392e+01 -6.481e+00 -2.399e+01 -2.400e+01 -2.400e+01 -2.400e+01 -2.400e+01 -2.400e+01 -4.717e+00 -2.071e+01 -5.421e+00 -2.385e+01 -2.400e+01 -2.400e+01 -2.400e+01 -1.677e+01 -2.400e+01 -6.016e+00 -2.391e+01 -2.400e+01 -2.400e+01 -2.400e+01 -2.400e+01 -2.400e+01 -2.400e+01 -4.778e+00 -2.347e+01 -2.400e+01 -2.400e+01 -2.400e+01 -2.400e+01 -2.400e+01 -2.362e+01 -2.400e+01 -2.400e+01 -2.400e+01 -2.400e+01 -2.400e+01 -2.400e+01 -2.400e+01 -2.400e+01 -2.400e+01 -2.400e+01 -2.400e+01 -2.400e+01 -2.400e+01 -2.400e+01
-3.320 -4.320 11.061 14.384 0.015 0.035 1.000 -2.398e+01 -4.371e-01 -1.805e+01 -5.236e+00 -8.756e-01 -2.391e+01 -1.032e+01 -1.381e+01 -2.400e+01 -1.810e+01 -2.383e+01 -3.024e+00 -4.939e+00 -2.396e+01 -2.400e+01 -7.473e+00 -5.634e+00 -5.957e+00 -2.400e+01 -1.346e+01 -1.136e+01 -8.223e-01 -6.069e+00 -5.344e+00 -2.400e+01 -7.486e+00 -1.237e+01 -6.938e+00 -2.399e+01 -2.400e+01 -1.622e+01 -2.080e+01 -6.035e-01 -6.045e+00 -4.548e+00 -2.399e+01 -2.400e+01 -2.400e+01 -2.400e+01 -9.085e+00 -9.612e+00 -5.035e+00 -2.382e+01 -2.400e+01 -2.400e+01 -2.400e+01 -1.616e+01 -1.922e+01 -9.990e-01 -4.725e+00 -4.666e+00 -2.398e+01 -2.400e+01 -2.400e+01 -6.872e+00 -1.148e+01 -4.793e+00 -2.360e+01 -2.400e+01 -2.400e+01 -1.579e+01 -1.882e+01 -3.741e+00 -5.021e+00 -5.184e+00 -2.370e+01 -2.400e+01 -2.400e+01 -1.738e+01 -1.571e+01 -5.644e+00 -2.396e+01 -2.400e+01 -2.400e+01 -2.400e+01 -2.400e+01 -2.398e+01 -3.958e+00 -6.048e+00 -5.285e+00 -2.378e+01 -2.400e+01 -2.400e+01 -2.400e+01 -1.728e+01 -1.601e+01 -6.010e+00 -2.391e+01 -6.481e+00 -2.399e+01 -2.400e+01 -2.400e+01 -2.400e+01 -2.400e+01 -2.400e+01 -4.717e+00 -2.059e+01 -5.421e+00 -2.384e+01 -2.400e+01 -2.400e+01 -2.400e+01 -1.671e+01 -2.400e+01 -6.016e+00 -2.389e+01 -2.400e+01 -2.400e+01 -2.400e+01 -2.400e+01 -2.400e+01 -2.400e+01 -4.778e+00 -2.343e+01 -2.400e+01 -2.400e+01 -2.400e+01 -2.400e+01 -2.400e+01 -2.358e+01 -2.400e+01 -2.400e+01 -2.400e+01 -2.400e+01 -2.400e+01 -2.400e+01 -2.400e+01 -2.400e+01 -2.400e+01 -2.400e+01 -2.400e+01 -2.400e+01 -2.400e+01 -2.400e+01
-3.260 -4.336 11.122 14.384 0.015 0.036 1.000 -2.398e+01 -4.371e-01 -1.805e+01 -5.236e+00 -8.756e-01 -2.390e+01 -1.026e+01 -1.369e+01 -2.400e+01 -1.792e+01 -2.379e+01 -3.024e+00 -4.939e+00 -2.395e+01 -2.400e+01 -7.413e+00 -5.633e+00 -5.947e+00 -2.400e+01 -1.334e+01 -1.130e+01 -8.223e-01 -6.069e+00 -5.348e+00 -2.400e+01 -7.425e+00 -1.231e+01 -6.937e+00 -2.399e+01 -2.400e+01 -1.610e+01 -2.067e+01 -6.035e-01 -6.045e+00 -4.548e+00 -2.399e+01 -2.400e+01 -2.400e+01 -2.400e+01 -9.024e+00 -9.551e+00 -5.035e+00 -2.379e+01 -2.400e+01 -2.400e+01 -2.400e+01 -1.603e+01 -1.910e+01 -9.990e-01 -4.725e+00 -4.666e+00 -2.398e+01 -2.400e+01 -2.400e+01 -6.811e+00 -1.142e+01 -4.793e+00 -2.356e+01 -2.400e+01 -2.400e+01 -1.567e+01 -1.870e+01 -3.741e+00 -5.021e+00 -5.184e+00 -2.366e+01 -2.400e+01 -2.400e+01 -1.732e+01 -1.565e+01 -5.644e+00 -2.395e+01 -2.400e+01 -2.400e+01 -2.400e+01 -2.400e+01 -2.397e+01 -3.958e+00 -6.048e+00 -5.285e+00 -2.375e+01 -2.400e+01 -2.400e+01 -2.400e+01 -1.722e+01 -1.595e+01 -6.010e+00 -2.389e+01 -6.481e+00 -2.399e+01 -2.400e+01 -2.400e+01 -2.400e+01 -2.400e+01 -2.400e+01 -4.717e+00 -2.046e+01 -5.421e+00 -2.382e+01 -2.400e+01 -2.400e+01 -2.400e+01 -1.665e+01 -2.400e+01 -6.016e+00 -2.388e+01 -2.400e+01 -2.400e+01 -2.400e+01 -2.400e+01 -2.400e+01 -2.400e+01 -4.778e+00 -2.338e+01 -2.400e+01 -2.400e+01 -2.400e+01 -2.400e+01 -2.400e+01 -2.354e+01 -2.400e+01 -2.400e+01 -2.400e+01 -2.400e+01 -2.400e+01 -2.400e+01 -2.400e+01 -2.400e+01 -2.400e+01 -2.400e+01 -2.400e+01 -2.400e+01 -2.400e+01 -2.400e+01
-3.200 -4.200 11.182 14.384 0.015 0.036 1.000 -2.398e+01 -4.371e-01 -1.805e+01 -5.236e+00 -8.756e-01 -2.389e+01 -1.020e+01 -1.357e+01 -2.400e+01 -1.774e+01 -2.373e+01 -3.024e+00 -4.939e+00 -2.394e+01 -2.400e+01 -7.353e+00 -5.633e+00 -5.936e+00 -2.400e+01 -1.322e+01 -1.124e+01 -8.223e-01 -6.069e+00 -5.354e+00 -2.400e+01 -7.365e+00 -1.225e+01 -6.935e+00 -2.399e+01 -2.400e+01 -1.598e+01 -2.055e+01 -6.035e-01 -6.045e+00 -4.548e+00 -2.399e+01 -2.400e+01 -2.400e+01 -2.400e+01 -8.964e+00 -9.491e+00 -5.035e+00 -2.377e+01 -2.400e+01 -2.400e+01 -2.400e+01 -1.591e+01 -1.898e+01 -9.990e-01 -4.725e+00 -4.666e+00 -2.397e+01 -2.400e+01 -2.400e+01 -6.750e+00 -1.136e+01 -4.793e+00 -2.352e+01 -2.400e+01 -2.400e+01 -1.555e+01 -1.858e+01 -3.741e+00 -5.021e+00 -5.184e+00 -2.363e+01 -2.400e+01 -2.400e+01 -1.726e+01 -1.559e+01 -5.644e+00 -2.395e+01 -2.400e+01 -2.400e+01 -2.400e+01 -2.400e+01 -2.396e+01 -3.958e+00 -6.048e+00 -5.285e+00 -2.373e+01 -2.400e+01 -2.400e+01 -2.400e+01 -1.716e+01 -1.589e+01 -6.010e+00 -2.388e+01 -6.481e+00 -2.399e+01 -2.400e+01 -2.400e+01 -2.400e+01 -2.400e+01 -2.400e+01 -4.717e+00 -2.034e+01 -5.421e+00 -2.379e+01 -2.400e+01 -2.400e+01 -2.400e+01 -1.659e+01 -2.400e+01 -6.016e+00 -2.386e+01 -2.400e+01 -2.400e+01 -2.400e+01 -2.400e+01 -2.400e+01 -2.400e+01 -4.778e+00 -2.334e+01 -2.400e+01 -2.400e+01 -2.400e+01 -2.400e+01 -2.400e+01 -2.350e+01 -2.400e+01 -2.400e+01 -2.400e+01 -2.400e+01 -2.400e+01 -2.400e+01 -2.400e+01 -2.400e+01 -2.400e+01 -2.400e+01 -2.400e+01 -2.400e+01 -2.400e+01 -2.400e+01
-3.140 -4.216 11.242 14.384 0.015 0.036 1.000 -2.398e+01 -4.371e-01 -1.805e+01 -5.236e+00 -8.756e-01 -2.388e+01 -1.014e+01 -1.345e+01 -2.400e+01 -1.756e+01 -2.367e+01 -3.024e+00 -4.939e+00 -2.394e+01 -2.400e+01 -7.293e+00 -5.633e+00 -5.924e+00 -2.400e+01 -1.310e+01 -1.118e+01 -8.223e-01 -6.069e+00 -5.360e+00 -2.400e+01 -7.305e+00 -1.219e+01 -6.933e+00 -2.399e+01 -2.400e+01 -1.586e+01 -2.043e+01 -6.035e-01 -6.045e+00 -4.548e+00 -2.399e+01 -2.400e+01 -2.400e+01 -2.400e+01 -8.904e+00 -9.431e+00 -5.035e+00 -2.374e+01 -2.400e+01 -2.400e+01 -2.400e+01 -1.579e+01 -1.886e+01 -9.990e-01 -4.725e+00 -4.666e+00 -2.397e+01 -2.400e+01 -2.400e+01 -6.689e+00 -1.130e+01 -4.793e+00 -2.348e+01 -2.400e+01 -2.400e+01 -1.543e+01 -1.846e+01 -3.741e+00 -5.021e+00 -5.184e+00 -2.359e+01 -2.400e+01 -2.400e+01 -1.720e+01 -1.553e+01 -5.644e+00 -2.394e+01 -2.400e+01 -2.400e+01 -2.400e+01 -2.400e+01 -2.395e+01 -3.958e+00 -6.048e+00 -5.285e+00 -2.370e+01 -2.400e+01 -2.400e+01 -2.400e+01 -1.710e+01 -1.583e+01 -6.010e+00 -2.387e+01 -6.481e+00 -2.399e+01 -2.400e+01 -2.400e+01 -2.400e+01 -2.400e+01 -2.400e+01 -4.717e+00 -2.022e+01 -5.421e+00 -2.377e+01 -2.400e+01 -2.400e+01 -2.400e+01 -1.652e+01 -2.400e+01 -6.016e+00 -2.385e+01 -2.400e+01 -2.400e+01 -2.400e+01 -2.400e+01 -2.400e+01 -2.400e+01 -4.778e+00 -2.329e+01 -2.400e+01 -2.400e+01 -2.400e+01 -2.400e+01 -2.400e+01 -2.346e+01 -2.400e+01 -2.400e+01 -2.400e+01 -2.400e+01 -2.400e+01 -2.400e+01 -2.400e+01 -2.400e+01 -2.400e+01 -2.400e+01 -2.400e+01 -2.400e+01 -2.400e+01 -2.400e+01
-3.080 -4.080 11.302 14.384 0.015 0.036 1.000 -2.398e+01 -4.371e-01 -1.805e+01 -5.236e+00 -8.756e-01 -2.386e+01 -1.008e+01 -1.333e+01 -2.400e+01 -1.738e+01 -2.360e+01 -3.024e+00 -4.939e+00 -2.393e+01 -2.400e+01 -7.232e+00 -5.633e+00 -5.911e+00 -2.400e+01 -1.298e+01 -1.112e+01 -8.223e-01 -6.069e+00 -5.366e+00 -2.400e+01 -7.244e+00 -1.213e+01 -6.931e+00 -2.399e+01 -2.400e+01 -1.574e+01 -2.031e+01 -6.035e-01 -6.045e+00 -4.548e+00 -2.399e+01 -2.400e+01 -2.400e+01 -2.400e+01 -8.843e+00 -9.371e+00 -5.035e+00 -2.371e+01 -2.400e+01 -2.400e+01 -2.400e+01 -1.567e+01 -1.874e+01 -9.990e-01 -4.725e+00 -4.666e+00 -2.397e+01 -2.400e+01 -2.400e+01 -6.629e+00 -1.124e+01 -4.793e+00 -2.344e+01 -2.400e+01 -2.400e+01 -1.531e+01 -1.834e+01 -3.741e+00 -5.021e+00 -5.184e+00 -2.356e+01 -2.400e+01 -2.400e+01 -1.714e+01 -1.547e+01 -5.644e+00 -2.393e+01 -2.399e+01 -2.400e+01 -2.400e+01 -2.400e+01 -2.394e+01 -3.958e+00 -6.048e+00 -5.285e+00 -2.366e+01 -2.400e+01 -2.400e+01 -2.400e+01 -1.704e+01 -1.576e+01 -6.010e+00 -2.385e+01 -6.481e+00 -2.399e+01 -2.400e+01 -2.400e+01 -2.400e+01 -2.400e+01 -2.400e+01 -4.717e+00 -2.010e+01 -5.421e+00 -2.374e+01 -2.400e+01 -2.400e+01 -2.400e+01 -1.646e+01 -2.400e+01 -6.016e+00 -2.383e+01 -2.400e+01 -2.400e+01 -2.400e+01 -2.400e+01 -2.400e+01 -2.400e+01 -4.778e+00 -2.324e+01 -2.400e+01 -2.400e+01 -2.400e+01 -2.400e+01 -2.400e+01 -2.342e+01 -2.400e+01 -2.400e+01 -2.400e+01 -2.400e+01 -2.400e+01 -2.400e+01 -2.400e+01 -2.400e+01 -2.400e+01 -2.400e+01 -2.400e+01 -2.400e+01 -2.400e+01 -2.400e+01
-3.020 -4.096 11.363 14.384 0.015 0.036 1.000 -2.398e+01 -4.371e-01 -1.805e+01 -5.236e+00 -8.756e-01 -2.384e+01 -1.002e+01 -1.321e+01 -2.400e+01 -1.720e+01 -2.352e+01 -3.024e+00 -4.939e+00 -2.392e+01 -2.400e+01 -7.172e+00 -5.633e+00 -5.898e+00 -2.400e+01 -1.286e+01 -1.106e+01 -8.223e-01 -6.069e+00 -5.374e+00 -2.400e+01 -7.184e+00 -1.207e+01 -6.929e+00 -2.399e+01 -2.400e+01 -1.562e+01 -2.019e+01 -6.035e-01 -6.046e+00 -4.548e+00 -2.399e+01 -2.400e+01 -2.400e+01 -2.400e+01 -8.783e+00 -9.310e+00 -5.035e+00 -2.368e+01 -2.400e+01 -2.400e+01 -2.400e+01 -1.555e+01 -1.862e+01 -9.990e-01 -4.725e+00 -4.666e+00 -2.396e+01 -2.400e+01 -2.400e+01 -6.568e+00 -1.118e+01 -4.793e+00 -2.339e+01 -2.400e+01 -2.400e+01 -1.519e+01 -1.822e+01 -3.741e+00 -5.021e+00 -5.184e+00 -2.352e+01 -2.400e+01 -2.400e+01 -1.707e+01 -1.541e+01 -5.644e+00 -2.392e+01 -2.399e+01 -2.400e+01 -2.400e+01 -2.400e+01 -2.392e+01 -3.958e+00 -6.048e+00 -5.285e+00 -2.363e+01 -2.400e+01 -2.400e+01 -2.400e+01 -1.698e+01 -1.570e+01 -6.010e+00 -2.383e+01 -6.481e+00 -2.399e+01 -2.400e+01 -2.400e+01 -2.400e+01 -2.400e+01 -2.400e+01 -4.717e+00 -1.998e+01 -5.421e+00 -2.372e+01 -2.400e+01 -2.400e+01 -2.400e+01 -1.640e+01 -2.400e+01 -6.016e+00 -2.381e+01 -2.400e+01 -2.400e+01 -2.400e+01 -2.400e+01 -2.400e+01 -2.400e+01 -4.778e+00 -2.319e+01 -2.400e+01 -2.400e+01 -2.400e+01 -2.400e+01 -2.400e+01 -2.337e+01 -2.400e+01 -2.400e+01 -2.400e+01 -2.400e+01 -2.400e+01 -2.400e+01 -2.400e+01 -2.400e+01 -2.400e+01 -2.400e+01 -2.400e+01 -2.400e+01 -2.400e+01 -2.400e+01
-2.960 -3.960 11.423 14.383 0.015 0.038 1.000 -2.398e+01 -4.371e-01 -1.805e+01 -5.236e+00 -8.756e-01 -2.382e+01 -9.955e+00 -1.309e+01 -2.400e+01 -1.702e+01 -2.344e+01 -3.024e+00 -4.939e+00 -2.391e+01 -2.400e+01 -7.112e+00 -5.633e+00 -5.884e+00 -2.400e+01 -1.273e+01 -1.100e+01 -8.223e-01 -6.069e+00 -5.384e+00 -2.400e+01 -7.124e+00 -1.201e+01 -6.926e+00 -2.398e+01 -2.400e+01 -1.550e+01 -2.007e+01 -6.035e-01 -6.046e+00 -4.548e+00 -2.399e+01 -2.400e+01 -2.400e+01 -2.400e+01 -8.723e+00 -9.250e+00 -5.035e+00 -2.365e+01 -2.400e+01 -2.400e+01 -2.400e+01 -1.543e+01 -1.850e+01 -9.990e-01 -4.725e+00 -4.666e+00 -2.396e+01 -2.400e+01 -2.400e+01 -6.507e+00 -1.112e+01 -4.793e+00 -2.335e+01 -2.400e+01 -2.400e+01 -1.507e+01 -1.809e+01 -3.741e+00 -5.021e+00 -5.184e+00 -2.348e+01 -2.400e+01 -2.400e+01 -1.701e+01 -1.534e+01 -5.644e+00 -2.391e+01 -2.399e+01 -2.400e+01 -2.400e+01 -2.400e+01 -2.389e+01 -3.958e+00 -6.048e+00 -5.285e+00 -2.360e+01 -2.400e+01 -2.400e+01 -2.400e+01 -1.692e+01 -1.564e+01 -6.010e+00 -2.381e+01 -6.481e+00 -2.398e+01 -2.400e+01 -2.400e+01 -2.400e+01 -2.400e+01 -2.400e+01 -4.717e+00 -1.986e+01 -5.421e+00 -2.369e+01 -2.400e+01 -2.400e+01 -2.400e+01 -1.634e+01 -2.400e+01 -6.016e+00 -2.378e+01 -2.400e+01 -2.400e+01 -2.400e+01 -2.400e+01 -2.400e+01 -2.400e+01 -4.778e+00 -2.314e+01 -2.400e+01 -2.400e+01 -2.400e+01 -2.400e+01 -2.400e+01 -2.332e+01 -2.400e+01 -2.400e+01 -2.400e+01 -2.400e+01 -2.400e+01 -2.400e+01 -2.400e+01 -2.400e+01 -2.400e+01 -2.400e+01 -2.400e+01 -2.400e+01 -2.400e+01 -2.400e+01
-2.900 -3.976 11.483 14.383 0.022 0.038 1.000 -2.398e+01 -4.371e-01 -1.805e+01 -5.236e+00 -8.756e-01 -2.380e+01 -9.895e+00 -1.297e+01 -2.400e+01 -1.684e+01 -2.334e+01 -3.024e+00 -4.939e+00 -2.389e+01 -2.400e+01 -7.052e+00 -5.633e+00 -5.869e+00 -2.400e+01 -1.261e+01 -1.094e+01 -8.223e-01 -6.069e+00 -5.394e+00 -2.400e+01 -7.064e+00 -1.195e+01 -6.924e+00 -2.398e+01 -2.400e+01 -1.538e+01 -1.995e+01 -6.035e-01 -6.046e+00 -4.548e+00 -2.398e+01 -2.400e+01 -2.400e+01 -2.400e+01 -8.662e+00 -9.190e+00 -5.035e+00 -2.362e+01 -2.400e+01 -2.400e+01 -2.400e+01 -1.531e+01 -1.837e+01 -9.990e-01 -4.725e+00 -4.666e+00 -2.395e+01 -2.400e+01 -2.400e+01 -6.447e+00 -1.106e+01 -4.793e+00 -2.330e+01 -2.400e+01 -2.400e+01 -1.494e+01 -1.797e+01 -3.741e+00 -5.021e+00 -5.184e+00 -2.343e+01 -2.400e+01 -2.400e+01 -1.695e+01 -1.528e+01 -5.644e+00 -2.390e+01 -2.399e+01 -2.400e+01 -2.400e+01 -2.400e+01 -2.386e+01 -3.958e+00 -6.048e+00 -5.285e+00 -2.356e+01 -2.400e+01 -2.400e+01 -2.400e+01 -1.686e+01 -1.558e+01 -6.010e+00 -2.379e+01 -6.481e+00 -2.398e+01 -2.400e+01 -2.400e+01 -2.400e+01 -2.400e+01 -2.400e+01 -4.717e+00 -1.974e+01 -5.421e+00 -2.365e+01 -2.400e+01 -2.400e+01 -2.400e+01 -1.628e+01 -2.400e+01 -6.016e+00 -2.376e+01 -2.400e+01 -2.400e+01 -2.400e+01 -2.400e+01 -2.400e+01 -2.400e+01 -4.778e+00 -2.308e+01 -2.400e+01 -2.400e+01 -2.400e+01 -2.400e+01 -2.400e+01 -2.328e+01 -2.400e+01 -2.400e+01 -2.400e+01 -2.400e+01 -2.400e+01 -2.400e+01 -2.400e+01 -2.400e+01 -2.400e+01 -2.400e+01 -2.400e+01 -2.400e+01 -2.400e+01 -2.400e+01
-2.840 -3.840 11.543 14.381 0.022 0.036 1.000 -2.398e+01 -4.371e-01 -1.806e+01 -5.236e+00 -8.756e-01 -2.378e+01 -9.835e+00 -1.285e+01 -2.400e+01 -1.666e+01 -2.324e+01 -3.024e+00 -4.939e+00 -2.388e+01 -2.400e+01 -6.992e+00 -5.633e+00 -5.854e+00 -2.400e+01 -1.249e+01 -1.088e+01 -8.223e-01 -6.069e+00 -5.406e+00 -2.400e+01 -7.003e+00 -1.189e+01 -6.920e+00 -2.398e+01 -2.400e+01 -1.526e+01 -1.983e+01 -6.035e-01 -6.046e+00 -4.548e+00 -2.398e+01 -2.400e+01 -2.400e+01 -2.400e+01 -8.602e+00 -9.129e+00 -5.035e+00 -2.358e+01 -2.400e+01 -2.400e+01 -2.400e+01 -1.519e+01 -1.825e+01 -9.990e-01 -4.725e+00 -4.666e+00 -2.394e+01 -2.400e+01 -2.400e+01 -6.386e+00 -1.100e+01 -4.793e+00 -2.325e+01 -2.400e+01 -2.400e+01 -1.482e+01 -1.785e+01 -3.741e+00 -5.021e+00 -5.184e+00 -2.339e+01 -2.400e+01 -2.400e+01 -1.689e+01 -1.522e+01 -5.644e+00 -2.389e+01 -2.399e+01 -2.400e+01 -2.400e+01 -2.400e+01 -2.383e+01 -3.958e+00 -6.048e+00 -5.285e+00 -2.352e+01 -2.400e+01 -2.400e+01 -2.400e+01 -1.680e+01 -1.552e+01 -6.010e+00 -2.376e+01 -6.481e+00 -2.398e+01 -2.400e+01 -2.400e+01 -2.400e+01 -2.400e+01 -2.399e+01 -4.717e+00 -1.962e+01 -5.421e+00 -2.362e+01 -2.400e+01 -2.400e+01 -2.400e+01 -1.622e+01 -2.400e+01 -6.016e+00 -2.373e+01 -2.400e+01 -2.400e+01 -2.400e+01 -2.400e+01 -2.400e+01 -2.400e+01 -4.778e+00 -2.303e+01 -2.400e+01 -2.400e+01 -2.400e+01 -2.400e+01 -2.400e+01 -2.323e+01 -2.400e+01 -2.400e+01 -2.400e+01 -2.400e+01 -2.400e+01 -2.400e+01 -2.400e+01 -2.400e+01 -2.400e+01 -2.400e+01 -2.400e+01 -2.400e+01 -2.400e+01 -2.400e+01
-2.780 -3.856 11.602 14.380 0.030 0.038 1.000 -2.398e+01 -4.371e-01 -1.806e+01 -5.236e+00 -8.756e-01 -2.375e+01 -9.775e+00 -1.273e+01 -2.400e+01 -1.648e+01 -2.313e+01 -3.024e+00 -4.939e+00 -2.386e+01 -2.400e+01 -6.931e+00 -5.633e+00 -5.839e+00 -2.400e+01 -1.237e+01 -1.082e+01 -8.223e-01 -6.069e+00 -5.420e+00 -2.400e+01 -6.943e+00 -1.183e+01 -6.917e+00 -2.398e+01 -2.400e+01 -1.513e+01 -1.971e+01 -6.035e-01 -6.046e+00 -4.548e+00 -2.398e+01 -2.400e+01 -2.400e+01 -2.400e+01 -8.542e+00 -9.069e+00 -5.035e+00 -2.354e+01 -2.400e+01 -2.400e+01 -2.400e+01 -1.507e+01 -1.813e+01 -9.990e-01 -4.725e+00 -4.666e+00 -2.394e+01 -2.400e+01 -2.400e+01 -6.325e+00 -1.094e+01 -4.792e+00 -2.320e+01 -2.400e+01 -2.400e+01 -1.470e+01 -1.773e+01 -3.741e+00 -5.021e+00 -5.184e+00 -2.334e+01 -2.400e+01 -2.399e+01 -1.683e+01 -1.516e+01 -5.644e+00 -2.387e+01 -2.399e+01 -2.400e+01 -2.400e+01 -2.400e+01 -2.378e+01 -3.958e+00 -6.048e+00 -5.285e+00 -2.348e+01 -2.400e+01 -2.400e+01 -2.400e+01 -1.674e+01 -1.546e+01 -6.010e+00 -2.374e+01 -6.481e+00 -2.397e+01 -2.400e+01 -2.400e+01 -2.400e+01 -2.400e+01 -2.399e+01 -4.717e+00 -1.950e+01 -5.421e+00 -2.358e+01 -2.400e+01 -2.400e+01 -2.400e+01 -1.616e+01 -2.400e+01 -6.016e+00 -2.370e+01 -2.400e+01 -2.400e+01 -2.400e+01 -2.400e+01 -2.400e+01 -2.400e+01 -4.778e+00 -2.298e+01 -2.400e+01 -2.400e+01 -2.400e+01 -2.400e+01 -2.400e+01 -2.318e+01 -2.400e+01 -2.400e+01 -2.400e+01 -2.400e+01 -2.400e+01 -2.400e+01 -2.400e+01 -2.400e+01 -2.400e+01 -2.400e+01 -2.400e+01 -2.400e+01 -2.400e+01 -2.400e+01
-2.720 -3.720 11.662 14.378 0.030 0.038 1.000 -2.398e+01 -4.371e-01 -1.806e+01 -5.236e+00 -8.756e-01 -2.373e+01 -9.715e+00 -1.261e+01 -2.400e+01 -1.630e+01 -2.302e+01 -3.024e+00 -4.939e+00 -2.385e+01 -2.400e+01 -6.871e+00 -5.633e+00 -5.823e+00 -2.400e+01 -1.225e+01 -1.076e+01 -8.223e-01 -6.069e+00 -5.436e+00 -2.400e+01 -6.883e+00 -1.177e+01 -6.913e+00 -2.397e+01 -2.400e+01 -1.501e+01 -1.959e+01 -6.035e-01 -6.046e+00 -4.548e+00 -2.398e+01 -2.400e+01 -2.400e+01 -2.400e+01 -8.481e+00 -9.009e+00 -5.035e+00 -2.350e+01 -2.400e+01 -2.400e+01 -2.400e+01 -1.495e+01 -1.801e+01 -9.990e-01 -4.725e+00 -4.666e+00 -2.393e+01 -2.400e+01 -2.400e+01 -6.265e+00 -1.088e+01 -4.792e+00 -2.315e+01 -2.400e+01 -2.400e+01 -1.458e+01 -1.761e+01 -3.741e+00 -5.021e+00 -5.184e+00 -2.329e+01 -2.400e+01 -2.399e+01 -1.677e+01 -1.510e+01 -5.644e+00 -2.386e+01 -2.399e+01 -2.400e+01 -2.399e+01 -2.400e+01 -2.373e+01 -3.958e+00 -6.048e+00 -5.285e+00 -2.343e+01 -2.400e+01 -2.400e+01 -2.400e+01 -1.668e+01 -1.540e+01 -6.010e+00 -2.371e+01 -6.481e+00 -2.397e+01 -2.400e+01 -2.400e+01 -2.400e+01 -2.400e+01 -2.399e+01 -4.717e+00 -1.938e+01 -5.421e+00 -2.355e+01 -2.400e+01 -2.400e+01 -2.400e+01 -1.610e+01 -2.400e+01 -6.016e+00 -2.367e+01 -2.400e+01 -2.400e+01 -2.400e+01 -2.400e+01 -2.400e+01 -2.400e+01 -4.778e+00 -2.292e+01 -2.400e+01 -2.400e+01 -2.400e+01 -2.400e+01 -2.400e+01 -2.312e+01 -2.400e+01 -2.400e+01 -2.400e+01 -2.400e+01 -2.400e+01 -2.400e+01 -2.400e+01 -2.400e+01 -2.400e+01 -2.400e+01 -2.400e+01 -2.400e+01 -2.400e+01 -2.400e+01
-2.660 -3.736 11.721 14.375 0.037 0.038 1.000 -2.398e+01 -4.371e-01 -1.806e+01 -5.236e+00 -8.756e-01 -2.370e+01 -9.655e+00 -1.249e+01 -2.400e+01 -1.612e+01 -2.290e+01 -3.024e+00 -4.939e+00 -2.383e+01 -2.400e+01 -6.811e+00 -5.633e+00 -5.809e+00 -2.400e+01 -1.213e+01 -1.070e+01 -8.223e-01 -6.069e+00 -5.454e+00 -2.400e+01 -6.822e+00 -1.171e+01 -6.909e+00 -2.397e+01 -2.400e+01 -1.489e+01 -1.947e+01 -6.035e-01 -6.046e+00 -4.548e+00 -2.397e+01 -2.400e+01 -2.400e+01 -2.400e+01 -8.421e+00 -8.949e+00 -5.035e+00 -2.346e+01 -2.400e+01 -2.400e+01 -2.400e+01 -1.482e+01 -1.789e+01 -9.990e-01 -4.725e+00 -4.666e+00 -2.392e+01 -2.400e+01 -2.400e+01 -6.204e+00 -1.082e+01 -4.792e+00 -2.309e+01 -2.400e+01 -2.400e+01 -1.446e+01 -1.749e+01 -3.741e+00 -5.021e+00 -5.184e+00 -2.324e+01 -2.400e+01 -2.399e+01 -1.671e+01 -1.504e+01 -5.644e+00 -2.384e+01 -2.399e+01 -2.400e+01 -2.399e+01 -2.400e+01 -2.367e+01 -3.958e+00 -6.048e+00 -5.285e+00 -2.339e+01 -2.400e+01 -2.400e+01 -2.400e+01 -1.662e+01 -1.534e+01 -6.010e+00 -2.368e+01 -6.481e+00 -2.397e+01 -2.400e+01 -2.400e+01 -2.400e+01 -2.400e+01 -2.399e+01 -4.717e+00 -1.925e+01 -5.421e+00 -2.351e+01 -2.400e+01 -2.400e+01 -2.400e+01 -1.604e+01 -2.400e+01 -6.016e+00 -2.364e+01 -2.400e+01 -2.400e+01 -2.400e+01 -2.400e+01 -2.400e+01 -2.400e+01 -4.778e+00 -2.287e+01 -2.400e+01 -2.400e+01 -2.400e+01 -2.400e+01 -2.400e+01 -2.307e+01 -2.400e+01 -2.400e+01 -2.400e+01 -2.400e+01 -2.400e+01 -2.400e+01 -2.400e+01 -2.400e+01 -2.400e+01 -2.400e+01 -2.400e+01 -2.400e+01 -2.400e+01 -2.400e+01
-2.600 -3.600 11.780 14.371 0.030 0.038 1.000 -2.398e+01 -4.371e-01 -1.806e+01 -5.236e+00 -8.756e-01 -2.367e+01 -9.595e+00 -1.237e+01 -2.400e+01 -1.594e+01 -2.278e+01 -3.024e+00 -4.939e+00 -2.381e+01 -2.400e+01 -6.751e+00 -5.632e+00 -5.795e+00 -2.400e+01 -1.201e+01 -1.064e+01 -8.223e-01 -6.069e+00 -5.476e+00 -2.400e+01 -6.762e+00 -1.165e+01 -6.904e+00 -2.396e+01 -2.400e+01 -1.477e+01 -1.935e+01 -6.035e-01 -6.046e+00 -4.548e+00 -2.397e+01 -2.400e+01 -2.400e+01 -2.400e+01 -8.361e+00 -8.888e+00 -5.035e+00 -2.342e+01 -2.400e+01 -2.400e+01 -2.400e+01 -1.470e+01 -1.777e+01 -9.990e-01 -4.725e+00 -4.666e+00 -2.391e+01 -2.400e+01 -2.400e+01 -6.143e+00 -1.076e+01 -4.792e+00 -2.304e+01 -2.400e+01 -2.400e+01 -1.434e+01 -1.737e+01 -3.741e+00 -5.021e+00 -5.184e+00 -2.319e+01 -2.400e+01 -2.398e+01 -1.665e+01 -1.498e+01 -5.644e+00 -2.382e+01 -2.398e+01 -2.400e+01 -2.399e+01 -2.400e+01 -2.360e+01 -3.958e+00 -6.048e+00 -5.285e+00 -2.334e+01 -2.400e+01 -2.400e+01 -2.400e+01 -1.656e+01 -1.528e+01 -6.010e+00 -2.364e+01 -6.481e+00 -2.396e+01 -2.400e+01 -2.400e+01 -2.400e+01 -2.400e+01 -2.398e+01 -4.717e+00 -1.913e+01 -5.421e+00 -2.346e+01 -2.400e+01 -2.400e+01 -2.400e+01 -1.597e+01 -2.400e+01 -6.016e+00 -2.361e+01 -2.400e+01 -2.400e+01 -2.400e+01 -2.400e+01 -2.400e+01 -2.400e+01 -4.778e+00 -2.281e+01 -2.400e+01 -2.400e+01 -2.400e+01 -2.400e+01 -2.400e+01 -2.302e+01 -2.400e+01 -2.400e+01 -2.400e+01 -2.400e+01 -2.400e+01 -2.400e+01 -2.400e+01 -2.400e+01 -2.400e+01 -2.400e+01 -2.400e+01 -2.400e+01 -2.400e+01 -2.400e+01
-2.540 -3.616 11.838 14.365 0.037 0.039 1.000 -2.398e+01 -4.371e-01 -1.806e+01 -5.236e+00 -8.756e-01 -2.363e+01 -9.535e+00 -1.225e+01 -2.400e+01 -1.576e+01 -2.266e+01 -3.024e+00 -4.939e+00 -2.378e+01 -2.400e+01 -6.690e+00 -5.632e+00 -5.782e+00 -2.400e+01 -1.189e+01 -1.058e+01 -8.223e-01 -6.069e+00 -5.500e+00 -2.400e+01 -6.702e+00 -1.159e+01 -6.899e+00 -2.396e+01 -2.400e+01 -1.465e+01 -1.923e+01 -6.035e-01 -6.046e+00 -4.548e+00 -2.396e+01 -2.400e+01 -2.400e+01 -2.400e+01 -8.300e+00 -8.828e+00 -5.035e+00 -2.337e+01 -2.400e+01 -2.400e+01 -2.400e+01 -1.458e+01 -1.765e+01 -9.990e-01 -4.725e+00 -4.666e+00 -2.389e+01 -2.400e+01 -2.400e+01 -6.082e+00 -1.070e+01 -4.792e+00 -2.299e+01 -2.400e+01 -2.400e+01 -1.422e+01 -1.725e+01 -3.741e+00 -5.021e+00 -5.184e+00 -2.314e+01 -2.400e+01 -2.397e+01 -1.658e+01 -1.492e+01 -5.644e+00 -2.380e+01 -2.398e+01 -2.400e+01 -2.399e+01 -2.400e+01 -2.352e+01 -3.958e+00 -6.048e+00 -5.285e+00 -2.329e+01 -2.400e+01 -2.400e+01 -2.400e+01 -1.650e+01 -1.522e+01 -6.010e+00 -2.361e+01 -6.481e+00 -2.396e+01 -2.400e+01 -2.400e+01 -2.400e+01 -2.400e+01 -2.398e+01 -4.717e+00 -1.901e+01 -5.421e+00 -2.342e+01 -2.400e+01 -2.400e+01 -2.400e+01 -1.591e+01 -2.400e+01 -6.016e+00 -2.357e+01 -2.400e+01 -2.400e+01 -2.400e+01 -2.400e+01 -2.400e+01 -2.400e+01 -4.778e+00 -2.275e+01 -2.400e+01 -2.400e+01 -2.400e+01 -2.400e+01 -2.400e+01 -2.296e+01 -2.400e+01 -2.400e+01 -2.400e+01 -2.400e+01 -2.400e+01 -2.400e+01 -2.400e+01 -2.400e+01 -2.400e+01 -2.400e+01 -2.400e+01 -2.400e+01 -2.400e+01 -2.400e+01
-2.480 -3.480 11.896 14.359 0.030 0.039 1.000 -2.398e+01 -4.371e-01 -1.806e+01 -5.236e+00 -8.756e-01 -2.360e+01 -9.475e+00 -1.213e+01 -2.400e+01 -1.558e+01 -2.253e+01 -3.024e+00 -4.939e+00 -2.376e+01 -2.400e+01 -6.630e+00 -5.632e+00 -5.771e+00 -2.400e+01 -1.177e+01 -1.052e+01 -8.223e-01 -6.069e+00 -5.528e+00 -2.400e+01 -6.642e+00 -1.153e+01 -6.893e+00 -2.395e+01 -2.400e+01 -1.453e+01 -1.911e+01 -6.035e-01 -6.046e+00 -4.548e+00 -2.396e+01 -2.400e+01 -2.400e+01 -2.400e+01 -8.240e+00 -8.768e+00 -5.035e+00 -2.332e+01 -2.400e+01 -2.400e+01 -2.400e+01 -1.446e+01 -1.752e+01 -9.990e-01 -4.725e+00 -4.666e+00 -2.388e+01 -2.400e+01 -2.400e+01 -6.021e+00 -1.064e+01 -4.792e+00 -2.293e+01 -2.400e+01 -2.400e+01 -1.409e+01 -1.713e+01 -3.741e+00 -5.021e+00 -5.184e+00 -2.309e+01 -2.400e+01 -2.395e+01 -1.652e+01 -1.485e+01 -5.644e+00 -2.377e+01 -2.398e+01 -2.400e+01 -2.398e+01 -2.400e+01 -2.344e+01 -3.958e+00 -6.048e+00 -5.285e+00 -2.324e+01 -2.400e+01 -2.400e+01 -2.400e+01 -1.644e+01 -1.516e+01 -6.010e+00 -2.357e+01 -6.481e+00 -2.395e+01 -2.400e+01 -2.400e+01 -2.400e+01 -2.400e+01 -2.397e+01 -4.717e+00 -1.889e+01 -5.421e+00 -2.337e+01 -2.400e+01 -2.400e+01 -2.400e+01 -1.585e+01 -2.400e+01 -6.016e+00 -2.353e+01 -2.400e+01 -2.400e+01 -2.400e+01 -2.400e+01 -2.400e+01 -2.400e+01 -4.778e+00 -2.269e+01 -2.400e+01 -2.400e+01 -2.400e+01 -2.400e+01 -2.400e+01 -2.291e+01 -2.400e+01 -2.400e+01 -2.400e+01 -2.400e+01 -2.400e+01 -2.400e+01 -2.400e+01 -2.400e+01 -2.400e+01 -2.400e+01 -2.400e+01 -2.400e+01 -2.400e+01 -2.400e+01
-2.420 -3.496 11.953 14.350 0.037 0.039 1.000 -2.398e+01 -4.371e-01 -1.806e+01 -5.236e+00 -8.756e-01 -2.356e+01 -9.415e+00 -1.201e+01 -2.400e+01 -1.540e+01 -2.240e+01 -3.024e+00 -4.939e+00 -2.373e+01 -2.400e+01 -6.570e+00 -5.632e+00 -5.763e+00 -2.400e+01 -1.165e+01 -1.046e+01 -8.223e-01 -6.069e+00 -5.560e+00 -2.400e+01 -6.581e+00 -1.147e+01 -6.888e+00 -2.394e+01 -2.400e+01 -1.441e+01 -1.898e+01 -6.035e-01 -6.046e+00 -4.548e+00 -2.395e+01 -2.400e+01 -2.400e+01 -2.400e+01 -8.180e+00 -8.707e+00 -5.035e+00 -2.327e+01 -2.400e+01 -2.400e+01 -2.400e+01 -1.434e+01 -1.740e+01 -9.990e-01 -4.725e+00 -4.666e+00 -2.386e+01 -2.400e+01 -2.400e+01 -5.961e+00 -1.058e+01 -4.792e+00 -2.288e+01 -2.400e+01 -2.400e+01 -1.397e+01 -1.701e+01 -3.741e+00 -5.021e+00 -5.184e+00 -2.303e+01 -2.400e+01 -2.393e+01 -1.646e+01 -1.479e+01 -5.644e+00 -2.375e+01 -2.398e+01 -2.400e+01 -2.398e+01 -2.400e+01 -2.335e+01 -3.958e+00 -6.048e+00 -5.285e+00 -2.319e+01 -2.400e+01 -2.400e+01 -2.400e+01 -1.638e+01 -1.510e+01 -6.010e+00 -2.353e+01 -6.481e+00 -2.394e+01 -2.400e+01 -2.400e+01 -2.400e+01 -2.400e+01 -2.396e+01 -4.717e+00 -1.877e+01 -5.421e+00 -2.333e+01 -2.400e+01 -2.400e+01 -2.400e+01 -1.579e+01 -2.400e+01 -6.016e+00 -2.349e+01 -2.400e+01 -2.400e+01 -2.400e+01 -2.400e+01 -2.400e+01 -2.400e+01 -4.778e+00 -2.264e+01 -2.400e+01 -2.400e+01 -2.400e+01 -2.400e+01 -2.400e+01 -2.285e+01 -2.400e+01 -2.400e+01 -2.400e+01 -2.400e+01 -2.400e+01 -2.400e+01 -2.400e+01 -2.400e+01 -2.400e+01 -2.400e+01 -2.400e+01 -2.400e+01 -2.400e+01 -2.400e+01
-2.360 -3.360 12.009 14.339 0.030 0.042 1.000 -2.398e+01 -4.371e-01 -1.806e+01 -5.236e+00 -8.756e-01 -2.352e+01 -9.355e+00 -1.189e+01 -2.400e+01 -1.522e+01 -2.227e+01 -3.024e+00 -4.939e+00 -2.370e+01 -2.400e+01 -6.510e+00 -5.631e+00 -5.758e+00 -2.400e+01 -1.153e+01 -1.040e+01 -8.223e-01 -6.069e+00 -5.597e+00 -2.400e+01 -6.521e+00 -1.141e+01 -6.882e+00 -2.394e+01 -2.400e+01 -1.429e+01 -1.886e+01 -6.035e-01 -6.046e+00 -4.548e+00 -2.394e+01 -2.400e+01 -2.400e+01 -2.400e+01 -8.119e+00 -8.647e+00 -5.035e+00 -2.323e+01 -2.400e+01 -2.400e+01 -2.400e+01 -1.422e+01 -1.728e+01 -9.990e-01 -4.725e+00 -4.666e+00 -2.385e+01 -2.400e+01 -2.400e+01 -5.900e+00 -1.052e+01 -4.792e+00 -2.282e+01 -2.400e+01 -2.400e+01 -1.385e+01 -1.689e+01 -3.741e+00 -5.021e+00 -5.184e+00 -2.298e+01 -2.399e+01 -2.390e+01 -1.640e+01 -1.473e+01 -5.644e+00 -2.372e+01 -2.397e+01 -2.400e+01 -2.397e+01 -2.400e+01 -2.325e+01 -3.958e+00 -6.048e+00 -5.285e+00 -2.314e+01 -2.400e+01 -2.400e+01 -2.400e+01 -1.632e+01 -1.504e+01 -6.010e+00 -2.349e+01 -6.481e+00 -2.393e+01 -2.400e+01 -2.400e+01 -2.400e+01 -2.400e+01 -2.395e+01 -4.717e+00 -1.865e+01 -5.421e+00 -2.328e+01 -2.400e+01 -2.400e+01 -2.400e+01 -1.573e+01 -2.400e+01 -6.016e+00 -2.344e+01 -2.400e+01 -2.400e+01 -2.400e+01 -2.400e+01 -2.400e+01 -2.400e+01 -4.778e+00 -2.258e+01 -2.400e+01 -2.400e+01 -2.400e+01 -2.400e+01 -2.400e+01 -2.279e+01 -2.400e+01 -2.400e+01 -2.400e+01 -2.400e+01 -2.400e+01 -2.400e+01 -2.400e+01 -2.400e+01 -2.400e+01 -2.400e+01 -2.400e+01 -2.400e+01 -2.400e+01 -2.400e+01
-2.300 -3.376 12.065 14.324 0.030 0.040 1.000 -2.398e+01 -4.371e-01 -1.806e+01 -5.236e+00 -8.756e-01 -2.348e+01 -9.295e+00 -1.177e+01 -2.400e+01 -1.504e+01 -2.213e+01 -3.024e+00 -4.939e+00 -2.367e+01 -2.400e+01 -6.450e+00 -5.631e+00 -5.758e+00 -2.400e+01 -1.141e+01 -1.034e+01 -8.223e-01 -6.069e+00 -5.640e+00 -2.400e+01 -6.461e+00 -1.135e+01 -6.876e+00 -2.393e+01 -2.400e+01 -1.417e+01 -1.874e+01 -6.035e-01 -6.046e+00 -4.548e+00 -2.394e+01 -2.400e+01 -2.400e+01 -2.400e+01 -8.059e+00 -8.587e+00 -5.035e+00 -2.317e+01 -2.400e+01 -2.400e+01 -2.400e+01 -1.410e+01 -1.716e+01 -9.990e-01 -4.725e+00 -4.666e+00 -2.383e+01 -2.400e+01 -2.400e+01 -5.839e+00 -1.046e+01 -4.792e+00 -2.276e+01 -2.400e+01 -2.400e+01 -1.373e+01 -1.677e+01 -3.741e+00 -5.021e+00 -5.184e+00 -2.292e+01 -2.399e+01 -2.386e+01 -1.634e+01 -1.467e+01 -5.644e+00 -2.369e+01 -2.397e+01 -2.400e+01 -2.397e+01 -2.400e+01 -2.315e+01 -3.958e+00 -6.048e+00 -5.285e+00 -2.309e+01 -2.400e+01 -2.400e+01 -2.400e+01 -1.626e+01 -1.498e+01 -6.010e+00 -2.345e+01 -6.481e+00 -2.393e+01 -2.400e+01 -2.400e+01 -2.400e+01 -2.400e+01 -2.393e+01 -4.717e+00 -1.853e+01 -5.421e+00 -2.323e+01 -2.400e+01 -2.400e+01 -2.400e+01 -1.567e+01 -2.400e+01 -6.016e+00 -2.340e+01 -2.400e+01 -2.400e+01 -2.400e+01 -2.400e+01 -2.400e+01 -2.400e+01 -4.778e+00 -2.252e+01 -2.400e+01 -2.400e+01 -2.400e+01 -2.400e+01 -2.400e+01 -2.274e+01 -2.400e+01 -2.400e+01 -2.400e+01 -2.400e+01 -2.400e+01 -2.400e+01 -2.400e+01 -2.400e+01 -2.400e+01 -2.400e+01 -2.400e+01 -2.400e+01 -2.400e+01 -2.400e+01
-2.240 -3.240 12.118 14.308 0.030 0.039 1.000 -2.398e+01 -4.371e-01 -1.806e+01 -5.236e+00 -8.756e-01 -2.344e+01 -9.235e+00 -1.165e+01 -2.400e+01 -1.486e+01 -2.199e+01 -3.024e+00 -4.939e+00 -2.364e+01 -2.400e+01 -6.389e+00 -5.631e+00 -5.763e+00 -2.400e+01 -1.129e+01 -1.028e+01 -8.223e-01 -6.069e+00 -5.689e+00 -2.400e+01 -6.401e+00 -1.129e+01 -6.869e+00 -2.392e+01 -2.400e+01 -1.405e+01 -1.862e+01 -6.035e-01 -6.047e+00 -4.548e+00 -2.393e+01 -2.400e+01 -2.400e+01 -2.400e+01 -7.999e+00 -8.527e+00 -5.035e+00 -2.312e+01 -2.400e+01 -2.400e+01 -2.400e+01 -1.398e+01 -1.704e+01 -9.990e-01 -4.725e+00 -4.666e+00 -2.381e+01 -2.400e+01 -2.400e+01 -5.778e+00 -1.040e+01 -4.792e+00 -2.270e+01 -2.400e+01 -2.400e+01 -1.361e+01 -1.665e+01 -3.741e+00 -5.021e+00 -5.184e+00 -2.287e+01 -2.399e+01 -2.380e+01 -1.628e+01 -1.461e+01 -5.644e+00 -2.366e+01 -2.396e+01 -2.400e+01 -2.396e+01 -2.400e+01 -2.304e+01 -3.958e+00 -6.048e+00 -5.285e+00 -2.304e+01 -2.400e+01 -2.400e+01 -2.400e+01 -1.620e+01 -1.492e+01 -6.010e+00 -2.340e+01 -6.481e+00 -2.392e+01 -2.400e+01 -2.400e+01 -2.400e+01 -2.400e+01 -2.391e+01 -4.717e+00 -1.841e+01 -5.421e+00 -2.318e+01 -2.400e+01 -2.400e+01 -2.400e+01 -1.561e+01 -2.400e+01 -6.016e+00 -2.335e+01 -2.400e+01 -2.400e+01 -2.400e+01 -2.400e+01 -2.400e+01 -2.400e+01 -4.778e+00 -2.246e+01 -2.400e+01 -2.400e+01 -2.400e+01 -2.400e+01 -2.400e+01 -2.268e+01 -2.400e+01 -2.400e+01 -2.400e+01 -2.400e+01 -2.400e+01 -2.400e+01 -2.400e+01 -2.400e+01 -2.400e+01 -2.400e+01 -2.400e+01 -2.400e+01 -2.400e+01 -2.400e+01
-2.180 -3.256 12.171 14.285 0.030 0.039 1.000 -2.398e+01 -4.371e-01 -1.806e+01 -5.236e+00 -8.756e-01 -2.339e+01 -9.175e+00 -1.153e+01 -2.400e+01 -1.468e+01 -2.186e+01 -3.024e+00 -4.939e+00 -2.360e+01 -2.400e+01 -6.329e+00 -5.630e+00 -5.774e+00 -2.400e+01 -1.117e+01 -1.022e+01 -8.223e-01 -6.069e+00 -5.746e+00 -2.400e+01 -6.340e+00 -1.122e+01 -6.863e+00 -2.390e+01 -2.400e+01 -1.393e+01 -1.850e+01 -6.035e-01 -6.047e+00 -4.548e+00 -2.392e+01 -2.400e+01 -2.400e+01 -2.400e+01 -7.938e+00 -8.467e+00 -5.035e+00 -2.307e+01 -2.400e+01 -2.400e+01 -2.400e+01 -1.385e+01 -1.692e+01 -9.990e-01 -4.725e+00 -4.666e+00 -2.379e+01 -2.400e+01 -2.400e+01 -5.717e+00 -1.034e+01 -4.792e+00 -2.265e+01 -2.400e+01 -2.400e+01 -1.349e+01 -1.653e+01 -3.741e+00 -5.021e+00 -5.184e+00 -2.281e+01 -2.398e+01 -2.372e+01 -1.622e+01 -1.455e+01 -5.644e+00 -2.362e+01 -2.396e+01 -2.400e+01 -2.396e+01 -2.399e+01 -2.293e+01 -3.958e+00 -6.048e+00 -5.285e+00 -2.298e+01 -2.400e+01 -2.400e+01 -2.400e+01 -1.614e+01 -1.485e+01 -6.010e+00 -2.336e+01 -6.481e+00 -2.390e+01 -2.400e+01 -2.400e+01 -2.400e+01 -2.400e+01 -2.388e+01 -4.717e+00 -1.828e+01 -5.421e+00 -2.313e+01 -2.400e+01 -2.400e+01 -2.400e+01 -1.554e+01 -2.400e+01 -6.016e+00 -2.331e+01 -2.400e+01 -2.400e+01 -2.400e+01 -2.400e+01 -2.400e+01 -2.400e+01 -4.778e+00 -2.240e+01 -2.400e+01 -2.400e+01 -2.400e+01 -2.400e+01 -2.400e+01 -2.262e+01 -2.400e+01 -2.400e+01 -2.400e+01 -2.400e+01 -2.400e+01 -2.400e+01 -2.400e+01 -2.400e+01 -2.400e+01 -2.400e+01 -2.400e+01 -2.400e+01 -2.400e+01 -2.400e+01
-2.120 -3.120 12.221 14.261 0.037 0.039 1.000 -2.398e+01 -4.371e-01 -1.806e+01 -5.236e+00 -8.756e-01 -2.335e+01 -9.115e+00 -1.141e+01 -2.400e+01 -1.450e+01 -2.171e+01 -3.024e+00 -4.939e+00 -2.356e+01 -2.400e+01 -6.269e+00 -5.630e+00 -5.793e+00 -2.400e+01 -1.105e+01 -1.015e+01 -8.223e-01 -6.069e+00 -5.811e+00 -2.400e+01 -6.280e+00 -1.116e+01 -6.857e+00 -2.389e+01 -2.400e+01 -1.381e+01 -1.838e+01 -6.035e-01 -6.047e+00 -4.548e+00 -2.391e+01 -2.400e+01 -2.400e+01 -2.400e+01 -7.878e+00 -8.406e+00 -5.035e+00 -2.302e+01 -2.400e+01 -2.400e+01 -2.400e+01 -1.373e+01 -1.679e+01 -9.990e-01 -4.725e+00 -4.666e+00 -2.376e+01 -2.400e+01 -2.400e+01 -5.656e+00 -1.028e+01 -4.792e+00 -2.259e+01 -2.400e+01 -2.400e+01 -1.337e+01 -1.641e+01 -3.741e+00 -5.021e+00 -5.184e+00 -2.276e+01 -2.397e+01 -2.363e+01 -1.616e+01 -1.449e+01 -5.644e+00 -2.359e+01 -2.395e+01 -2.400e+01 -2.394e+01 -2.399e+01 -2.282e+01 -3.958e+00 -6.048e+00 -5.285e+00 -2.293e+01 -2.400e+01 -2.400e+01 -2.400e+01 -1.608e+01 -1.479e+01 -6.010e+00 -2.331e+01 -6.481e+00 -2.389e+01 -2.400e+01 -2.400e+01 -2.400e+01 -2.400e+01 -2.385e+01 -4.717e+00 -1.816e+01 -5.421e+00 -2.307e+01 -2.400e+01 -2.400e+01 -2.400e+01 -1.548e+01 -2.400e+01 -6.016e+00 -2.326e+01 -2.400e+01 -2.400e+01 -2.400e+01 -2.400e+01 -2.400e+01 -2.400e+01 -4.778e+00 -2.234e+01 -2.400e+01 -2.400e+01 -2.400e+01 -2.400e+01 -2.400e+01 -2.256e+01 -2.400e+01 -2.400e+01 -2.400e+01 -2.400e+01 -2.400e+01 -2.400e+01 -2.400e+01 -2.400e+01 -2.400e+01 -2.400e+01 -2.400e+01 -2.400e+01 -2.400e+01 -2.400e+01
-2.060 -3.136 12.269 14.226 0.037 0.039 1.000 -2.398e+01 -4.371e-01 -1.806e+01 -5.236e+00 -8.756e-01 -2.330e+01 -9.055e+00 -1.129e+01 -2.400e+01 -1.432e+01 -2.157e+01 -3.024e+00 -4.939e+00 -2.352e+01 -2.400e+01 -6.209e+00 -5.629e+00 -5.821e+00 -2.400e+01 -1.093e+01 -1.009e+01 -8.223e-01 -6.069e+00 -5.887e+00 -2.400e+01 -6.220e+00 -1.110e+01 -6.851e+00 -2.388e+01 -2.400e+01 -1.369e+01 -1.826e+01 -6.035e-01 -6.047e+00 -4.548e+00 -2.390e+01 -2.400e+01 -2.400e+01 -2.400e+01 -7.818e+00 -8.346e+00 -5.035e+00 -2.296e+01 -2.400e+01 -2.400e+01 -2.400e+01 -1.361e+01 -1.667e+01 -9.990e-01 -4.725e+00 -4.666e+00 -2.373e+01 -2.400e+01 -2.400e+01 -5.595e+00 -1.022e+01 -4.792e+00 -2.253e+01 -2.400e+01 -2.400e+01 -1.324e+01 -1.628e+01 -3.741e+00 -5.021e+00 -5.184e+00 -2.270e+01 -2.396e+01 -2.352e+01 -1.609e+01 -1.443e+01 -5.644e+00 -2.355e+01 -2.394e+01 -2.400e+01 -2.393e+01 -2.399e+01 -2.270e+01 -3.958e+00 -6.048e+00 -5.285e+00 -2.287e+01 -2.400e+01 -2.400e+01 -2.400e+01 -1.602e+01 -1.473e+01 -6.010e+00 -2.326e+01 -6.481e+00 -2.388e+01 -2.400e+01 -2.400e+01 -2.400e+01 -2.400e+01 -2.381e+01 -4.717e+00 -1.804e+01 -5.421e+00 -2.302e+01 -2.400e+01 -2.400e+01 -2.400e+01 -1.542e+01 -2.400e+01 -6.016e+00 -2.321e+01 -2.400e+01 -2.400e+01 -2.400e+01 -2.400e+01 -2.400e+01 -2.400e+01 -4.778e+00 -2.228e+01 -2.400e+01 -2.400e+01 -2.400e+01 -2.400e+01 -2.400e+01 -2.250e+01 -2.400e+01 -2.400e+01 -2.400e+01 -2.400e+01 -2.400e+01 -2.400e+01 -2.400e+01 -2.400e+01 -2.400e+01 -2.400e+01 -2.400e+01 -2.400e+01 -2.400e+01 -2.400e+01
-2.000 -3.000 12.315 14.191 0.045 0.040 1.000 -2.398e+01 -4.371e-01 -1.806e+01 -5.236e+00 -8.756e-01 -2.325e+01 -8.995e+00 -1.117e+01 -2.400e+01 -1.414e+01 -2.142e+01 -3.024e+00 -4.940e+00 -2.348e+01 -2.400e+01 -6.148e+00 -5.628e+00 -5.860e+00 -2.400e+01 -1.081e+01 -1.003e+01 -8.223e-01 -6.069e+00 -5.973e+00 -2.400e+01 -6.159e+00 -1.104e+01 -6.845e+00 -2.386e+01 -2.400e+01 -1.357e+01 -1.814e+01 -6.035e-01 -6.048e+00 -4.548e+00 -2.388e+01 -2.400e+01 -2.400e+01 -2.400e+01 -7.757e+00 -8.286e+00 -5.035e+00 -2.291e+01 -2.400e+01 -2.400e+01 -2.400e+01 -1.349e+01 -1.655e+01 -9.990e-01 -4.725e+00 -4.666e+00 -2.371e+01 -2.400e+01 -2.400e+01 -5.535e+00 -1.016e+01 -4.792e+00 -2.247e+01 -2.400e+01 -2.400e+01 -1.312e+01 -1.616e+01 -3.741e+00 -5.021e+00 -5.184e+00 -2.264e+01 -2.394e+01 -2.339e+01 -1.603e+01 -1.436e+01 -5.644e+00 -2.351e+01 -2.394e+01 -2.400e+01 -2.391e+01 -2.399e+01 -2.259e+01 -3.958e+00 -6.048e+00 -5.285e+00 -2.281e+01 -2.400e+01 -2.400e+01 -2.400e+01 -1.596e+01 -1.467e+01 -6.010e+00 -2.321e+01 -6.481e+00 -2.386e+01 -2.400e+01 -2.400e+01 -2.400e+01 -2.399e+01 -2.377e+01 -4.717e+00 -1.792e+01 -5.421e+00 -2.296e+01 -2.400e+01 -2.400e+01 -2.400e+01 -1.536e+01 -2.400e+01 -6.016e+00 -2.316e+01 -2.400e+01 -2.400e+01 -2.400e+01 -2.400e+01 -2.400e+01 -2.400e+01 -4.778e+00 -2.222e+01 -2.400e+01 -2.400e+01 -2.400e+01 -2.400e+01 -2.400e+01 -2.245e+01 -2.400e+01 -2.400e+01 -2.400e+01 -2.400e+01 -2.400e+01 -2.400e+01 -2.400e+01 -2.400e+01 -2.400e+01 -2.400e+01 -2.400e+01 -2.400e+01 -2.400e+01 -2.400e+01
-1.940 -3.016 12.358 14.142 0.037 0.039 1.000 -2.398e+01 -4.371e-01 -1.806e+01 -5.236e+00 -8.756e-01 -2.320e+01 -8.935e+00 -1.105e+01 -2.400e+01 -1.396e+01 -2.128e+01 -3.024e+00 -4.940e+00 -2.344e+01 -2.400e+01 -6.088e+00 -5.627e+00 -5.912e+00 -2.400e+01 -1.069e+01 -9.973e+00 -8.223e-01 -6.069e+00 -6.074e+00 -2.400e+01 -6.099e+00 -1.098e+01 -6.840e+00 -2.384e+01 -2.400e+01 -1.345e+01 -1.802e+01 -6.035e-01 -6.048e+00 -4.548e+00 -2.387e+01 -2.400e+01 -2.400e+01 -2.400e+01 -7.697e+00 -8.226e+00 -5.035e+00 -2.285e+01 -2.400e+01 -2.400e+01 -2.400e+01 -1.337e+01 -1.643e+01 -9.990e-01 -4.725e+00 -4.666e+00 -2.367e+01 -2.400e+01 -2.400e+01 -5.474e+00 -1.010e+01 -4.792e+00 -2.241e+01 -2.400e+01 -2.400e+01 -1.300e+01 -1.604e+01 -3.741e+00 -5.021e+00 -5.184e+00 -2.258e+01 -2.391e+01 -2.324e+01 -1.597e+01 -1.430e+01 -5.644e+00 -2.347e+01 -2.393e+01 -2.400e+01 -2.390e+01 -2.398e+01 -2.247e+01 -3.958e+00 -6.048e+00 -5.285e+00 -2.276e+01 -2.400e+01 -2.400e+01 -2.400e+01 -1.590e+01 -1.461e+01 -6.010e+00 -2.316e+01 -6.481e+00 -2.384e+01 -2.400e+01 -2.400e+01 -2.400e+01 -2.399e+01 -2.371e+01 -4.717e+00 -1.780e+01 -5.421e+00 -2.291e+01 -2.400e+01 -2.400e+01 -2.400e+01 -1.530e+01 -2.400e+01 -6.016e+00 -2.310e+01 -2.400e+01 -2.400e+01 -2.400e+01 -2.400e+01 -2.400e+01 -2.400e+01 -4.778e+00 -2.216e+01 -2.400e+01 -2.400e+01 -2.400e+01 -2.400e+01 -2.400e+01 -2.239e+01 -2.400e+01 -2.400e+01 -2.400e+01 -2.400e+01 -2.400e+01 -2.400e+01 -2.400e+01 -2.400e+01 -2.400e+01 -2.400e+01 -2.400e+01 -2.400e+01 -2.400e+01 -2.400e+01
-1.880 -2.880 12.398 14.094 0.045 0.040 1.000 -2.398e+01 -4.371e-01 -1.806e+01 -5.236e+00 -8.756e-01 -2.315e+01 -8.876e+00 -1.093e+01 -2.400e+01 -1.378e+01 -2.113e+01 -3.024e+00 -4.940e+00 -2.340e+01 -2.400e+01 -6.028e+00 -5.627e+00 -5.980e+00 -2.400e+01 -1.057e+01 -9.912e+00 -8.223e-01 -6.069e+00 -6.189e+00 -2.400e+01 -6.039e+00 -1.092e+01 -6.835e+00 -2.382e+01 -2.400e+01 -1.333e+01 -1.790e+01 -6.035e-01 -6.048e+00 -4.548e+00 -2.385e+01 -2.400e+01 -2.400e+01 -2.400e+01 -7.636e+00 -8.166e+00 -5.035e+00 -2.279e+01 -2.400e+01 -2.400e+01 -2.400e+01 -1.325e+01 -1.631e+01 -9.990e-01 -4.725e+00 -4.666e+00 -2.364e+01 -2.400e+01 -2.400e+01 -5.413e+00 -1.004e+01 -4.792e+00 -2.235e+01 -2.400e+01 -2.400e+01 -1.288e+01 -1.592e+01 -3.741e+00 -5.021e+00 -5.184e+00 -2.252e+01 -2.387e+01 -2.309e+01 -1.591e+01 -1.424e+01 -5.644e+00 -2.342e+01 -2.392e+01 -2.400e+01 -2.387e+01 -2.398e+01 -2.235e+01 -3.958e+00 -6.048e+00 -5.285e+00 -2.270e+01 -2.400e+01 -2.400e+01 -2.400e+01 -1.584e+01 -1.455e+01 -6.010e+00 -2.311e+01 -6.481e+00 -2.383e+01 -2.400e+01 -2.400e+01 -2.400e+01 -2.399e+01 -2.365e+01 -4.717e+00 -1.768e+01 -5.421e+00 -2.285e+01 -2.400e+01 -2.400e+01 -2.400e+01 -1.524e+01 -2.400e+01 -6.016e+00 -2.305e+01 -2.400e+01 -2.400e+01 -2.400e+01 -2.400e+01 -2.400e+01 -2.400e+01 -4.778e+00 -2.210e+01 -2.400e+01 -2.400e+01 -2.400e+01 -2.400e+01 -2.400e+01 -2.233e+01 -2.400e+01 -2.400e+01 -2.400e+01 -2.400e+01 -2.400e+01 -2.400e+01 -2.400e+01 -2.400e+01 -2.400e+01 -2.400e+01 -2.400e+01 -2.400e+01 -2.400e+01 -2.400e+01
-1.820 -2.896 12.434 14.030 0.037 0.040 1.000 -2.398e+01 -4.371e-01 -1.806e+01 -5.237e+00 -8.756e-01 -2.310e+01 -8.816e+00 -1.081e+01 -2.400e+01 -1.360e+01 -2.098e+01 -3.024e+00 -4.940e+00 -2.335e+01 -2.400e+01 -5.968e+00 -5.625e+00 -6.065e+00 -2.400e+01 -1.045e+01 -9.852e+00 -8.223e-01 -6.069e+00 -6.323e+00 -2.400e+01 -5.979e+00 -1.086e+01 -6.831e+00 -2.379e+01 -2.400e+01 -1.321e+01 -1.778e+01 -6.035e-01 -6.049e+00 -4.548e+00 -2.383e+01 -2.400e+01 -2.400e+01 -2.400e+01 -7.576e+00 -8.106e+00 -5.035e+00 -2.274e+01 -2.400e+01 -2.400e+01 -2.400e+01 -1.313e+01 -1.619e+01 -9.990e-01 -4.725e+00 -4.666e+00 -2.361e+01 -2.400e+01 -2.400e+01 -5.352e+00 -9.975e+00 -4.792e+00 -2.230e+01 -2.400e+01 -2.400e+01 -1.276e+01 -1.580e+01 -3.741e+00 -5.021e+00 -5.184e+00 -2.247e+01 -2.382e+01 -2.293e+01 -1.585e+01 -1.418e+01 -5.644e+00 -2.338e+01 -2.391e+01 -2.400e+01 -2.385e+01 -2.397e+01 -2.223e+01 -3.958e+00 -6.048e+00 -5.285e+00 -2.264e+01 -2.400e+01 -2.400e+01 -2.400e+01 -1.578e+01 -1.449e+01 -6.010e+00 -2.305e+01 -6.481e+00 -2.380e+01 -2.400e+01 -2.400e+01 -2.400e+01 -2.399e+01 -2.358e+01 -4.717e+00 -1.756e+01 -5.421e+00 -2.280e+01 -2.400e+01 -2.400e+01 -2.400e+01 -1.518e+01 -2.400e+01 -6.016e+00 -2.300e+01 -2.400e+01 -2.400e+01 -2.400e+01 -2.400e+01 -2.400e+01 -2.400e+01 -4.778e+00 -2.204e+01 -2.400e+01 -2.400e+01 -2.400e+01 -2.400e+01 -2.400e+01 -2.227e+01 -2.400e+01 -2.400e+01 -2.400e+01 -2.400e+01 -2.400e+01 -2.400e+01 -2.400e+01 -2.400e+01 -2.400e+01 -2.400e+01 -2.400e+01 -2.400e+01 -2.400e+01 -2.400e+01
-1.760 -2.760 12.468 13.970 0.045 0.042 1.000 -2.398e+01 -4.371e-01 -1.806e+01 -5.237e+00 -8.756e-01 -2.305e+01 -8.756e+00 -1.069e+01 -2.400e+01 -1.342e+01 -2.082e+01 -3.023e+00 -4.940e+00 -2.330e+01 -2.400e+01 -5.908e+00 -5.624e+00 -6.172e+00 -2.400e+01 -1.033e+01 -9.791e+00 -8.223e-01 -6.069e+00 -6.478e+00 -2.400e+01 -5.918e+00 -1.080e+01 -6.828e+00 -2.377e+01 -2.400e+01 -1.309e+01 -1.766e+01 -6.035e-01 -6.049e+00 -4.548e+00 -2.381e+01 -2.400e+01 -2.400e+01 -2.400e+01 -7.516e+00 -8.046e+00 -5.035e+00 -2.268e+01 -2.400e+01 -2.400e+01 -2.400e+01 -1.301e+01 -1.607e+01 -9.990e-01 -4.725e+00 -4.666e+00 -2.357e+01 -2.400e+01 -2.400e+01 -5.291e+00 -9.915e+00 -4.792e+00 -2.224e+01 -2.400e+01 -2.400e+01 -1.264e+01 -1.568e+01 -3.741e+00 -5.021e+00 -5.184e+00 -2.241e+01 -2.375e+01 -2.276e+01 -1.579e+01 -1.412e+01 -5.644e+00 -2.333e+01 -2.390e+01 -2.400e+01 -2.380e+01 -2.396e+01 -2.211e+01 -3.958e+00 -6.048e+00 -5.285e+00 -2.259e+01 -2.400e+01 -2.400e+01 -2.400e+01 -1.572e+01 -1.443e+01 -6.010e+00 -2.300e+01 -6.481e+00 -2.378e+01 -2.400e+01 -2.400e+01 -2.400e+01 -2.398e+01 -2.350e+01 -4.717e+00 -1.744e+01 -5.421e+00 -2.274e+01 -2.400e+01 -2.400e+01 -2.400e+01 -1.512e+01 -2.400e+01 -6.016e+00 -2.294e+01 -2.400e+01 -2.400e+01 -2.400e+01 -2.400e+01 -2.400e+01 -2.400e+01 -4.778e+00 -2.198e+01 -2.400e+01 -2.400e+01 -2.400e+01 -2.400e+01 -2.400e+01 -2.221e+01 -2.400e+01 -2.400e+01 -2.400e+01 -2.400e+01 -2.400e+01 -2.400e+01 -2.400e+01 -2.400e+01 -2.400e+01 -2.400e+01 -2.400e+01 -2.400e+01 -2.400e+01 -2.400e+01
-1.700 -2.776 12.499 13.895 0.037 0.040 1.000 -2.398e+01 -4.371e-01 -1.806e+01 -5.237e+00 -8.756e-01 -2.299e+01 -8.697e+00 -1.057e+01 -2.400e+01 -1.324e+01 -2.067e+01 -3.023e+00 -4.941e+00 -2.325e+01 -2.400e+01 -5.847e+00 -5.623e+00 -6.304e+00 -2.400e+01 -1.020e+01 -9.730e+00 -8.223e-01 -6.069e+00 -6.657e+00 -2.400e+01 -5.858e+00 -1.074e+01 -6.825e+00 -2.374e+01 -2.400e+01 -1.296e+01 -1.754e+01 -6.035e-01 -6.050e+00 -4.548e+00 -2.379e+01 -2.400e+01 -2.400e+01 -2.400e+01 -7.455e+00 -7.986e+00 -5.035e+00 -2.262e+01 -2.400e+01 -2.400e+01 -2.400e+01 -1.288e+01 -1.594e+01 -9.990e-01 -4.725e+00 -4.667e+00 -2.353e+01 -2.400e+01 -2.399e+01 -5.230e+00 -9.855e+00 -4.792e+00 -2.218e+01 -2.400e+01 -2.400e+01 -1.252e+01 -1.556e+01 -3.741e+00 -5.021e+00 -5.184e+00 -2.235e+01 -2.366e+01 -2.259e+01 -1.573e+01 -1.406e+01 -5.644e+00 -2.329e+01 -2.388e+01 -2.400e+01 -2.377e+01 -2.395e+01 -2.199e+01 -3.958e+00 -6.048e+00 -5.285e+00 -2.253e+01 -2.400e+01 -2.400e+01 -2.400e+01 -1.566e+01 -1.437e+01 -6.010e+00 -2.295e+01 -6.481e+00 -2.376e+01 -2.400e+01 -2.400e+01 -2.400e+01 -2.398e+01 -2.341e+01 -4.717e+00 -1.731e+01 -5.421e+00 -2.268e+01 -2.400e+01 -2.400e+01 -2.400e+01 -1.505e+01 -2.400e+01 -6.016e+00 -2.289e+01 -2.400e+01 -2.400e+01 -2.400e+01 -2.400e+01 -2.400e+01 -2.400e+01 -4.778e+00 -2.192e+01 -2.400e+01 -2.400e+01 -2.400e+01 -2.400e+01 -2.400e+01 -2.215e+01 -2.400e+01 -2.400e+01 -2.400e+01 -2.400e+01 -2.400e+01 -2.400e+01 -2.400e+01 -2.400e+01 -2.400e+01 -2.400e+01 -2.400e+01 -2.400e+01 -2.400e+01 -2.400e+01
-1.640 -2.640 12.527 13.831 0.045 0.039 1.000 -2.398e+01 -4.371e-01 -1.806e+01 -5.237e+00 -8.756e-01 -2.294e+01 -8.638e+00 -1.045e+01 -2.400e+01 -1.307e+01 -2.051e+01 -3.023e+00 -4.941e+00 -2.320e+01 -2.400e+01 -5.787e+00 -5.621e+00 -6.464e+00 -2.400e+01 -1.008e+01 -9.669e+00 -8.223e-01 -6.069e+00 -6.864e+00 -2.400e+01 -5.798e+00 -1.068e+01 -6.823e+00 -2.371e+01 -2.400e+01 -1.284e+01 -1.741e+01 -6.035e-01 -6.051e+00 -4.548e+00 -2.376e+01 -2.400e+01 -2.400e+01 -2.400e+01 -7.395e+00 -7.926e+00 -5.035e+00 -2.256e+01 -2.400e+01 -2.400e+01 -2.400e+01 -1.276e+01 -1.582e+01 -9.990e-01 -4.725e+00 -4.667e+00 -2.349e+01 -2.400e+01 -2.399e+01 -5.170e+00 -9.795e+00 -4.792e+00 -2.212e+01 -2.400e+01 -2.400e+01 -1.239e+01 -1.544e+01 -3.741e+00 -5.021e+00 -5.184e+00 -2.229e+01 -2.356e+01 -2.241e+01 -1.566e+01 -1.400e+01 -5.644e+00 -2.324e+01 -2.387e+01 -2.400e+01 -2.371e+01 -2.393e+01 -2.187e+01 -3.958e+00 -6.048e+00 -5.285e+00 -2.247e+01 -2.400e+01 -2.400e+01 -2.400e+01 -1.560e+01 -1.431e+01 -6.010e+00 -2.289e+01 -6.481e+00 -2.373e+01 -2.400e+01 -2.400e+01 -2.400e+01 -2.397e+01 -2.332e+01 -4.717e+00 -1.719e+01 -5.421e+00 -2.263e+01 -2.400e+01 -2.400e+01 -2.400e+01 -1.499e+01 -2.400e+01 -6.016e+00 -2.283e+01 -2.400e+01 -2.400e+01 -2.400e+01 -2.400e+01 -2.400e+01 -2.400e+01 -4.778e+00 -2.186e+01 -2.400e+01 -2.400e+01 -2.400e+01 -2.400e+01 -2.400e+01 -2.209e+01 -2.400e+01 -2.400e+01 -2.400e+01 -2.400e+01 -2.400e+01 -2.400e+01 -2.400e+01 -2.400e+01 -2.400e+01 -2.400e+01 -2.400e+01 -2.400e+01 -2.400e+01 -2.400e+01
-1.580 -2.656 12.553 13.761 0.037 0.039 1.000 -2.398e+01 -4.371e-01 -1.806e+01 -5.237e+00 -8.756e-01 -2.288e+01 -8.578e+00 -1.033e+01 -2.400e+01 -1.289e+01 -2.035e+01 -3.024e+00 -4.941e+00 -2.315e+01 -2.400e+01 -5.727e+00 -5.619e+00 -6.660e+00 -2.400e+01 -9.964e+00 -9.608e+00 -8.223e-01 -6.069e+00 -7.107e+00 -2.400e+01 -5.738e+00 -1.062e+01 -6.822e+00 -2.368e+01 -2.400e+01 -1.272e+01 -1.729e+01 -6.035e-01 -6.052e+00 -4.548e+00 -2.374e+01 -2.400e+01 -2.400e+01 -2.400e+01 -7.335e+00 -7.866e+00 -5.035e+00 -2.251e+01 -2.400e+01 -2.400e+01 -2.400e+01 -1.264e+01 -1.570e+01 -9.990e-01 -4.725e+00 -4.667e+00 -2.345e+01 -2.400e+01 -2.398e+01 -5.109e+00 -9.735e+00 -4.792e+00 -2.206e+01 -2.400e+01 -2.400e+01 -1.227e+01 -1.532e+01 -3.741e+00 -5.021e+00 -5.184e+00 -2.223e+01 -2.343e+01 -2.224e+01 -1.560e+01 -1.393e+01 -5.644e+00 -2.319e+01 -2.385e+01 -2.400e+01 -2.367e+01 -2.391e+01 -2.175e+01 -3.958e+00 -6.048e+00 -5.285e+00 -2.241e+01 -2.400e+01 -2.400e+01 -2.400e+01 -1.554e+01 -1.425e+01 -6.010e+00 -2.284e+01 -6.481e+00 -2.370e+01 -2.400e+01 -2.400e+01 -2.400e+01 -2.396e+01 -2.322e+01 -4.717e+00 -1.707e+01 -5.421e+00 -2.257e+01 -2.400e+01 -2.400e+01 -2.400e+01 -1.493e+01 -2.400e+01 -6.016e+00 -2.278e+01 -2.400e+01 -2.400e+01 -2.400e+01 -2.400e+01 -2.399e+01 -2.400e+01 -4.778e+00 -2.180e+01 -2.400e+01 -2.400e+01 -2.400e+01 -2.400e+01 -2.400e+01 -2.203e+01 -2.400e+01 -2.400e+01 -2.400e+01 -2.400e+01 -2.400e+01 -2.400e+01 -2.400e+01 -2.400e+01 -2.400e+01 -2.400e+01 -2.400e+01 -2.400e+01 -2.400e+01 -2.400e+01
-1.520 -2.520 12.578 13.712 0.045 0.040 1.000 -2.398e+01 -4.371e-01 -1.806e+01 -5.237e+00 -8.756e-01 -2.283e+01 -8.519e+00 -1.022e+01 -2.400e+01 -1.271e+01 -2.019e+01 -3.024e+00 -4.942e+00 -2.310e+01 -2.399e+01 -5.667e+00 -5.617e+00 -6.895e+00 -2.400e+01 -9.843e+00 -9.546e+00 -8.223e-01 -6.069e+00 -7.386e+00 -2.400e+01 -5.677e+00 -1.056e+01 -6.821e+00 -2.365e+01 -2.400e+01 -1.260e+01 -1.717e+01 -6.035e-01 -6.053e+00 -4.548e+00 -2.371e+01 -2.400e+01 -2.400e+01 -2.400e+01 -7.274e+00 -7.806e+00 -5.035e+00 -2.245e+01 -2.400e+01 -2.400e+01 -2.400e+01 -1.252e+01 -1.558e+01 -9.990e-01 -4.725e+00 -4.667e+00 -2.341e+01 -2.400e+01 -2.398e+01 -5.048e+00 -9.675e+00 -4.791e+00 -2.200e+01 -2.400e+01 -2.400e+01 -1.215e+01 -1.520e+01 -3.741e+00 -5.021e+00 -5.184e+00 -2.217e+01 -2.329e+01 -2.206e+01 -1.554e+01 -1.387e+01 -5.644e+00 -2.314e+01 -2.383e+01 -2.400e+01 -2.359e+01 -2.389e+01 -2.163e+01 -3.958e+00 -6.048e+00 -5.285e+00 -2.235e+01 -2.400e+01 -2.400e+01 -2.400e+01 -1.548e+01 -1.419e+01 -6.010e+00 -2.278e+01 -6.481e+00 -2.367e+01 -2.400e+01 -2.400e+01 -2.400e+01 -2.395e+01 -2.312e+01 -4.717e+00 -1.695e+01 -5.421e+00 -2.251e+01 -2.400e+01 -2.400e+01 -2.400e+01 -1.487e+01 -2.400e+01 -6.016e+00 -2.272e+01 -2.400e+01 -2.400e+01 -2.400e+01 -2.400e+01 -2.401e+01 -2.400e+01 -4.778e+00 -2.174e+01 -2.400e+01 -2.400e+01 -2.400e+01 -2.400e+01 -2.400e+01 -2.197e+01 -2.400e+01 -2.400e+01 -2.400e+01 -2.400e+01 -2.400e+01 -2.400e+01 -2.400e+01 -2.400e+01 -2.400e+01 -2.400e+01 -2.400e+01 -2.400e+01 -2.400e+01 -2.400e+01
-1.460 -2.536 12.602 13.668 0.037 0.040 1.000 -2.398e+01 -4.371e-01 -1.806e+01 -5.237e+00 -8.756e-01 -2.277e+01 -8.460e+00 -1.010e+01 -2.400e+01 -1.254e+01 -2.002e+01 -3.024e+00 -4.942e+00 -2.304e+01 -2.399e+01 -5.606e+00 -5.615e+00 -7.180e+00 -2.400e+01 -9.723e+00 -9.485e+00 -8.223e-01 -6.069e+00 -7.715e+00 -2.400e+01 -5.617e+00 -1.050e+01 -6.821e+00 -2.361e+01 -2.400e+01 -1.248e+01 -1.705e+01 -6.035e-01 -6.054e+00 -4.548e+00 -2.368e+01 -2.400e+01 -2.400e+01 -2.400e+01 -7.214e+00 -7.746e+00 -5.035e+00 -2.239e+01 -2.400e+01 -2.400e+01 -2.400e+01 -1.240e+01 -1.546e+01 -9.990e-01 -4.725e+00 -4.667e+00 -2.336e+01 -2.400e+01 -2.397e+01 -4.987e+00 -9.614e+00 -4.791e+00 -2.194e+01 -2.400e+01 -2.400e+01 -1.203e+01 -1.508e+01 -3.741e+00 -5.021e+00 -5.184e+00 -2.211e+01 -2.314e+01 -2.188e+01 -1.548e+01 -1.381e+01 -5.644e+00 -2.308e+01 -2.381e+01 -2.400e+01 -2.354e+01 -2.386e+01 -2.150e+01 -3.958e+00 -6.048e+00 -5.285e+00 -2.230e+01 -2.400e+01 -2.400e+01 -2.400e+01 -1.542e+01 -1.413e+01 -6.010e+00 -2.272e+01 -6.481e+00 -2.364e+01 -2.400e+01 -2.400e+01 -2.400e+01 -2.394e+01 -2.301e+01 -4.717e+00 -1.683e+01 -5.421e+00 -2.245e+01 -2.400e+01 -2.400e+01 -2.400e+01 -1.481e+01 -2.400e+01 -6.016e+00 -2.266e+01 -2.400e+01 -2.400e+01 -2.400e+01 -2.400e+01 -2.399e+01 -2.400e+01 -4.778e+00 -2.169e+01 -2.400e+01 -2.400e+01 -2.400e+01 -2.400e+01 -2.400e+01 -2.191e+01 -2.400e+01 -2.400e+01 -2.400e+01 -2.400e+01 -2.400e+01 -2.400e+01 -2.400e+01 -2.400e+01 -2.400e+01 -2.400e+01 -2.400e+01 -2.400e+01 -2.400e+01 -2.400e+01
-1.400 -2.400 12.626 13.645 0.045 0.040 1.000 -2.398e+01 -4.371e-01 -1.806e+01 -5.237e+00 -8.756e-01 -2.272e+01 -8.401e+00 -9.979e+00 -2.400e+01 -1.236e+01 -1.986e+01 -3.024e+00 -4.943e+00 -2.299e+01 -2.398e+01 -5.546e+00 -5.612e+00 -7.518e+00 -2.400e+01 -9.602e+00 -9.423e+00 -8.223e-01 -6.068e+00 -8.094e+00 -2.400e+01 -5.557e+00 -1.044e+01 -6.821e+00 -2.357e+01 -2.400e+01 -1.236e+01 -1.693e+01 -6.035e-01 -6.055e+00 -4.548e+00 -2.365e+01 -2.400e+01 -2.400e+01 -2.400e+01 -7.154e+00 -7.686e+00 -5.035e+00 -2.233e+01 -2.400e+01 -2.400e+01 -2.400e+01 -1.228e+01 -1.534e+01 -9.991e-01 -4.725e+00 -4.667e+00 -2.331e+01 -2.400e+01 -2.395e+01 -4.926e+00 -9.554e+00 -4.791e+00 -2.188e+01 -2.400e+01 -2.400e+01 -1.191e+01 -1.496e+01 -3.741e+00 -5.021e+00 -5.184e+00 -2.206e+01 -2.298e+01 -2.170e+01 -1.542e+01 -1.375e+01 -5.644e+00 -2.303e+01 -2.379e+01 -2.400e+01 -2.344e+01 -2.382e+01 -2.138e+01 -3.958e+00 -6.048e+00 -5.285e+00 -2.224e+01 -2.400e+01 -2.400e+01 -2.400e+01 -1.536e+01 -1.407e+01 -6.010e+00 -2.267e+01 -6.481e+00 -2.360e+01 -2.400e+01 -2.400e+01 -2.400e+01 -2.392e+01 -2.290e+01 -4.717e+00 -1.671e+01 -5.421e+00 -2.240e+01 -2.400e+01 -2.400e+01 -2.400e+01 -1.475e+01 -2.400e+01 -6.016e+00 -2.261e+01 -2.400e+01 -2.400e+01 -2.400e+01 -2.400e+01 -2.402e+01 -2.400e+01 -4.778e+00 -2.163e+01 -2.400e+01 -2.400e+01 -2.400e+01 -2.400e+01 -2.400e+01 -2.185e+01 -2.400e+01 -2.400e+01 -2.400e+01 -2.400e+01 -2.400e+01 -2.400e+01 -2.400e+01 -2.400e+01 -2.400e+01 -2.400e+01 -2.400e+01 -2.400e+01 -2.400e+01 -2.400e+01
-1.340 -2.416 12.651 13.630 0.045 0.039 1.000 -2.398e+01 -4.371e-01 -1.806e+01 -5.237e+00 -8.756e-01 -2.266e+01 -8.343e+00 -9.861e+00 -2.400e+01 -1.218e+01 -1.969e+01 -3.024e+00 -4.943e+00 -2.293e+01 -2.398e+01 -5.486e+00 -5.609e+00 -7.930e+00 -2.400e+01 -9.482e+00 -9.362e+00 -8.223e-01 -6.068e+00 -8.546e+00 -2.400e+01 -5.496e+00 -1.038e+01 -6.821e+00 -2.354e+01 -2.400e+01 -1.224e+01 -1.681e+01 -6.035e-01 -6.056e+00 -4.548e+00 -2.362e+01 -2.400e+01 -2.400e+01 -2.400e+01 -7.093e+00 -7.627e+00 -5.035e+00 -2.228e+01 -2.400e+01 -2.400e+01 -2.400e+01 -1.216e+01 -1.522e+01 -9.991e-01 -4.725e+00 -4.667e+00 -2.327e+01 -2.400e+01 -2.392e+01 -4.866e+00 -9.494e+00 -4.791e+00 -2.182e+01 -2.400e+01 -2.400e+01 -1.179e+01 -1.484e+01 -3.741e+00 -5.021e+00 -5.184e+00 -2.200e+01 -2.282e+01 -2.152e+01 -1.536e+01 -1.369e+01 -5.644e+00 -2.298e+01 -2.377e+01 -2.400e+01 -2.339e+01 -2.378e+01 -2.126e+01 -3.958e+00 -6.048e+00 -5.285e+00 -2.218e+01 -2.400e+01 -2.400e+01 -2.400e+01 -1.530e+01 -1.401e+01 -6.010e+00 -2.261e+01 -6.481e+00 -2.357e+01 -2.400e+01 -2.400e+01 -2.400e+01 -2.390e+01 -2.279e+01 -4.717e+00 -1.659e+01 -5.421e+00 -2.234e+01 -2.400e+01 -2.400e+01 -2.400e+01 -1.469e+01 -2.400e+01 -6.016e+00 -2.255e+01 -2.400e+01 -2.400e+01 -2.400e+01 -2.400e+01 -2.402e+01 -2.400e+01 -4.778e+00 -2.157e+01 -2.400e+01 -2.400e+01 -2.400e+01 -2.400e+01 -2.400e+01 -2.180e+01 -2.400e+01 -2.400e+01 -2.400e+01 -2.400e+01 -2.400e+01 -2.400e+01 -2.400e+01 -2.400e+01 -2.400e+01 -2.400e+01 -2.400e+01 -2.400e+01 -2.400e+01 -2.400e+01
-1.280 -2.280 12.678 13.625 0.045 0.039 1.000 -2.398e+01 -4.371e-01 -1.806e+01 -5.237e+00 -8.756e-01 -2.261e+01 -8.284e+00 -9.743e+00 -2.400e+01 -1.201e+01 -1.953e+01 -3.024e+00 -4.944e+00 -2.288e+01 -2.396e+01 -5.426e+00 -5.606e+00 -8.416e+00 -2.400e+01 -9.362e+00 -9.299e+00 -8.223e-01 -6.068e+00 -9.068e+00 -2.400e+01 -5.436e+00 -1.032e+01 -6.822e+00 -2.350e+01 -2.400e+01 -1.212e+01 -1.669e+01 -6.035e-01 -6.058e+00 -4.548e+00 -2.358e+01 -2.400e+01 -2.400e+01 -2.400e+01 -7.033e+00 -7.567e+00 -5.035e+00 -2.222e+01 -2.400e+01 -2.400e+01 -2.400e+01 -1.204e+01 -1.510e+01 -9.991e-01 -4.725e+00 -4.667e+00 -2.322e+01 -2.400e+01 -2.389e+01 -4.805e+00 -9.434e+00 -4.791e+00 -2.176e+01 -2.400e+01 -2.400e+01 -1.167e+01 -1.472e+01 -3.741e+00 -5.021e+00 -5.184e+00 -2.194e+01 -2.264e+01 -2.134e+01 -1.530e+01 -1.363e+01 -5.644e+00 -2.292e+01 -2.374e+01 -2.400e+01 -2.327e+01 -2.372e+01 -2.114e+01 -3.958e+00 -6.048e+00 -5.285e+00 -2.212e+01 -2.400e+01 -2.400e+01 -2.400e+01 -1.524e+01 -1.395e+01 -6.010e+00 -2.255e+01 -6.481e+00 -2.353e+01 -2.400e+01 -2.400e+01 -2.400e+01 -2.387e+01 -2.267e+01 -4.717e+00 -1.647e+01 -5.421e+00 -2.228e+01 -2.400e+01 -2.400e+01 -2.400e+01 -1.463e+01 -2.400e+01 -6.016e+00 -2.249e+01 -2.400e+01 -2.400e+01 -2.400e+01 -2.400e+01 -2.401e+01 -2.400e+01 -4.778e+00 -2.151e+01 -2.400e+01 -2.400e+01 -2.400e+01 -2.400e+01 -2.400e+01 -2.174e+01 -2.400e+01 -2.400e+01 -2.400e+01 -2.400e+01 -2.400e+01 -2.400e+01 -2.400e+01 -2.400e+01 -2.400e+01 -2.400e+01 -2.400e+01 -2.400e+01 -2.400e+01 -2.400e+01
-1.220 -2.296 12.707 13.623 0.045 0.039 1.000 -2.398e+01 -4.372e-01 -1.806e+01 -5.237e+00 -8.756e-01 -2.255e+01 -8.226e+00 -9.625e+00 -2.400e+01 -1.183e+01 -1.936e+01 -3.024e+00 -4.945e+00 -2.282e+01 -2.394e+01 -5.366e+00 -5.602e+00 -9.013e+00 -2.400e+01 -9.241e+00 -9.237e+00 -8.223e-01 -6.068e+00 -9.700e+00 -2.400e+01 -5.376e+00 -1.026e+01 -6.822e+00 -2.345e+01 -2.400e+01 -1.200e+01 -1.657e+01 -6.035e-01 -6.060e+00 -4.548e+00 -2.354e+01 -2.400e+01 -2.400e+01 -2.399e+01 -6.973e+00 -7.508e+00 -5.035e+00 -2.216e+01 -2.400e+01 -2.400e+01 -2.400e+01 -1.192e+01 -1.497e+01 -9.991e-01 -4.724e+00 -4.668e+00 -2.317e+01 -2.400e+01 -2.384e+01 -4.744e+00 -9.374e+00 -4.790e+00 -2.171e+01 -2.400e+01 -2.400e+01 -1.154e+01 -1.460e+01 -3.741e+00 -5.021e+00 -5.184e+00 -2.188e+01 -2.247e+01 -2.116e+01 -1.524e+01 -1.356e+01 -5.644e+00 -2.287e+01 -2.371e+01 -2.400e+01 -2.321e+01 -2.366e+01 -2.102e+01 -3.958e+00 -6.048e+00 -5.285e+00 -2.206e+01 -2.400e+01 -2.400e+01 -2.400e+01 -1.518e+01 -1.389e+01 -6.010e+00 -2.250e+01 -6.481e+00 -2.349e+01 -2.400e+01 -2.400e+01 -2.400e+01 -2.384e+01 -2.256e+01 -4.717e+00 -1.635e+01 -5.421e+00 -2.222e+01 -2.400e+01 -2.400e+01 -2.400e+01 -1.457e+01 -2.400e+01 -6.016e+00 -2.244e+01 -2.400e+01 -2.400e+01 -2.400e+01 -2.400e+01 -2.400e+01 -2.400e+01 -4.778e+00 -2.145e+01 -2.400e+01 -2.400e+01 -2.400e+01 -2.400e+01 -2.400e+01 -2.168e+01 -2.400e+01 -2.400e+01 -2.400e+01 -2.400e+01 -2.400e+01 -2.400e+01 -2.400e+01 -2.400e+01 -2.400e+01 -2.400e+01 -2.400e+01 -2.400e+01 -2.400e+01 -2.400e+01
-1.160 -2.160 12.738 13.624 0.045 0.040 1.000 -2.398e+01 -4.372e-01 -1.806e+01 -5.237e+00 -8.756e-01 -2.250e+01 -8.168e+00 -9.508e+00 -2.400e+01 -1.166e+01 -1.919e+01 -3.025e+00 -4.946e+00 -2.277e+01 -2.391e+01 -5.306e+00 -5.597e+00 -9.714e+00 -2.400e+01 -9.121e+00 -9.175e+00 -8.223e-01 -6.068e+00 -1.043e+01 -2.400e+01 -5.316e+00 -1.020e+01 -6.822e+00 -2.341e+01 -2.400e+01 -1.188e+01 -1.645e+01 -6.035e-01 -6.062e+00 -4.548e+00 -2.350e+01 -2.400e+01 -2.400e+01 -2.399e+01 -6.913e+00 -7.448e+00 -5.035e+00 -2.210e+01 -2.400e+01 -2.400e+01 -2.400e+01 -1.179e+01 -1.485e+01 -9.991e-01 -4.724e+00 -4.668e+00 -2.312e+01 -2.400e+01 -2.378e+01 -4.683e+00 -9.313e+00 -4.790e+00 -2.165e+01 -2.400e+01 -2.400e+01 -1.142e+01 -1.448e+01 -3.741e+00 -5.021e+00 -5.184e+00 -2.182e+01 -2.230e+01 -2.099e+01 -1.517e+01 -1.350e+01 -5.644e+00 -2.282e+01 -2.369e+01 -2.400e+01 -2.308e+01 -2.359e+01 -2.090e+01 -3.958e+00 -6.048e+00 -5.285e+00 -2.201e+01 -2.400e+01 -2.400e+01 -2.400e+01 -1.512e+01 -1.383e+01 -6.010e+00 -2.244e+01 -6.481e+00 -2.345e+01 -2.400e+01 -2.400e+01 -2.400e+01 -2.380e+01 -2.244e+01 -4.717e+00 -1.622e+01 -5.421e+00 -2.217e+01 -2.400e+01 -2.400e+01 -2.400e+01 -1.451e+01 -2.400e+01 -6.016e+00 -2.238e+01 -2.400e+01 -2.400e+01 -2.400e+01 -2.400e+01 -2.399e+01 -2.400e+01 -4.778e+00 -2.139e+01 -2.400e+01 -2.400e+01 -2.400e+01 -2.400e+01 -2.400e+01 -2.162e+01 -2.400e+01 -2.400e+01 -2.400e+01 -2.400e+01 -2.400e+01 -2.400e+01 -2.400e+01 -2.400e+01 -2.400e+01 -2.400e+01 -2.400e+01 -2.400e+01 -2.400e+01 -2.400e+01
-1.100 -2.176 12.771 13.625 0.045 0.039 1.000 -2.398e+01 -4.372e-01 -1.806e+01 -5.237e+00 -8.756e-01 -2.244e+01 -8.111e+00 -9.391e+00 -2.400e+01 -1.149e+01 -1.902e+01 -3.025e+00 -4.947e+00 -2.271e+01 -2.386e+01 -5.246e+00 -5.592e+00 -1.045e+01 -2.400e+01 -9.001e+00 -9.112e+00 -8.223e-01 -6.068e+00 -1.120e+01 -2.400e+01 -5.255e+00 -1.014e+01 -6.823e+00 -2.337e+01 -2.400e+01 -1.176e+01 -1.633e+01 -6.035e-01 -6.064e+00 -4.548e+00 -2.346e+01 -2.400e+01 -2.400e+01 -2.399e+01 -6.852e+00 -7.389e+00 -5.035e+00 -2.205e+01 -2.400e+01 -2.400e+01 -2.400e+01 -1.167e+01 -1.473e+01 -9.991e-01 -4.723e+00 -4.668e+00 -2.307e+01 -2.400e+01 -2.370e+01 -4.623e+00 -9.253e+00 -4.790e+00 -2.159e+01 -2.400e+01 -2.400e+01 -1.130e+01 -1.435e+01 -3.741e+00 -5.021e+00 -5.184e+00 -2.177e+01 -2.212e+01 -2.081e+01 -1.511e+01 -1.344e+01 -5.644e+00 -2.276e+01 -2.365e+01 -2.400e+01 -2.301e+01 -2.351e+01 -2.077e+01 -3.958e+00 -6.048e+00 -5.285e+00 -2.195e+01 -2.400e+01 -2.400e+01 -2.400e+01 -1.506e+01 -1.377e+01 -6.010e+00 -2.239e+01 -6.481e+00 -2.341e+01 -2.400e+01 -2.400e+01 -2.400e+01 -2.375e+01 -2.232e+01 -4.717e+00 -1.610e+01 -5.421e+00 -2.211e+01 -2.400e+01 -2.400e+01 -2.400e+01 -1.445e+01 -2.399e+01 -6.016e+00 -2.232e+01 -2.400e+01 -2.400e+01 -2.400e+01 -2.400e+01 -2.398e+01 -2.400e+01 -4.778e+00 -2.133e+01 -2.400e+01 -2.400e+01 -2.400e+01 -2.400e+01 -2.400e+01 -2.156e+01 -2.400e+01 -2.400e+01 -2.400e+01 -2.400e+01 -2.400e+01 -2.400e+01 -2.400e+01 -2.400e+01 -2.400e+01 -2.400e+01 -2.400e+01 -2.400e+01 -2.400e+01 -2.400e+01
-1.040 -2.040 12.806 13.626 0.045 0.039 1.000 -2.398e+01 -4.372e-01 -1.806e+01 -5.237e+00 -8.756e-01 -2.238e+01 -8.054e+00 -9.275e+00 -2.400e+01 -1.132e+01 -1.885e+01 -3.025e+00 -4.948e+00 -2.265e+01 -2.380e+01 -5.186e+00 -5.586e+00 -1.135e+01 -2.400e+01 -8.880e+00 -9.049e+00 -8.223e-01 -6.067e+00 -1.212e+01 -2.400e+01 -5.195e+00 -1.008e+01 -6.823e+00 -2.333e+01 -2.400e+01 -1.164e+01 -1.621e+01 -6.035e-01 -6.067e+00 -4.548e+00 -2.342e+01 -2.400e+01 -2.400e+01 -2.398e+01 -6.792e+00 -7.330e+00 -5.035e+00 -2.199e+01 -2.400e+01 -2.400e+01 -2.400e+01 -1.155e+01 -1.461e+01 -9.991e-01 -4.723e+00 -4.668e+00 -2.302e+01 -2.400e+01 -2.360e+01 -4.562e+00 -9.193e+00 -4.789e+00 -2.153e+01 -2.400e+01 -2.400e+01 -1.118e+01 -1.423e+01 -3.741e+00 -5.021e+00 -5.184e+00 -2.171e+01 -2.194e+01 -2.063e+01 -1.505e+01 -1.338e+01 -5.644e+00 -2.271e+01 -2.362e+01 -2.400e+01 -2.288e+01 -2.343e+01 -2.065e+01 -3.958e+00 -6.048e+00 -5.285e+00 -2.189e+01 -2.400e+01 -2.400e+01 -2.400e+01 -1.500e+01 -1.371e+01 -6.010e+00 -2.233e+01 -6.481e+00 -2.336e+01 -2.400e+01 -2.400e+01 -2.400e+01 -2.370e+01 -2.221e+01 -4.717e+00 -1.598e+01 -5.421e+00 -2.205e+01 -2.400e+01 -2.400e+01 -2.400e+01 -1.439e+01 -2.399e+01 -6.016e+00 -2.227e+01 -2.400e+01 -2.400e+01 -2.400e+01 -2.400e+01 -2.397e+01 -2.400e+01 -4.778e+00 -2.127e+01 -2.400e+01 -2.400e+01 -2.400e+01 -2.400e+01 -2.400e+01 -2.150e+01 -2.400e+01 -2.400e+01 -2.400e+01 -2.400e+01 -2.400e+01 -2.400e+01 -2.400e+01 -2.400e+01 -2.400e+01 -2.400e+01 -2.400e+01 -2.400e+01 -2.400e+01 -2.400e+01
-0.980 -2.056 12.843 13.627 0.045 0.039 1.000 -2.398e+01 -4.372e-01 -1.806e+01 -5.237e+00 -8.756e-01 -2.233e+01 -7.997e+00 -9.159e+00 -2.400e+01 -1.115e+01 -1.868e+01 -3.026e+00 -4.950e+00 -2.259e+01 -2.372e+01 -5.126e+00 -5.579e+00 -1.240e+01 -2.400e+01 -8.760e+00 -8.985e+00 -8.223e-01 -6.067e+00 -1.323e+01 -2.400e+01 -5.135e+00 -1.002e+01 -6.824e+00 -2.328e+01 -2.400e+01 -1.152e+01 -1.609e+01 -6.035e-01 -6.070e+00 -4.548e+00 -2.338e+01 -2.400e+01 -2.400e+01 -2.397e+01 -6.732e+00 -7.272e+00 -5.035e+00 -2.193e+01 -2.400e+01 -2.400e+01 -2.400e+01 -1.143e+01 -1.449e+01 -9.991e-01 -4.722e+00 -4.669e+00 -2.297e+01 -2.400e+01 -2.348e+01 -4.501e+00 -9.132e+00 -4.789e+00 -2.148e+01 -2.400e+01 -2.400e+01 -1.106e+01 -1.411e+01 -3.741e+00 -5.021e+00 -5.184e+00 -2.165e+01 -2.177e+01 -2.045e+01 -1.499e+01 -1.332e+01 -5.644e+00 -2.265e+01 -2.359e+01 -2.400e+01 -2.281e+01 -2.334e+01 -2.053e+01 -3.958e+00 -6.048e+00 -5.285e+00 -2.184e+01 -2.400e+01 -2.400e+01 -2.400e+01 -1.494e+01 -1.365e+01 -6.010e+00 -2.227e+01 -6.481e+00 -2.332e+01 -2.400e+01 -2.400e+01 -2.400e+01 -2.363e+01 -2.209e+01 -4.717e+00 -1.586e+01 -5.421e+00 -2.200e+01 -2.400e+01 -2.400e+01 -2.400e+01 -1.433e+01 -2.398e+01 -6.016e+00 -2.221e+01 -2.400e+01 -2.400e+01 -2.400e+01 -2.400e+01 -2.395e+01 -2.400e+01 -4.778e+00 -2.121e+01 -2.400e+01 -2.400e+01 -2.400e+01 -2.400e+01 -2.400e+01 -2.145e+01 -2.400e+01 -2.400e+01 -2.400e+01 -2.400e+01 -2.400e+01 -2.400e+01 -2.400e+01 -2.400e+01 -2.400e+01 -2.400e+01 -2.400e+01 -2.400e+01 -2.400e+01 -2.400e+01
-0.920 -1.920 12.882 13.628 0.045 0.040 1.000 -2.398e+01 -4.372e-01 -1.806e+01 -5.238e+00 -8.756e-01 -2.227e+01 -7.941e+00 -9.044e+00 -2.400e+01 -1.098e+01 -1.851e+01 -3.026e+00 -4.951e+00 -2.254e+01 -2.362e+01 -5.066e+00 -5.572e+00 -1.322e+01 -2.400e+01 -8.639e+00 -8.921e+00 -8.223e-01 -6.066e+00 -1.443e+01 -2.400e+01 -5.075e+00 -9.955e+00 -6.825e+00 -2.324e+01 -2.400e+01 -1.140e+01 -1.597e+01 -6.035e-01 -6.074e+00 -4.548e+00 -2.334e+01 -2.400e+01 -2.400e+01 -2.396e+01 -6.671e+00 -7.213e+00 -5.035e+00 -2.188e+01 -2.400e+01 -2.400e+01 -2.400e+01 -1.131e+01 -1.437e+01 -9.992e-01 -4.721e+00 -4.669e+00 -2.292e+01 -2.400e+01 -2.335e+01 -4.441e+00 -9.072e+00 -4.788e+00 -2.142e+01 -2.400e+01 -2.400e+01 -1.094e+01 -1.399e+01 -3.741e+00 -5.021e+00 -5.184e+00 -2.160e+01 -2.159e+01 -2.028e+01 -1.493e+01 -1.326e+01 -5.644e+00 -2.260e+01 -2.355e+01 -2.400e+01 -2.267e+01 -2.324e+01 -2.041e+01 -3.958e+00 -6.048e+00 -5.285e+00 -2.178e+01 -2.400e+01 -2.400e+01 -2.400e+01 -1.489e+01 -1.359e+01 -6.010e+00 -2.222e+01 -6.481e+00 -2.327e+01 -2.400e+01 -2.400e+01 -2.400e+01 -2.356e+01 -2.197e+01 -4.717e+00 -1.574e+01 -5.421e+00 -2.194e+01 -2.400e+01 -2.400e+01 -2.400e+01 -1.427e+01 -2.397e+01 -6.016e+00 -2.216e+01 -2.400e+01 -2.400e+01 -2.400e+01 -2.400e+01 -2.392e+01 -2.400e+01 -4.778e+00 -2.115e+01 -2.400e+01 -2.400e+01 -2.400e+01 -2.400e+01 -2.400e+01 -2.139e+01 -2.400e+01 -2.400e+01 -2.400e+01 -2.400e+01 -2.400e+01 -2.400e+01 -2.400e+01 -2.400e+01 -2.400e+01 -2.400e+01 -2.400e+01 -2.400e+01 -2.400e+01 -2.400e+01
-0.860 -1.936 12.924 13.629 0.045 0.040 1.000 -2.398e+01 -4.372e-01 -1.806e+01 -5.238e+00 -8.756e-01 -2.222e+01 -7.885e+00 -8.930e+00 -2.400e+01 -1.081e+01 -1.834e+01 -3.027e+00 -4.953e+00 -2.248e+01 -2.349e+01 -5.006e+00 -5.564e+00 -1.336e+01 -2.400e+01 -8.519e+00 -8.856e+00 -8.223e-01 -6.065e+00 -1.590e+01 -2.400e+01 -5.014e+00 -9.894e+00 -6.825e+00 -2.320e+01 -2.400e+01 -1.128e+01 -1.584e+01 -6.035e-01 -6.078e+00 -4.548e+00 -2.329e+01 -2.400e+01 -2.400e+01 -2.394e+01 -6.611e+00 -7.155e+00 -5.035e+00 -2.182e+01 -2.400e+01 -2.400e+01 -2.400e+01 -1.119e+01 -1.425e+01 -9.992e-01 -4.719e+00 -4.670e+00 -2.286e+01 -2.400e+01 -2.320e+01 -4.380e+00 -9.011e+00 -4.787e+00 -2.136e+01 -2.400e+01 -2.400e+01 -1.082e+01 -1.387e+01 -3.741e+00 -5.021e+00 -5.184e+00 -2.154e+01 -2.141e+01 -2.010e+01 -1.487e+01 -1.320e+01 -5.644e+00 -2.255e+01 -2.352e+01 -2.400e+01 -2.260e+01 -2.314e+01 -2.029e+01 -3.958e+00 -6.048e+00 -5.285e+00 -2.172e+01 -2.400e+01 -2.400e+01 -2.400e+01 -1.483e+01 -1.353e+01 -6.010e+00 -2.216e+01 -6.481e+00 -2.323e+01 -2.400e+01 -2.400e+01 -2.400e+01 -2.348e+01 -2.185e+01 -4.717e+00 -1.562e+01 -5.421e+00 -2.189e+01 -2.400e+01 -2.400e+01 -2.400e+01 -1.421e+01 -2.396e+01 -6.016e+00 -2.210e+01 -2.400e+01 -2.400e+01 -2.400e+01 -2.400e+01 -2.389e+01 -2.400e+01 -4.778e+00 -2.109e+01 -2.400e+01 -2.400e+01 -2.400e+01 -2.400e+01 -2.400e+01 -2.133e+01 -2.400e+01 -2.400e+01 -2.400e+01 -2.400e+01 -2.400e+01 -2.400e+01 -2.400e+01 -2.400e+01 -2.400e+01 -2.400e+01 -2.400e+01 -2.400e+01 -2.400e+01 -2.400e+01
-0.800 -1.800 12.967 13.631 0.045 0.039 1.000 -2.399e+01 -4.372e-01 -1.806e+01 -5.238e+00 -8.756e-01 -2.216e+01 -7.830e+00 -8.817e+00 -2.400e+01 -1.065e+01 -1.817e+01 -3.027e+00 -4.955e+00 -2.242e+01 -2.336e+01 -4.946e+00 -5.554e+00 -1.330e+01 -2.400e+01 -8.399e+00 -8.791e+00 -8.223e-01 -6.064e+00 -1.602e+01 -2.400e+01 -4.954e+00 -9.833e+00 -6.826e+00 -2.315e+01 -2.400e+01 -1.116e+01 -1.572e+01 -6.035e-01 -6.083e+00 -4.548e+00 -2.325e+01 -2.400e+01 -2.400e+01 -2.392e+01 -6.551e+00 -7.097e+00 -5.035e+00 -2.177e+01 -2.400e+01 -2.400e+01 -2.400e+01 -1.107e+01 -1.413e+01 -9.992e-01 -4.717e+00 -4.670e+00 -2.281e+01 -2.400e+01 -2.304e+01 -4.320e+00 -8.950e+00 -4.787e+00 -2.131e+01 -2.400e+01 -2.400e+01 -1.070e+01 -1.375e+01 -3.741e+00 -5.021e+00 -5.184e+00 -2.149e+01 -2.124e+01 -1.992e+01 -1.481e+01 -1.313e+01 -5.644e+00 -2.249e+01 -2.348e+01 -2.400e+01 -2.245e+01 -2.303e+01 -2.017e+01 -3.958e+00 -6.048e+00 -5.285e+00 -2.167e+01 -2.400e+01 -2.400e+01 -2.400e+01 -1.477e+01 -1.347e+01 -6.010e+00 -2.211e+01 -6.481e+00 -2.318e+01 -2.400e+01 -2.400e+01 -2.400e+01 -2.340e+01 -2.173e+01 -4.717e+00 -1.550e+01 -5.421e+00 -2.183e+01 -2.400e+01 -2.400e+01 -2.400e+01 -1.415e+01 -2.394e+01 -6.016e+00 -2.205e+01 -2.400e+01 -2.400e+01 -2.400e+01 -2.400e+01 -2.386e+01 -2.400e+01 -4.778e+00 -2.104e+01 -2.400e+01 -2.400e+01 -2.400e+01 -2.400e+01 -2.400e+01 -2.128e+01 -2.400e+01 -2.400e+01 -2.400e+01 -2.400e+01 -2.400e+01 -2.400e+01 -2.400e+01 -2.400e+01 -2.400e+01 -2.400e+01 -2.400e+01 -2.400e+01 -2.400e+01 -2.400e+01
-0.740 -1.816 13.011 13.632 0.045 0.039 1.000 -2.399e+01 -4.372e-01 -1.806e+01 -5.238e+00 -8.756e-01 -2.211e+01 -7.776e+00 -8.705e+00 -2.400e+01 -1.049e+01 -1.799e+01 -3.028e+00 -4.958e+00 -2.236e+01 -2.321e+01 -4.886e+00 -5.544e+00 -1.323e+01 -2.400e+01 -8.279e+00 -8.725e+00 -8.223e-01 -6.063e+00 -1.596e+01 -2.400e+01 -4.894e+00 -9.772e+00 -6.827e+00 -2.311e+01 -2.400e+01 -1.104e+01 -1.560e+01 -6.035e-01 -6.089e+00 -4.548e+00 -2.321e+01 -2.400e+01 -2.400e+01 -2.388e+01 -6.491e+00 -7.039e+00 -5.035e+00 -2.171e+01 -2.400e+01 -2.400e+01 -2.400e+01 -1.095e+01 -1.401e+01 -9.992e-01 -4.715e+00 -4.671e+00 -2.276e+01 -2.399e+01 -2.288e+01 -4.259e+00 -8.889e+00 -4.786e+00 -2.126e+01 -2.400e+01 -2.400e+01 -1.058e+01 -1.363e+01 -3.741e+00 -5.021e+00 -5.184e+00 -2.143e+01 -2.106e+01 -1.975e+01 -1.475e+01 -1.307e+01 -5.644e+00 -2.244e+01 -2.344e+01 -2.400e+01 -2.238e+01 -2.292e+01 -2.004e+01 -3.958e+00 -6.048e+00 -5.285e+00 -2.162e+01 -2.400e+01 -2.400e+01 -2.400e+01 -1.471e+01 -1.341e+01 -6.010e+00 -2.206e+01 -6.481e+00 -2.314e+01 -2.400e+01 -2.400e+01 -2.400e+01 -2.331e+01 -2.161e+01 -4.717e+00 -1.538e+01 -5.421e+00 -2.178e+01 -2.400e+01 -2.400e+01 -2.400e+01 -1.409e+01 -2.391e+01 -6.016e+00 -2.199e+01 -2.400e+01 -2.400e+01 -2.400e+01 -2.400e+01 -2.382e+01 -2.400e+01 -4.778e+00 -2.098e+01 -2.400e+01 -2.400e+01 -2.400e+01 -2.400e+01 -2.400e+01 -2.122e+01 -2.400e+01 -2.400e+01 -2.400e+01 -2.400e+01 -2.400e+01 -2.400e+01 -2.400e+01 -2.400e+01 -2.400e+01 -2.400e+01 -2.400e+01 -2.400e+01 -2.400e+01 -2.400e+01
-0.680 -1.680 13.058 13.634 0.052 0.039 1.000 -2.399e+01 -4.372e-01 -1.806e+01 -5.238e+00 -8.756e-01 -2.206e+01 -7.723e+00 -8.593e+00 -2.400e+01 -1.033e+01 -1.782e+01 -3.029e+00 -4.960e+00 -2.231e+01 -2.306e+01 -4.826e+00 -5.532e+00 -1.317e+01 -2.400e+01 -8.159e+00 -8.658e+00 -8.223e-01 -6.061e+00 -1.589e+01 -2.400e+01 -4.834e+00 -9.711e+00 -6.829e+00 -2.307e+01 -2.400e+01 -1.093e+01 -1.548e+01 -6.035e-01 -6.095e+00 -4.548e+00 -2.316e+01 -2.400e+01 -2.400e+01 -2.383e+01 -6.431e+00 -6.982e+00 -5.035e+00 -2.166e+01 -2.400e+01 -2.400e+01 -2.400e+01 -1.083e+01 -1.389e+01 -9.993e-01 -4.711e+00 -4.672e+00 -2.271e+01 -2.399e+01 -2.271e+01 -4.199e+00 -8.828e+00 -4.785e+00 -2.120e+01 -2.400e+01 -2.400e+01 -1.046e+01 -1.351e+01 -3.741e+00 -5.021e+00 -5.184e+00 -2.138e+01 -2.089e+01 -1.957e+01 -1.469e+01 -1.301e+01 -5.644e+00 -2.239e+01 -2.340e+01 -2.400e+01 -2.224e+01 -2.281e+01 -1.992e+01 -3.958e+00 -6.048e+00 -5.285e+00 -2.156e+01 -2.400e+01 -2.400e+01 -2.400e+01 -1.465e+01 -1.335e+01 -6.010e+00 -2.200e+01 -6.481e+00 -2.309e+01 -2.400e+01 -2.400e+01 -2.400e+01 -2.321e+01 -2.150e+01 -4.717e+00 -1.526e+01 -5.421e+00 -2.173e+01 -2.400e+01 -2.400e+01 -2.400e+01 -1.403e+01 -2.387e+01 -6.016e+00 -2.194e+01 -2.400e+01 -2.400e+01 -2.400e+01 -2.400e+01 -2.377e+01 -2.400e+01 -4.778e+00 -2.092e+01 -2.400e+01 -2.400e+01 -2.400e+01 -2.400e+01 -2.400e+01 -2.117e+01 -2.400e+01 -2.400e+01 -2.400e+01 -2.400e+01 -2.400e+01 -2.400e+01 -2.400e+01 -2.400e+01 -2.400e+01 -2.400e+01 -2.400e+01 -2.400e+01 -2.400e+01 -2.400e+01
-0.620 -1.696 13.106 13.636 0.045 0.039 1.000 -2.399e+01 -4.372e-01 -1.806e+01 -5.239e+00 -8.756e-01 -2.200e+01 -7.670e+00 -8.484e+00 -2.400e+01 -1.017e+01 -1.765e+01 -3.030e+00 -4.964e+00 -2.225e+01 -2.290e+01 -4.767e+00 -5.519e+00 -1.309e+01 -2.400e+01 -8.039e+00 -8.591e+00 -8.224e-01 -6.058e+00 -1.583e+01 -2.400e+01 -4.774e+00 -9.649e+00 -6.830e+00 -2.303e+01 -2.400e+01 -1.081e+01 -1.536e+01 -6.035e-01 -6.103e+00 -4.548e+00 -2.312e+01 -2.400e+01 -2.400e+01 -2.376e+01 -6.370e+00 -6.925e+00 -5.035e+00 -2.161e+01 -2.400e+01 -2.400e+01 -2.400e+01 -1.071e+01 -1.377e+01 -9.993e-01 -4.707e+00 -4.673e+00 -2.266e+01 -2.398e+01 -2.254e+01 -4.139e+00 -8.766e+00 -4.783e+00 -2.115e+01 -2.400e+01 -2.400e+01 -1.034e+01 -1.339e+01 -3.741e+00 -5.021e+00 -5.184e+00 -2.133e+01 -2.072e+01 -1.940e+01 -1.463e+01 -1.295e+01 -5.644e+00 -2.234e+01 -2.336e+01 -2.400e+01 -2.217e+01 -2.270e+01 -1.980e+01 -3.958e+00 -6.048e+00 -5.285e+00 -2.151e+01 -2.400e+01 -2.400e+01 -2.400e+01 -1.459e+01 -1.330e+01 -6.010e+00 -2.195e+01 -6.481e+00 -2.304e+01 -2.400e+01 -2.400e+01 -2.400e+01 -2.311e+01 -2.138e+01 -4.717e+00 -1.514e+01 -5.421e+00 -2.167e+01 -2.400e+01 -2.400e+01 -2.400e+01 -1.397e+01 -2.381e+01 -6.016e+00 -2.189e+01 -2.400e+01 -2.400e+01 -2.400e+01 -2.400e+01 -2.371e+01 -2.400e+01 -4.778e+00 -2.086e+01 -2.400e+01 -2.400e+01 -2.400e+01 -2.400e+01 -2.400e+01 -2.111e+01 -2.400e+01 -2.400e+01 -2.400e+01 -2.400e+01 -2.400e+01 -2.400e+01 -2.400e+01 -2.400e+01 -2.400e+01 -2.400e+01 -2.400e+01 -2.400e+01 -2.400e+01 -2.400e+01
-0.560 -1.560 13.155 13.638 0.060 0.039 1.000 -2.399e+01 -4.372e-01 -1.806e+01 -5.239e+00 -8.756e-01 -2.195e+01 -7.619e+00 -8.375e+00 -2.400e+01 -1.002e+01 -1.748e+01 -3.031e+00 -4.967e+00 -2.219e+01 -2.274e+01 -4.707e+00 -5.505e+00 -1.303e+01 -2.400e+01 -7.918e+00 -8.522e+00 -8.224e-01 -6.055e+00 -1.578e+01 -2.400e+01 -4.713e+00 -9.587e+00 -6.832e+00 -2.299e+01 -2.400e+01 -1.069e+01 -1.524e+01 -6.035e-01 -6.111e+00 -4.548e+00 -2.307e+01 -2.400e+01 -2.400e+01 -2.368e+01 -6.310e+00 -6.869e+00 -5.035e+00 -2.156e+01 -2.400e+01 -2.400e+01 -2.400e+01 -1.059e+01 -1.366e+01 -9.994e-01 -4.701e+00 -4.674e+00 -2.262e+01 -2.398e+01 -2.237e+01 -4.079e+00 -8.704e+00 -4.782e+00 -2.110e+01 -2.400e+01 -2.400e+01 -1.022e+01 -1.327e+01 -3.741e+00 -5.021e+00 -5.184e+00 -2.128e+01 -2.054e+01 -1.923e+01 -1.457e+01 -1.289e+01 -5.644e+00 -2.229e+01 -2.332e+01 -2.400e+01 -2.202e+01 -2.259e+01 -1.968e+01 -3.958e+00 -6.048e+00 -5.285e+00 -2.146e+01 -2.400e+01 -2.400e+01 -2.400e+01 -1.453e+01 -1.324e+01 -6.010e+00 -2.190e+01 -6.481e+00 -2.300e+01 -2.400e+01 -2.400e+01 -2.400e+01 -2.301e+01 -2.126e+01 -4.717e+00 -1.503e+01 -5.421e+00 -2.162e+01 -2.400e+01 -2.400e+01 -2.400e+01 -1.392e+01 -2.374e+01 -6.016e+00 -2.184e+01 -2.400e+01 -2.400e+01 -2.400e+01 -2.400e+01 -2.365e+01 -2.400e+01 -4.778e+00 -2.081e+01 -2.400e+01 -2.400e+01 -2.400e+01 -2.400e+01 -2.400e+01 -2.106e+01 -2.400e+01 -2.400e+01 -2.400e+01 -2.400e+01 -2.400e+01 -2.400e+01 -2.400e+01 -2.400e+01 -2.400e+01 -2.400e+01 -2.400e+01 -2.400e+01 -2.400e+01 -2.400e+01
-0.500 -1.576 13.206 13.640 0.060 0.039 1.000 -2.399e+01 -4.372e-01 -1.806e+01 -5.239e+00 -8.756e-01 -2.190e+01 -7.569e+00 -8.269e+00 -2.399e+01 -9.865e+00 -1.732e+01 -3.032e+00 -4.972e+00 -2.213e+01 -2.257e+01 -4.647e+00 -5.490e+00 -1.296e+01 -2.400e+01 -7.799e+00 -8.453e+00 -8.224e-01 -6.051e+00 -1.571e+01 -2.400e+01 -4.653e+00 -9.525e+00 -6.833e+00 -2.295e+01 -2.400e+01 -1.057e+01 -1.512e+01 -6.035e-01 -6.121e+00 -4.548e+00 -2.303e+01 -2.400e+01 -2.400e+01 -2.358e+01 -6.250e+00 -6.814e+00 -5.035e+00 -2.151e+01 -2.400e+01 -2.400e+01 -2.400e+01 -1.047e+01 -1.354e+01 -9.994e-01 -4.694e+00 -4.675e+00 -2.257e+01 -2.396e+01 -2.219e+01 -4.019e+00 -8.641e+00 -4.781e+00 -2.105e+01 -2.400e+01 -2.400e+01 -1.010e+01 -1.315e+01 -3.741e+00 -5.021e+00 -5.184e+00 -2.123e+01 -2.037e+01 -1.906e+01 -1.451e+01 -1.283e+01 -5.644e+00 -2.224e+01 -2.328e+01 -2.400e+01 -2.197e+01 -2.247e+01 -1.956e+01 -3.958e+00 -6.048e+00 -5.285e+00 -2.141e+01 -2.400e+01 -2.400e+01 -2.400e+01 -1.448e+01 -1.318e+01 -6.010e+00 -2.185e+01 -6.481e+00 -2.295e+01 -2.400e+01 -2.400e+01 -2.400e+01 -2.291e+01 -2.114e+01 -4.717e+00 -1.491e+01 -5.421e+00 -2.157e+01 -2.400e+01 -2.400e+01 -2.400e+01 -1.386e+01 -2.364e+01 -6.016e+00 -2.179e+01 -2.400e+01 -2.400e+01 -2.400e+01 -2.400e+01 -2.358e+01 -2.400e+01 -4.778e+00 -2.075e+01 -2.400e+01 -2.400e+01 -2.400e+01 -2.400e+01 -2.400e+01 -2.101e+01 -2.400e+01 -2.400e+01 -2.400e+01 -2.400e+01 -2.400e+01 -2.400e+01 -2.400e+01 -2.400e+01 -2.400e+01 -2.400e+01 -2.400e+01 -2.400e+01 -2.400e+01 -2.400e+01
-0.440 -1.440 13.258 13.642 0.060 0.039 1.000 -2.399e+01 -4.372e-01 -1.806e+01 -5.240e+00 -8.756e-01 -2.186e+01 -7.520e+00 -8.164e+00 -2.399e+01 -9.718e+00 -1.715e+01 -3.034e+00 -4.977e+00 -2.208e+01 -2.242e+01 -4.588e+00 -5.473e+00 -1.289e+01 -2.400e+01 -7.679e+00 -8.383e+00 -8.224e-01 -6.045e+00 -1.565e+01 -2.400e+01 -4.593e+00 -9.462e+00 -6.836e+00 -2.292e+01 -2.400e+01 -1.045e+01 -1.500e+01 -6.035e-01 -6.132e+00 -4.548e+00 -2.299e+01 -2.400e+01 -2.400e+01 -2.347e+01 -6.190e+00 -6.759e+00 -5.035e+00 -2.146e+01 -2.400e+01 -2.400e+01 -2.400e+01 -1.035e+01 -1.342e+01 -9.995e-01 -4.684e+00 -4.676e+00 -2.252e+01 -2.395e+01 -2.202e+01 -3.959e+00 -8.578e+00 -4.779e+00 -2.100e+01 -2.400e+01 -2.400e+01 -9.980e+00 -1.303e+01 -3.741e+00 -5.021e+00 -5.184e+00 -2.118e+01 -2.021e+01 -1.888e+01 -1.445e+01 -1.277e+01 -5.644e+00 -2.219e+01 -2.324e+01 -2.400e+01 -2.182e+01 -2.236e+01 -1.944e+01 -3.958e+00 -6.048e+00 -5.285e+00 -2.136e+01 -2.400e+01 -2.400e+01 -2.400e+01 -1.442e+01 -1.313e+01 -6.010e+00 -2.180e+01 -6.481e+00 -2.291e+01 -2.400e+01 -2.400e+01 -2.400e+01 -2.280e+01 -2.103e+01 -4.717e+00 -1.479e+01 -5.421e+00 -2.152e+01 -2.400e+01 -2.400e+01 -2.400e+01 -1.380e+01 -2.353e+01 -6.016e+00 -2.174e+01 -2.400e+01 -2.400e+01 -2.400e+01 -2.400e+01 -2.351e+01 -2.400e+01 -4.778e+00 -2.069e+01 -2.400e+01 -2.400e+01 -2.400e+01 -2.400e+01 -2.400e+01 -2.096e+01 -2.400e+01 -2.400e+01 -2.400e+01 -2.400e+01 -2.400e+01 -2.400e+01 -2.400e+01 -2.400e+01 -2.400e+01 -2.400e+01 -2.400e+01 -2.400e+01 -2.400e+01 -2.400e+01
-0.380 -1.456 13.312 13.645 0.060 0.039 1.000 -2.399e+01 -4.372e-01 -1.806e+01 -5.240e+00 -8.756e-01 -2.181e+01 -7.473e+00 -8.062e+00 -2.399e+01 -9.576e+00 -1.698e+01 -3.035e+00 -4.982e+00 -2.202e+01 -2.226e+01 -4.529e+00 -5.454e+00 -1.282e+01 -2.400e+01 -7.559e+00 -8.311e+00 -8.224e-01 -6.038e+00 -1.559e+01 -2.400e+01 -4.533e+00 -9.399e+00 -6.838e+00 -2.289e+01 -2.400e+01 -1.033e+01 -1.487e+01 -6.035e-01 -6.144e+00 -4.548e+00 -2.294e+01 -2.400e+01 -2.400e+01 -2.334e+01 -6.130e+00 -6.704e+00 -5.035e+00 -2.141e+01 -2.400e+01 -2.400e+01 -2.400e+01 -1.023e+01 -1.330e+01 -9.995e-01 -4.672e+00 -4.678e+00 -2.247e+01 -2.392e+01 -2.184e+01 -3.899e+00 -8.513e+00 -4.777e+00 -2.095e+01 -2.400e+01 -2.400e+01 -9.861e+00 -1.291e+01 -3.741e+00 -5.021e+00 -5.184e+00 -2.113e+01 -2.004e+01 -1.872e+01 -1.439e+01 -1.270e+01 -5.644e+00 -2.214e+01 -2.320e+01 -2.400e+01 -2.177e+01 -2.224e+01 -1.932e+01 -3.958e+00 -6.048e+00 -5.285e+00 -2.131e+01 -2.400e+01 -2.400e+01 -2.400e+01 -1.436e+01 -1.307e+01 -6.010e+00 -2.175e+01 -6.481e+00 -2.286e+01 -2.400e+01 -2.400e+01 -2.400e+01 -2.269e+01 -2.091e+01 -4.717e+00 -1.467e+01 -5.421e+00 -2.148e+01 -2.400e+01 -2.400e+01 -2.400e+01 -1.375e+01 -2.341e+01 -6.016e+00 -2.169e+01 -2.400e+01 -2.400e+01 -2.400e+01 -2.400e+01 -2.343e+01 -2.400e+01 -4.778e+00 -2.064e+01 -2.400e+01 -2.400e+01 -2.400e+01 -2.400e+01 -2.400e+01 -2.091e+01 -2.400e+01 -2.400e+01 -2.400e+01 -2.400e+01 -2.400e+01 -2.400e+01 -2.400e+01 -2.400e+01 -2.400e+01 -2.400e+01 -2.400e+01 -2.400e+01 -2.400e+01 -2.400e+01
-0.320 -1.320 13.366 13.648 0.060 0.045 1.000 -2.399e+01 -4.372e-01 -1.806e+01 -5.241e+00 -8.756e-01 -2.176e+01 -7.427e+00 -7.962e+00 -2.398e+01 -9.438e+00 -1.682e+01 -3.037e+00 -4.989e+00 -2.196e+01 -2.210e+01 -4.469e+00 -5.434e+00 -1.275e+01 -2.400e+01 -7.439e+00 -8.239e+00 -8.224e-01 -6.028e+00 -1.552e+01 -2.400e+01 -4.473e+00 -9.334e+00 -6.841e+00 -2.286e+01 -2.400e+01 -1.022e+01 -1.475e+01 -6.035e-01 -6.159e+00 -4.548e+00 -2.290e+01 -2.400e+01 -2.400e+01 -2.320e+01 -6.070e+00 -6.651e+00 -5.035e+00 -2.137e+01 -2.400e+01 -2.400e+01 -2.400e+01 -1.011e+01 -1.319e+01 -9.996e-01 -4.656e+00 -4.679e+00 -2.243e+01 -2.389e+01 -2.167e+01 -3.839e+00 -8.447e+00 -4.775e+00 -2.090e+01 -2.400e+01 -2.400e+01 -9.743e+00 -1.278e+01 -3.741e+00 -5.021e+00 -5.184e+00 -2.108e+01 -1.987e+01 -1.855e+01 -1.433e+01 -1.264e+01 -5.644e+00 -2.210e+01 -2.316e+01 -2.400e+01 -2.161e+01 -2.213e+01 -1.920e+01 -3.958e+00 -6.048e+00 -5.285e+00 -2.127e+01 -2.400e+01 -2.400e+01 -2.400e+01 -1.431e+01 -1.302e+01 -6.010e+00 -2.171e+01 -6.481e+00 -2.282e+01 -2.400e+01 -2.400e+01 -2.400e+01 -2.259e+01 -2.080e+01 -4.717e+00 -1.456e+01 -5.421e+00 -2.143e+01 -2.400e+01 -2.400e+01 -2.400e+01 -1.369e+01 -2.327e+01 -6.016e+00 -2.164e+01 -2.400e+01 -2.400e+01 -2.400e+01 -2.400e+01 -2.335e+01 -2.400e+01 -4.778e+00 -2.058e+01 -2.400e+01 -2.400e+01 -2.400e+01 -2.400e+01 -2.400e+01 -2.087e+01 -2.400e+01 -2.400e+01 -2.400e+01 -2.400e+01 -2.400e+01 -2.400e+01 -2.400e+01 -2.400e+01 -2.400e+01 -2.400e+01 -2.400e+01 -2.400e+01 -2.400e+01 -2.400e+01
-0.260 -1.336 13.422 13.651 0.060 0.045 1.000 -2.399e+01 -4.372e-01 -1.806e+01 -5.242e+00 -8.756e-01 -2.172e+01 -7.384e+00 -7.864e+00 -2.397e+01 -9.306e+00 -1.666e+01 -3.039e+00 -4.996e+00 -2.191e+01 -2.195e+01 -4.410e+00 -5.412e+00 -1.267e+01 -2.400e+01 -7.320e+00 -8.165e+00 -8.224e-01 -6.016e+00 -1.546e+01 -2.400e+01 -4.413e+00 -9.268e+00 -6.844e+00 -2.283e+01 -2.400e+01 -1.010e+01 -1.463e+01 -6.035e-01 -6.175e+00 -4.548e+00 -2.286e+01 -2.400e+01 -2.400e+01 -2.305e+01 -6.010e+00 -6.598e+00 -5.036e+00 -2.132e+01 -2.400e+01 -2.400e+01 -2.400e+01 -9.989e+00 -1.307e+01 -9.997e-01 -4.636e+00 -4.681e+00 -2.239e+01 -2.385e+01 -2.149e+01 -3.780e+00 -8.379e+00 -4.772e+00 -2.085e+01 -2.400e+01 -2.400e+01 -9.626e+00 -1.266e+01 -3.741e+00 -5.021e+00 -5.184e+00 -2.104e+01 -1.971e+01 -1.838e+01 -1.427e+01 -1.258e+01 -5.644e+00 -2.205e+01 -2.312e+01 -2.400e+01 -2.157e+01 -2.201e+01 -1.908e+01 -3.958e+00 -6.048e+00 -5.285e+00 -2.122e+01 -2.400e+01 -2.400e+01 -2.400e+01 -1.425e+01 -1.296e+01 -6.010e+00 -2.166e+01 -6.481e+00 -2.278e+01 -2.400e+01 -2.400e+01 -2.400e+01 -2.248e+01 -2.068e+01 -4.717e+00 -1.444e+01 -5.421e+00 -2.138e+01 -2.400e+01 -2.400e+01 -2.400e+01 -1.364e+01 -2.312e+01 -6.016e+00 -2.160e+01 -2.400e+01 -2.400e+01 -2.400e+01 -2.400e+01 -2.327e+01 -2.400e+01 -4.778e+00 -2.053e+01 -2.400e+01 -2.400e+01 -2.400e+01 -2.400e+01 -2.400e+01 -2.082e+01 -2.400e+01 -2.400e+01 -2.400e+01 -2.400e+01 -2.400e+01 -2.400e+01 -2.400e+01 -2.400e+01 -2.400e+01 -2.400e+01 -2.400e+01 -2.400e+01 -2.400e+01 -2.400e+01
-0.200 -1.200 13.478 13.654 0.075 0.046 1.000 -2.399e+01 -4.372e-01 -1.806e+01 -5.242e+00 -8.756e-01 -2.168e+01 -7.343e+00 -7.771e+00 -2.396e+01 -9.180e+00 -1.649e+01 -3.042e+00 -5.005e+00 -2.185e+01 -2.182e+01 -4.351e+00 -5.389e+00 -1.260e+01 -2.400e+01 -7.200e+00 -8.089e+00 -8.224e-01 -6.001e+00 -1.539e+01 -2.400e+01 -4.353e+00 -9.201e+00 -6.848e+00 -2.281e+01 -2.400e+01 -9.985e+00 -1.451e+01 -6.035e-01 -6.193e+00 -4.548e+00 -2.283e+01 -2.400e+01 -2.400e+01 -2.289e+01 -5.950e+00 -6.547e+00 -5.036e+00 -2.128e+01 -2.400e+01 -2.400e+01 -2.400e+01 -9.870e+00 -1.295e+01 -9.998e-01 -4.611e+00 -4.684e+00 -2.235e+01 -2.379e+01 -2.132e+01 -3.721e+00 -8.309e+00 -4.769e+00 -2.081e+01 -2.400e+01 -2.399e+01 -9.508e+00 -1.254e+01 -3.741e+00 -5.021e+00 -5.184e+00 -2.099e+01 -1.955e+01 -1.821e+01 -1.421e+01 -1.252e+01 -5.644e+00 -2.201e+01 -2.308e+01 -2.400e+01 -2.142e+01 -2.190e+01 -1.896e+01 -3.958e+00 -6.048e+00 -5.285e+00 -2.118e+01 -2.400e+01 -2.400e+01 -2.400e+01 -1.419e+01 -1.291e+01 -6.010e+00 -2.162e+01 -6.481e+00 -2.274e+01 -2.400e+01 -2.400e+01 -2.400e+01 -2.237e+01 -2.057e+01 -4.717e+00 -1.432e+01 -5.421e+00 -2.134e+01 -2.400e+01 -2.400e+01 -2.400e+01 -1.359e+01 -2.296e+01 -6.016e+00 -2.156e+01 -2.400e+01 -2.400e+01 -2.400e+01 -2.400e+01 -2.318e+01 -2.400e+01 -4.778e+00 -2.047e+01 -2.400e+01 -2.400e+01 -2.400e+01 -2.400e+01 -2.400e+01 -2.078e+01 -2.400e+01 -2.400e+01 -2.400e+01 -2.400e+01 -2.400e+01 -2.400e+01 -2.400e+01 -2.400e+01 -2.400e+01 -2.400e+01 -2.400e+01 -2.400e+01 -2.400e+01 -2.400e+01
-0.140 -1.216 13.535 13.659 0.075 0.046 1.000 -2.399e+01 -4.372e-01 -1.806e+01 -5.243e+00 -8.756e-01 -2.164e+01 -7.304e+00 -7.680e+00 -2.395e+01 -9.059e+00 -1.634e+01 -3.045e+00 -5.014e+00 -2.180e+01 -2.167e+01 -4.293e+00 -5.364e+00 -1.252e+01 -2.400e+01 -7.081e+00 -8.013e+00 -8.224e-01 -5.981e+00 -1.532e+01 -2.400e+01 -4.292e+00 -9.132e+00 -6.852e+00 -2.279e+01 -2.400e+01 -9.870e+00 -1.438e+01 -6.035e-01 -6.214e+00 -4.548e+00 -2.279e+01 -2.400e+01 -2.400e+01 -2.273e+01 -5.891e+00 -6.497e+00 -5.036e+00 -2.124e+01 -2.400e+01 -2.400e+01 -2.400e+01 -9.752e+00 -1.284e+01 -9.999e-01 -4.580e+00 -4.686e+00 -2.231e+01 -2.372e+01 -2.114e+01 -3.662e+00 -8.237e+00 -4.766e+00 -2.077e+01 -2.400e+01 -2.399e+01 -9.392e+00 -1.241e+01 -3.741e+00 -5.021e+00 -5.184e+00 -2.095e+01 -1.939e+01 -1.805e+01 -1.415e+01 -1.246e+01 -5.644e+00 -2.197e+01 -2.305e+01 -2.400e+01 -2.139e+01 -2.179e+01 -1.884e+01 -3.958e+00 -6.048e+00 -5.285e+00 -2.114e+01 -2.400e+01 -2.400e+01 -2.400e+01 -1.414e+01 -1.286e+01 -6.010e+00 -2.158e+01 -6.481e+00 -2.270e+01 -2.400e+01 -2.400e+01 -2.400e+01 -2.227e+01 -2.046e+01 -4.717e+00 -1.421e+01 -5.421e+00 -2.130e+01 -2.400e+01 -2.400e+01 -2.400e+01 -1.354e+01 -2.280e+01 -6.016e+00 -2.152e+01 -2.400e+01 -2.400e+01 -2.400e+01 -2.400e+01 -2.310e+01 -2.400e+01 -4.778e+00 -2.042e+01 -2.400e+01 -2.400e+01 -2.400e+01 -2.400e+01 -2.400e+01 -2.074e+01 -2.400e+01 -2.400e+01 -2.400e+01 -2.400e+01 -2.400e+01 -2.400e+01 -2.400e+01 -2.400e+01 -2.400e+01 -2.400e+01 -2.400e+01 -2.400e+01 -2.400e+01 -2.400e+01
-0.080 -1.080 13.594 13.663 0.075 0.046 1.000 -2.399e+01 -4.372e-01 -1.806e+01 -5.244e+00 -8.756e-01 -2.160e+01 -7.268e+00 -7.594e+00 -2.393e+01 -8.946e+00 -1.618e+01 -3.048e+00 -5.025e+00 -2.174e+01 -2.152e+01 -4.234e+00 -5.338e+00 -1.244e+01 -2.400e+01 -6.961e+00 -7.935e+00 -8.225e-01 -5.956e+00 -1.525e+01 -2.400e+01 -4.232e+00 -9.060e+00 -6.857e+00 -2.278e+01 -2.400e+01 -9.755e+00 -1.425e+01 -6.035e-01 -6.237e+00 -4.548e+00 -2.276e+01 -2.400e+01 -2.400e+01 -2.257e+01 -5.831e+00 -6.448e+00 -5.036e+00 -2.120e+01 -2.400e+01 -2.400e+01 -2.399e+01 -9.633e+00 -1.273e+01 -1.000e+00 -4.542e+00 -4.689e+00 -2.227e+01 -2.363e+01 -2.097e+01 -3.603e+00 -8.160e+00 -4.762e+00 -2.073e+01 -2.400e+01 -2.399e+01 -9.276e+00 -1.228e+01 -3.741e+00 -5.021e+00 -5.184e+00 -2.091e+01 -1.924e+01 -1.789e+01 -1.409e+01 -1.240e+01 -5.644e+00 -2.193e+01 -2.301e+01 -2.400e+01 -2.122e+01 -2.168e+01 -1.872e+01 -3.958e+00 -6.048e+00 -5.285e+00 -2.110e+01 -2.400e+01 -2.400e+01 -2.400e+01 -1.409e+01 -1.281e+01 -6.010e+00 -2.154e+01 -6.481e+00 -2.266e+01 -2.400e+01 -2.400e+01 -2.400e+01 -2.216e+01 -2.035e+01 -4.717e+00 -1.410e+01 -5.421e+00 -2.126e+01 -2.400e+01 -2.400e+01 -2.400e+01 -1.349e+01 -2.263e+01 -6.016e+00 -2.148e+01 -2.400e+01 -2.400e+01 -2.400e+01 -2.400e+01 -2.301e+01 -2.400e+01 -4.778e+00 -2.036e+01 -2.400e+01 -2.400e+01 -2.400e+01 -2.400e+01 -2.400e+01 -2.070e+01 -2.400e+01 -2.400e+01 -2.400e+01 -2.400e+01 -2.400e+01 -2.400e+01 -2.400e+01 -2.400e+01 -2.400e+01 -2.400e+01 -2.400e+01 -2.400e+01 -2.400e+01 -2.400e+01
-0.020 -1.096 13.653 13.668 0.075 0.045 1.000 -2.399e+01 -4.372e-01 -1.806e+01 -5.246e+00 -8.756e-01 -2.157e+01 -7.234e+00 -7.513e+00 -2.390e+01 -8.840e+00 -1.603e+01 -3.052e+00 -5.038e+00 -2.169e+01 -2.138e+01 -4.176e+00 -5.310e+00 -1.236e+01 -2.400e+01 -6.843e+00 -7.855e+00 -8.225e-01 -5.925e+00 -1.517e+01 -2.400e+01 -4.172e+00 -8.985e+00 -6.863e+00 -2.278e+01 -2.400e+01 -9.641e+00 -1.413e+01 -6.035e-01 -6.263e+00 -4.548e+00 -2.272e+01 -2.400e+01 -2.400e+01 -2.240e+01 -5.771e+00 -6.400e+00 -5.036e+00 -2.116e+01 -2.400e+01 -2.400e+01 -2.399e+01 -9.516e+00 -1.262e+01 -1.000e+00 -4.497e+00 -4.693e+00 -2.223e+01 -2.353e+01 -2.080e+01 -3.545e+00 -8.080e+00 -4.758e+00 -2.069e+01 -2.400e+01 -2.398e+01 -9.162e+00 -1.216e+01 -3.741e+00 -5.021e+00 -5.184e+00 -2.087e+01 -1.909e+01 -1.772e+01 -1.404e+01 -1.234e+01 -5.644e+00 -2.189e+01 -2.298e+01 -2.400e+01 -2.121e+01 -2.157e+01 -1.861e+01 -3.958e+00 -6.048e+00 -5.285e+00 -2.106e+01 -2.400e+01 -2.400e+01 -2.400e+01 -1.403e+01 -1.276e+01 -6.010e+00 -2.150e+01 -6.481e+00 -2.262e+01 -2.400e+01 -2.400e+01 -2.400e+01 -2.206e+01 -2.025e+01 -4.717e+00 -1.398e+01 -5.421e+00 -2.122e+01 -2.400e+01 -2.400e+01 -2.400e+01 -1.344e+01 -2.247e+01 -6.016e+00 -2.144e+01 -2.400e+01 -2.400e+01 -2.400e+01 -2.400e+01 -2.293e+01 -2.400e+01 -4.778e+00 -2.030e+01 -2.400e+01 -2.400e+01 -2.400e+01 -2.400e+01 -2.400e+01 -2.066e+01 -2.400e+01 -2.400e+01 -2.400e+01 -2.400e+01 -2.400e+01 -2.400e+01 -2.400e+01 -2.400e+01 -2.400e+01 -2.400e+01 -2.400e+01 -2.400e+01 -2.400e+01 -2.400e+01
+0.040 -0.960 13.712 13.672 0.067 0.045 1.000 -2.399e+01 -4.372e-01 -1.806e+01 -5.247e+00 -8.756e-01 -2.154e+01 -7.204e+00 -7.436e+00 -2.386e+01 -8.741e+00 -1.588e+01 -3.056e+00 -5.053e+00 -2.164e+01 -2.125e+01 -4.118e+00 -5.281e+00 -1.228e+01 -2.400e+01 -6.724e+00 -7.774e+00 -8.225e-01 -5.888e+00 -1.510e+01 -2.400e+01 -4.113e+00 -8.906e+00 -6.869e+00 -2.278e+01 -2.400e+01 -9.529e+00 -1.400e+01 -6.035e-01 -6.292e+00 -4.548e+00 -2.269e+01 -2.400e+01 -2.400e+01 -2.224e+01 -5.712e+00 -6.354e+00 -5.036e+00 -2.112e+01 -2.400e+01 -2.400e+01 -2.399e+01 -9.398e+00 -1.250e+01 -1.000e+00 -4.445e+00 -4.697e+00 -2.220e+01 -2.341e+01 -2.063e+01 -3.487e+00 -7.995e+00 -4.753e+00 -2.065e+01 -2.400e+01 -2.396e+01 -9.048e+00 -1.202e+01 -3.741e+00 -5.021e+00 -5.184e+00 -2.084e+01 -1.894e+01 -1.756e+01 -1.398e+01 -1.228e+01 -5.644e+00 -2.186e+01 -2.295e+01 -2.400e+01 -2.104e+01 -2.146e+01 -1.849e+01 -3.958e+00 -6.048e+00 -5.285e+00 -2.102e+01 -2.400e+01 -2.400e+01 -2.400e+01 -1.398e+01 -1.271e+01 -6.010e+00 -2.147e+01 -6.481e+00 -2.259e+01 -2.400e+01 -2.400e+01 -2.400e+01 -2.196e+01 -2.014e+01 -4.717e+00 -1.387e+01 -5.421e+00 -2.119e+01 -2.400e+01 -2.400e+01 -2.400e+01 -1.339e+01 -2.230e+01 -6.016e+00 -2.140e+01 -2.400e+01 -2.400e+01 -2.400e+01 -2.400e+01 -2.285e+01 -2.400e+01 -4.778e+00 -2.025e+01 -2.400e+01 -2.400e+01 -2.400e+01 -2.400e+01 -2.400e+01 -2.063e+01 -2.400e+01 -2.400e+01 -2.400e+01 -2.400e+01 -2.400e+01 -2.400e+01 -2.400e+01 -2.400e+01 -2.400e+01 -2.400e+01 -2.400e+01 -2.400e+01 -2.400e+01 -2.400e+01
+0.100 -0.976 13.774 13.694 0.067 0.045 1.000 -2.399e+01 -4.372e-01 -1.806e+01 -5.249e+00 -8.756e-01 -2.151e+01 -7.177e+00 -7.365e+00 -2.382e+01 -8.648e+00 -1.573e+01 -3.061e+00 -5.069e+00 -2.159e+01 -2.110e+01 -4.060e+00 -5.251e+00 -1.221e+01 -2.400e+01 -6.604e+00 -7.691e+00 -8.226e-01 -5.843e+00 -1.502e+01 -2.400e+01 -4.052e+00 -8.822e+00 -6.877e+00 -2.279e+01 -2.400e+01 -9.416e+00 -1.386e+01 -6.035e-01 -6.324e+00 -4.548e+00 -2.267e+01 -2.400e+01 -2.400e+01 -2.207e+01 -5.652e+00 -6.309e+00 -5.036e+00 -2.109e+01 -2.400e+01 -2.400e+01 -2.398e+01 -9.279e+00 -1.239e+01 -1.001e+00 -4.384e+00 -4.702e+00 -2.217e+01 -2.328e+01 -2.046e+01 -3.428e+00 -7.903e+00 -4.747e+00 -2.061e+01 -2.400e+01 -2.394e+01 -8.933e+00 -1.189e+01 -3.741e+00 -5.021e+00 -5.184e+00 -2.080e+01 -1.879e+01 -1.739e+01 -1.392e+01 -1.221e+01 -5.644e+00 -2.182e+01 -2.291e+01 -2.400e+01 -2.104e+01 -2.135e+01 -1.837e+01 -3.958e+00 -6.048e+00 -5.285e+00 -2.099e+01 -2.400e+01 -2.400e+01 -2.400e+01 -1.393e+01 -1.266e+01 -6.010e+00 -2.143e+01 -6.481e+00 -2.256e+01 -2.400e+01 -2.400e+01 -2.400e+01 -2.186e+01 -2.003e+01 -4.717e+00 -1.376e+01 -5.421e+00 -2.115e+01 -2.400e+01 -2.400e+01 -2.400e+01 -1.335e+01 -2.213e+01 -6.016e+00 -2.137e+01 -2.400e+01 -2.400e+01 -2.400e+01 -2.400e+01 -2.277e+01 -2.400e+01 -4.778e+00 -2.019e+01 -2.400e+01 -2.400e+01 -2.400e+01 -2.400e+01 -2.400e+01 -2.060e+01 -2.400e+01 -2.400e+01 -2.400e+01 -2.400e+01 -2.400e+01 -2.400e+01 -2.400e+01 -2.400e+01 -2.400e+01 -2.400e+01 -2.400e+01 -2.400e+01 -2.400e+01 -2.400e+01
+0.160 -0.840 13.838 13.716 0.067 0.046 1.000 -2.399e+01 -4.372e-01 -1.806e+01 -5.250e+00 -8.756e-01 -2.149e+01 -7.153e+00 -7.298e+00 -2.377e+01 -8.559e+00 -1.559e+01 -3.067e+00 -5.089e+00 -2.154e+01 -2.095e+01 -4.001e+00 -5.220e+00 -1.213e+01 -2.400e+01 -6.482e+00 -7.605e+00 -8.226e-01 -5.790e+00 -1.495e+01 -2.400e+01 -3.990e+00 -8.729e+00 -6.886e+00 -2.280e+01 -2.400e+01 -9.300e+00 -1.372e+01 -6.035e-01 -6.359e+00 -4.548e+00 -2.264e+01 -2.400e+01 -2.400e+01 -2.189e+01 -5.591e+00 -6.264e+00 -5.036e+00 -2.106e+01 -2.400e+01 -2.400e+01 -2.397e+01 -9.154e+00 -1.227e+01 -1.001e+00 -4.315e+00 -4.707e+00 -2.213e+01 -2.313e+01 -2.029e+01 -3.366e+00 -7.803e+00 -4.741e+00 -2.058e+01 -2.400e+01 -2.391e+01 -8.813e+00 -1.174e+01 -3.741e+00 -5.021e+00 -5.184e+00 -2.077e+01 -1.863e+01 -1.721e+01 -1.386e+01 -1.214e+01 -5.644e+00 -2.179e+01 -2.288e+01 -2.400e+01 -2.083e+01 -2.123e+01 -1.825e+01 -3.958e+00 -6.048e+00 -5.285e+00 -2.095e+01 -2.400e+01 -2.400e+01 -2.400e+01 -1.388e+01 -1.261e+01 -6.010e+00 -2.140e+01 -6.481e+00 -2.252e+01 -2.400e+01 -2.400e+01 -2.400e+01 -2.176e+01 -1.993e+01 -4.717e+00 -1.365e+01 -5.421e+00 -2.112e+01 -2.400e+01 -2.400e+01 -2.400e+01 -1.330e+01 -2.195e+01 -6.016e+00 -2.133e+01 -2.400e+01 -2.400e+01 -2.400e+01 -2.400e+01 -2.268e+01 -2.400e+01 -4.778e+00 -2.014e+01 -2.400e+01 -2.400e+01 -2.400e+01 -2.400e+01 -2.400e+01 -2.057e+01 -2.400e+01 -2.400e+01 -2.400e+01 -2.400e+01 -2.400e+01 -2.400e+01 -2.400e+01 -2.400e+01 -2.400e+01 -2.400e+01 -2.400e+01 -2.400e+01 -2.400e+01 -2.400e+01
+0.220 -0.856 13.906 13.743 0.067 0.046 1.000 -2.400e+01 -4.372e-01 -1.806e+01 -5.253e+00 -8.756e-01 -2.148e+01 -7.131e+00 -7.237e+00 -2.370e+01 -8.475e+00 -1.544e+01 -3.074e+00 -5.112e+00 -2.149e+01 -2.080e+01 -3.942e+00 -5.187e+00 -1.205e+01 -2.400e+01 -6.359e+00 -7.516e+00 -8.226e-01 -5.729e+00 -1.486e+01 -2.400e+01 -3.927e+00 -8.628e+00 -6.896e+00 -2.283e+01 -2.400e+01 -9.183e+00 -1.357e+01 -6.035e-01 -6.398e+00 -4.548e+00 -2.261e+01 -2.400e+01 -2.400e+01 -2.170e+01 -5.528e+00 -6.220e+00 -5.036e+00 -2.102e+01 -2.400e+01 -2.400e+01 -2.395e+01 -9.025e+00 -1.215e+01 -1.001e+00 -4.238e+00 -4.714e+00 -2.210e+01 -2.295e+01 -2.011e+01 -3.302e+00 -7.694e+00 -4.733e+00 -2.054e+01 -2.400e+01 -2.386e+01 -8.689e+00 -1.159e+01 -3.741e+00 -5.021e+00 -5.184e+00 -2.074e+01 -1.847e+01 -1.702e+01 -1.379e+01 -1.207e+01 -5.644e+00 -2.175e+01 -2.285e+01 -2.400e+01 -2.085e+01 -2.110e+01 -1.812e+01 -3.958e+00 -6.048e+00 -5.285e+00 -2.092e+01 -2.400e+01 -2.400e+01 -2.400e+01 -1.383e+01 -1.256e+01 -6.010e+00 -2.136e+01 -6.481e+00 -2.249e+01 -2.400e+01 -2.400e+01 -2.400e+01 -2.165e+01 -1.981e+01 -4.717e+00 -1.354e+01 -5.421e+00 -2.108e+01 -2.400e+01 -2.400e+01 -2.400e+01 -1.324e+01 -2.177e+01 -6.016e+00 -2.130e+01 -2.400e+01 -2.400e+01 -2.400e+01 -2.400e+01 -2.259e+01 -2.400e+01 -4.778e+00 -2.008e+01 -2.400e+01 -2.400e+01 -2.400e+01 -2.400e+01 -2.400e+01 -2.053e+01 -2.400e+01 -2.400e+01 -2.400e+01 -2.400e+01 -2.400e+01 -2.400e+01 -2.400e+01 -2.400e+01 -2.400e+01 -2.400e+01 -2.400e+01 -2.400e+01 -2.400e+01 -2.400e+01
+0.280 -0.720 13.976 13.766 0.067 0.045 1.000 -2.400e+01 -4.372e-01 -1.806e+01 -5.255e+00 -8.756e-01 -2.147e+01 -7.113e+00 -7.181e+00 -2.363e+01 -8.400e+00 -1.529e+01 -3.082e+00 -5.138e+00 -2.144e+01 -2.066e+01 -3.882e+00 -5.154e+00 -1.198e+01 -2.400e+01 -6.233e+00 -7.424e+00 -8.227e-01 -5.659e+00 -1.477e+01 -2.400e+01 -3.863e+00 -8.517e+00 -6.909e+00 -2.286e+01 -2.400e+01 -9.064e+00 -1.342e+01 -6.035e-01 -6.438e+00 -4.548e+00 -2.259e+01 -2.400e+01 -2.400e+01 -2.151e+01 -5.464e+00 -6.177e+00 -5.036e+00 -2.099e+01 -2.400e+01 -2.400e+01 -2.392e+01 -8.891e+00 -1.202e+01 -1.002e+00 -4.153e+00 -4.722e+00 -2.207e+01 -2.277e+01 -1.992e+01 -3.235e+00 -7.575e+00 -4.725e+00 -2.051e+01 -2.400e+01 -2.379e+01 -8.561e+00 -1.142e+01 -3.741e+00 -5.021e+00 -5.184e+00 -2.070e+01 -1.830e+01 -1.682e+01 -1.372e+01 -1.199e+01 -5.644e+00 -2.172e+01 -2.282e+01 -2.400e+01 -2.060e+01 -2.097e+01 -1.798e+01 -3.958e+00 -6.048e+00 -5.285e+00 -2.089e+01 -2.400e+01 -2.400e+01 -2.399e+01 -1.378e+01 -1.251e+01 -6.010e+00 -2.133e+01 -6.481e+00 -2.246e+01 -2.400e+01 -2.400e+01 -2.400e+01 -2.154e+01 -1.970e+01 -4.717e+00 -1.343e+01 -5.421e+00 -2.105e+01 -2.400e+01 -2.400e+01 -2.400e+01 -1.318e+01 -2.159e+01 -6.016e+00 -2.127e+01 -2.400e+01 -2.400e+01 -2.400e+01 -2.400e+01 -2.249e+01 -2.400e+01 -4.778e+00 -2.002e+01 -2.400e+01 -2.400e+01 -2.400e+01 -2.400e+01 -2.400e+01 -2.050e+01 -2.400e+01 -2.400e+01 -2.400e+01 -2.400e+01 -2.400e+01 -2.400e+01 -2.400e+01 -2.400e+01 -2.400e+01 -2.400e+01 -2.400e+01 -2.400e+01 -2.400e+01 -2.400e+01
+0.340 -0.736 14.048 13.795 0.067 0.045 1.000 -2.400e+01 -4.372e-01 -1.806e+01 -5.258e+00 -8.756e-01 -2.146e+01 -7.099e+00 -7.133e+00 -2.355e+01 -8.335e+00 -1.515e+01 -3.092e+00 -5.169e+00 -2.139e+01 -2.052e+01 -3.823e+00 -5.119e+00 -1.189e+01 -2.400e+01 -6.107e+00 -7.329e+00 -8.227e-01 -5.580e+00 -1.467e+01 -2.400e+01 -3.798e+00 -8.397e+00 -6.924e+00 -2.291e+01 -2.400e+01 -8.945e+00 -1.325e+01 -6.035e-01 -6.479e+00 -4.548e+00 -2.257e+01 -2.400e+01 -2.400e+01 -2.131e+01 -5.399e+00 -6.136e+00 -5.036e+00 -2.096e+01 -2.400e+01 -2.400e+01 -2.387e+01 -8.755e+00 -1.190e+01 -1.002e+00 -4.060e+00 -4.732e+00 -2.205e+01 -2.257e+01 -1.974e+01 -3.167e+00 -7.447e+00 -4.715e+00 -2.047e+01 -2.400e+01 -2.369e+01 -8.431e+00 -1.124e+01 -3.741e+00 -5.021e+00 -5.184e+00 -2.067e+01 -1.814e+01 -1.662e+01 -1.365e+01 -1.191e+01 -5.644e+00 -2.169e+01 -2.279e+01 -2.400e+01 -2.065e+01 -2.084e+01 -1.784e+01 -3.958e+00 -6.048e+00 -5.285e+00 -2.086e+01 -2.400e+01 -2.400e+01 -2.399e+01 -1.373e+01 -1.246e+01 -6.010e+00 -2.130e+01 -6.481e+00 -2.243e+01 -2.400e+01 -2.400e+01 -2.400e+01 -2.144e+01 -1.958e+01 -4.717e+00 -1.332e+01 -5.421e+00 -2.102e+01 -2.400e+01 -2.400e+01 -2.400e+01 -1.312e+01 -2.140e+01 -6.016e+00 -2.124e+01 -2.400e+01 -2.400e+01 -2.400e+01 -2.400e+01 -2.239e+01 -2.400e+01 -4.778e+00 -1.995e+01 -2.400e+01 -2.400e+01 -2.400e+01 -2.400e+01 -2.400e+01 -2.046e+01 -2.400e+01 -2.400e+01 -2.400e+01 -2.400e+01 -2.400e+01 -2.400e+01 -2.400e+01 -2.400e+01 -2.400e+01 -2.400e+01 -2.400e+01 -2.400e+01 -2.400e+01 -2.400e+01
+0.400 -0.600 14.123 13.820 0.067 0.045 1.000 -2.400e+01 -4.372e-01 -1.806e+01 -5.261e+00 -8.756e-01 -2.145e+01 -7.088e+00 -7.092e+00 -2.347e+01 -8.276e+00 -1.501e+01 -3.103e+00 -5.204e+00 -2.134e+01 -2.038e+01 -3.763e+00 -5.085e+00 -1.181e+01 -2.400e+01 -5.979e+00 -7.233e+00 -8.228e-01 -5.493e+00 -1.456e+01 -2.400e+01 -3.732e+00 -8.267e+00 -6.941e+00 -2.297e+01 -2.400e+01 -8.826e+00 -1.307e+01 -6.035e-01 -6.515e+00 -4.548e+00 -2.256e+01 -2.400e+01 -2.400e+01 -2.110e+01 -5.333e+00 -6.095e+00 -5.037e+00 -2.093e+01 -2.400e+01 -2.400e+01 -2.379e+01 -8.617e+00 -1.177e+01 -1.003e+00 -3.959e+00 -4.744e+00 -2.202e+01 -2.236e+01 -1.954e+01 -3.098e+00 -7.309e+00 -4.703e+00 -2.044e+01 -2.400e+01 -2.356e+01 -8.298e+00 -1.106e+01 -3.741e+00 -5.021e+00 -5.184e+00 -2.064e+01 -1.797e+01 -1.640e+01 -1.357e+01 -1.183e+01 -5.644e+00 -2.166e+01 -2.276e+01 -2.400e+01 -2.037e+01 -2.070e+01 -1.770e+01 -3.958e+00 -6.048e+00 -5.285e+00 -2.083e+01 -2.400e+01 -2.400e+01 -2.398e+01 -1.368e+01 -1.240e+01 -6.010e+00 -2.127e+01 -6.481e+00 -2.240e+01 -2.400e+01 -2.400e+01 -2.400e+01 -2.133e+01 -1.946e+01 -4.717e+00 -1.320e+01 -5.421e+00 -2.099e+01 -2.400e+01 -2.400e+01 -2.400e+01 -1.306e+01 -2.121e+01 -6.016e+00 -2.121e+01 -2.400e+01 -2.400e+01 -2.400e+01 -2.400e+01 -2.228e+01 -2.400e+01 -4.778e+00 -1.989e+01 -2.400e+01 -2.400e+01 -2.400e+01 -2.400e+01 -2.400e+01 -2.042e+01 -2.400e+01 -2.400e+01 -2.400e+01 -2.400e+01 -2.400e+01 -2.400e+01 -2.400e+01 -2.400e+01 -2.400e+01 -2.400e+01 -2.400e+01 -2.400e+01 -2.400e+01 -2.400e+01
+0.460 -0.616 14.199 13.850 0.067 0.045 1.000 -2.400e+01 -4.372e-01 -1.806e+01 -5.265e+00 -8.756e-01 -2.145e+01 -7.080e+00 -7.058e+00 -2.337e+01 -8.227e+00 -1.488e+01 -3.116e+00 -5.244e+00 -2.129e+01 -2.024e+01 -3.704e+00 -5.051e+00 -1.172e+01 -2.400e+01 -5.851e+00 -7.135e+00 -8.229e-01 -5.399e+00 -1.443e+01 -2.400e+01 -3.666e+00 -8.128e+00 -6.962e+00 -2.304e+01 -2.400e+01 -8.707e+00 -1.289e+01 -6.035e-01 -6.543e+00 -4.548e+00 -2.255e+01 -2.400e+01 -2.400e+01 -2.088e+01 -5.267e+00 -6.054e+00 -5.037e+00 -2.091e+01 -2.400e+01 -2.400e+01 -2.368e+01 -8.479e+00 -1.164e+01 -1.003e+00 -3.853e+00 -4.758e+00 -2.200e+01 -2.216e+01 -1.935e+01 -3.028e+00 -7.162e+00 -4.690e+00 -2.041e+01 -2.400e+01 -2.340e+01 -8.165e+00 -1.086e+01 -3.741e+00 -5.021e+00 -5.184e+00 -2.062e+01 -1.780e+01 -1.617e+01 -1.349e+01 -1.175e+01 -5.644e+00 -2.163e+01 -2.274e+01 -2.400e+01 -2.045e+01 -2.056e+01 -1.755e+01 -3.958e+00 -6.048e+00 -5.285e+00 -2.080e+01 -2.400e+01 -2.400e+01 -2.398e+01 -1.363e+01 -1.235e+01 -6.010e+00 -2.124e+01 -6.481e+00 -2.237e+01 -2.400e+01 -2.400e+01 -2.400e+01 -2.123e+01 -1.935e+01 -4.717e+00 -1.308e+01 -5.421e+00 -2.096e+01 -2.400e+01 -2.400e+01 -2.400e+01 -1.300e+01 -2.101e+01 -6.016e+00 -2.118e+01 -2.400e+01 -2.400e+01 -2.400e+01 -2.400e+01 -2.218e+01 -2.400e+01 -4.778e+00 -1.983e+01 -2.400e+01 -2.400e+01 -2.400e+01 -2.400e+01 -2.400e+01 -2.039e+01 -2.400e+01 -2.400e+01 -2.400e+01 -2.400e+01 -2.400e+01 -2.400e+01 -2.400e+01 -2.400e+01 -2.400e+01 -2.400e+01 -2.400e+01 -2.400e+01 -2.400e+01 -2.400e+01
+0.520 -0.480 14.278 13.877 0.067 0.048 1.000 -2.400e+01 -4.372e-01 -1.806e+01 -5.270e+00 -8.756e-01 -2.145e+01 -7.075e+00 -7.032e+00 -2.328e+01 -8.188e+00 -1.475e+01 -3.132e+00 -5.290e+00 -2.125e+01 -2.012e+01 -3.645e+00 -5.017e+00 -1.163e+01 -2.400e+01 -5.723e+00 -7.036e+00 -8.230e-01 -5.299e+00 -1.430e+01 -2.400e+01 -3.599e+00 -7.978e+00 -6.987e+00 -2.313e+01 -2.400e+01 -8.588e+00 -1.269e+01 -6.035e-01 -6.557e+00 -4.548e+00 -2.254e+01 -2.400e+01 -2.400e+01 -2.065e+01 -5.200e+00 -6.012e+00 -5.037e+00 -2.088e+01 -2.400e+01 -2.400e+01 -2.354e+01 -8.339e+00 -1.151e+01 -1.004e+00 -3.741e+00 -4.775e+00 -2.198e+01 -2.195e+01 -1.916e+01 -2.957e+00 -7.005e+00 -4.676e+00 -2.038e+01 -2.400e+01 -2.322e+01 -8.030e+00 -1.065e+01 -3.741e+00 -5.021e+00 -5.184e+00 -2.059e+01 -1.763e+01 -1.593e+01 -1.341e+01 -1.166e+01 -5.644e+00 -2.161e+01 -2.271e+01 -2.400e+01 -2.013e+01 -2.041e+01 -1.740e+01 -3.958e+00 -6.048e+00 -5.285e+00 -2.078e+01 -2.400e+01 -2.400e+01 -2.396e+01 -1.359e+01 -1.230e+01 -6.010e+00 -2.122e+01 -6.481e+00 -2.235e+01 -2.400e+01 -2.400e+01 -2.400e+01 -2.113e+01 -1.923e+01 -4.717e+00 -1.296e+01 -5.421e+00 -2.094e+01 -2.400e+01 -2.400e+01 -2.400e+01 -1.293e+01 -2.082e+01 -6.016e+00 -2.115e+01 -2.400e+01 -2.400e+01 -2.400e+01 -2.400e+01 -2.207e+01 -2.400e+01 -4.778e+00 -1.976e+01 -2.400e+01 -2.400e+01 -2.400e+01 -2.400e+01 -2.400e+01 -2.036e+01 -2.400e+01 -2.400e+01 -2.400e+01 -2.400e+01 -2.400e+01 -2.400e+01 -2.400e+01 -2.400e+01 -2.400e+01 -2.400e+01 -2.400e+01 -2.400e+01 -2.400e+01 -2.400e+01
+0.580 -0.496 14.359 13.910 0.067 0.046 1.000 -2.400e+01 -4.373e-01 -1.806e+01 -5.275e+00 -8.756e-01 -2.145e+01 -7.073e+00 -7.013e+00 -2.318e+01 -8.155e+00 -1.463e+01 -3.150e+00 -5.342e+00 -2.121e+01 -1.999e+01 -3.588e+00 -4.984e+00 -1.154e+01 -2.400e+01 -5.595e+00 -6.936e+00 -8.231e-01 -5.193e+00 -1.415e+01 -2.400e+01 -3.532e+00 -7.821e+00 -7.017e+00 -2.324e+01 -2.400e+01 -8.471e+00 -1.248e+01 -6.036e-01 -6.552e+00 -4.548e+00 -2.254e+01 -2.400e+01 -2.400e+01 -2.041e+01 -5.134e+00 -5.968e+00 -5.038e+00 -2.086e+01 -2.400e+01 -2.400e+01 -2.336e+01 -8.199e+00 -1.137e+01 -1.005e+00 -3.625e+00 -4.796e+00 -2.196e+01 -2.175e+01 -1.897e+01 -2.886e+00 -6.841e+00 -4.659e+00 -2.035e+01 -2.400e+01 -2.303e+01 -7.896e+00 -1.044e+01 -3.741e+00 -5.021e+00 -5.184e+00 -2.057e+01 -1.746e+01 -1.568e+01 -1.333e+01 -1.157e+01 -5.644e+00 -2.159e+01 -2.269e+01 -2.400e+01 -2.021e+01 -2.027e+01 -1.725e+01 -3.958e+00 -6.048e+00 -5.285e+00 -2.075e+01 -2.400e+01 -2.400e+01 -2.394e+01 -1.355e+01 -1.226e+01 -6.010e+00 -2.120e+01 -6.481e+00 -2.233e+01 -2.400e+01 -2.400e+01 -2.400e+01 -2.103e+01 -1.912e+01 -4.717e+00 -1.285e+01 -5.421e+00 -2.092e+01 -2.400e+01 -2.400e+01 -2.400e+01 -1.287e+01 -2.062e+01 -6.016e+00 -2.113e+01 -2.400e+01 -2.400e+01 -2.400e+01 -2.400e+01 -2.197e+01 -2.400e+01 -4.778e+00 -1.969e+01 -2.400e+01 -2.400e+01 -2.400e+01 -2.400e+01 -2.400e+01 -2.032e+01 -2.400e+01 -2.400e+01 -2.400e+01 -2.400e+01 -2.400e+01 -2.400e+01 -2.400e+01 -2.400e+01 -2.400e+01 -2.400e+01 -2.400e+01 -2.400e+01 -2.400e+01 -2.400e+01
+0.640 -0.360 14.441 13.938 0.075 0.045 1.000 -2.400e+01 -4.373e-01 -1.806e+01 -5.281e+00 -8.756e-01 -2.145e+01 -7.074e+00 -7.000e+00 -2.309e+01 -8.132e+00 -1.452e+01 -3.171e+00 -5.398e+00 -2.117e+01 -1.988e+01 -3.531e+00 -4.952e+00 -1.145e+01 -2.400e+01 -5.467e+00 -6.835e+00 -8.233e-01 -5.082e+00 -1.401e+01 -2.400e+01 -3.464e+00 -7.655e+00 -7.051e+00 -2.336e+01 -2.400e+01 -8.355e+00 -1.227e+01 -6.036e-01 -6.528e+00 -4.548e+00 -2.255e+01 -2.400e+01 -2.400e+01 -2.016e+01 -5.067e+00 -5.920e+00 -5.038e+00 -2.085e+01 -2.400e+01 -2.400e+01 -2.314e+01 -8.059e+00 -1.124e+01 -1.007e+00 -3.505e+00 -4.820e+00 -2.194e+01 -2.154e+01 -1.878e+01 -2.815e+00 -6.669e+00 -4.642e+00 -2.033e+01 -2.400e+01 -2.282e+01 -7.763e+00 -1.021e+01 -3.741e+00 -5.021e+00 -5.184e+00 -2.055e+01 -1.730e+01 -1.543e+01 -1.325e+01 -1.148e+01 -5.644e+00 -2.157e+01 -2.267e+01 -2.400e+01 -1.987e+01 -2.013e+01 -1.710e+01 -3.958e+00 -6.048e+00 -5.285e+00 -2.073e+01 -2.400e+01 -2.400e+01 -2.392e+01 -1.351e+01 -1.221e+01 -6.010e+00 -2.117e+01 -6.481e+00 -2.231e+01 -2.400e+01 -2.400e+01 -2.400e+01 -2.094e+01 -1.901e+01 -4.717e+00 -1.273e+01 -5.421e+00 -2.090e+01 -2.400e+01 -2.400e+01 -2.400e+01 -1.281e+01 -2.042e+01 -6.016e+00 -2.111e+01 -2.400e+01 -2.400e+01 -2.400e+01 -2.400e+01 -2.186e+01 -2.400e+01 -4.778e+00 -1.962e+01 -2.400e+01 -2.400e+01 -2.400e+01 -2.400e+01 -2.400e+01 -2.029e+01 -2.400e+01 -2.400e+01 -2.400e+01 -2.400e+01 -2.400e+01 -2.400e+01 -2.400e+01 -2.400e+01 -2.400e+01 -2.400e+01 -2.400e+01 -2.400e+01 -2.400e+01 -2.400e+01
+0.700 -0.376 14.525 13.973 0.082 0.045 1.000 -2.400e+01 -4.373e-01 -1.806e+01 -5.289e+00 -8.756e-01 -2.146e+01 -7.076e+00 -6.992e+00 -2.300e+01 -8.115e+00 -1.441e+01 -3.196e+00 -5.459e+00 -2.114e+01 -1.976e+01 -3.476e+00 -4.922e+00 -1.136e+01 -2.400e+01 -5.340e+00 -6.735e+00 -8.234e-01 -4.968e+00 -1.385e+01 -2.400e+01 -3.396e+00 -7.483e+00 -7.093e+00 -2.348e+01 -2.400e+01 -8.241e+00 -1.204e+01 -6.036e-01 -6.486e+00 -4.548e+00 -2.257e+01 -2.400e+01 -2.400e+01 -1.991e+01 -5.000e+00 -5.866e+00 -5.039e+00 -2.083e+01 -2.400e+01 -2.400e+01 -2.289e+01 -7.921e+00 -1.111e+01 -1.008e+00 -3.383e+00 -4.850e+00 -2.193e+01 -2.134e+01 -1.859e+01 -2.745e+00 -6.492e+00 -4.622e+00 -2.031e+01 -2.400e+01 -2.261e+01 -7.631e+00 -9.980e+00 -3.741e+00 -5.021e+00 -5.184e+00 -2.053e+01 -1.714e+01 -1.517e+01 -1.317e+01 -1.139e+01 -5.644e+00 -2.155e+01 -2.265e+01 -2.400e+01 -1.998e+01 -1.999e+01 -1.694e+01 -3.958e+00 -6.048e+00 -5.285e+00 -2.071e+01 -2.400e+01 -2.400e+01 -2.388e+01 -1.347e+01 -1.217e+01 -6.010e+00 -2.116e+01 -6.481e+00 -2.229e+01 -2.400e+01 -2.400e+01 -2.400e+01 -2.086e+01 -1.890e+01 -4.717e+00 -1.261e+01 -5.421e+00 -2.088e+01 -2.400e+01 -2.400e+01 -2.400e+01 -1.276e+01 -2.022e+01 -6.016e+00 -2.109e+01 -2.400e+01 -2.400e+01 -2.400e+01 -2.400e+01 -2.177e+01 -2.400e+01 -4.778e+00 -1.955e+01 -2.400e+01 -2.400e+01 -2.400e+01 -2.400e+01 -2.400e+01 -2.026e+01 -2.400e+01 -2.400e+01 -2.400e+01 -2.400e+01 -2.400e+01 -2.400e+01 -2.400e+01 -2.400e+01 -2.400e+01 -2.400e+01 -2.400e+01 -2.400e+01 -2.400e+01 -2.400e+01
+0.760 -0.240 14.611 14.003 0.082 0.045 1.000 -2.400e+01 -4.373e-01 -1.806e+01 -5.297e+00 -8.756e-01 -2.147e+01 -7.080e+00 -6.989e+00 -2.291e+01 -8.102e+00 -1.430e+01 -3.226e+00 -5.522e+00 -2.111e+01 -1.965e+01 -3.423e+00 -4.892e+00 -1.127e+01 -2.400e+01 -5.213e+00 -6.634e+00 -8.236e-01 -4.850e+00 -1.369e+01 -2.400e+01 -3.328e+00 -7.305e+00 -7.142e+00 -2.360e+01 -2.400e+01 -8.129e+00 -1.181e+01 -6.036e-01 -6.432e+00 -4.548e+00 -2.260e+01 -2.400e+01 -2.400e+01 -1.964e+01 -4.933e+00 -5.803e+00 -5.039e+00 -2.082e+01 -2.400e+01 -2.400e+01 -2.266e+01 -7.783e+00 -1.097e+01 -1.010e+00 -3.259e+00 -4.885e+00 -2.192e+01 -2.114e+01 -1.840e+01 -2.676e+00 -6.309e+00 -4.602e+00 -2.029e+01 -2.400e+01 -2.241e+01 -7.501e+00 -9.740e+00 -3.741e+00 -5.021e+00 -5.184e+00 -2.051e+01 -1.698e+01 -1.489e+01 -1.309e+01 -1.129e+01 -5.644e+00 -2.153e+01 -2.264e+01 -2.400e+01 -1.961e+01 -1.985e+01 -1.679e+01 -3.958e+00 -6.048e+00 -5.285e+00 -2.070e+01 -2.400e+01 -2.400e+01 -2.382e+01 -1.344e+01 -1.212e+01 -6.010e+00 -2.114e+01 -6.481e+00 -2.227e+01 -2.400e+01 -2.400e+01 -2.400e+01 -2.078e+01 -1.880e+01 -4.717e+00 -1.249e+01 -5.421e+00 -2.086e+01 -2.400e+01 -2.400e+01 -2.400e+01 -1.270e+01 -2.002e+01 -6.016e+00 -2.108e+01 -2.400e+01 -2.400e+01 -2.400e+01 -2.400e+01 -2.166e+01 -2.400e+01 -4.778e+00 -1.948e+01 -2.400e+01 -2.400e+01 -2.400e+01 -2.400e+01 -2.400e+01 -2.023e+01 -2.400e+01 -2.400e+01 -2.400e+01 -2.400e+01 -2.400e+01 -2.400e+01 -2.400e+01 -2.400e+01 -2.400e+01 -2.400e+01 -2.400e+01 -2.400e+01 -2.400e+01 -2.400e+01
+0.820 -0.256 14.697 14.039 0.082 0.045 1.000 -2.400e+01 -4.374e-01 -1.806e+01 -5.307e+00 -8.756e-01 -2.148e+01 -7.086e+00 -6.990e+00 -2.282e+01 -8.093e+00 -1.420e+01 -3.261e+00 -5.582e+00 -2.108e+01 -1.954e+01 -3.372e+00 -4.863e+00 -1.118e+01 -2.400e+01 -5.088e+00 -6.534e+00 -8.239e-01 -4.730e+00 -1.352e+01 -2.400e+01 -3.260e+00 -7.124e+00 -7.200e+00 -2.371e+01 -2.400e+01 -8.019e+00 -1.157e+01 -6.036e-01 -6.370e+00 -4.548e+00 -2.263e+01 -2.400e+01 -2.400e+01 -1.937e+01 -4.866e+00 -5.731e+00 -5.040e+00 -2.081e+01 -2.400e+01 -2.400e+01 -2.233e+01 -7.647e+00 -1.083e+01 -1.012e+00 -3.134e+00 -4.928e+00 -2.191e+01 -2.094e+01 -1.820e+01 -2.608e+00 -6.124e+00 -4.580e+00 -2.027e+01 -2.400e+01 -2.220e+01 -7.375e+00 -9.495e+00 -3.741e+00 -5.021e+00 -5.184e+00 -2.050e+01 -1.682e+01 -1.462e+01 -1.302e+01 -1.120e+01 -5.644e+00 -2.152e+01 -2.262e+01 -2.400e+01 -1.974e+01 -1.971e+01 -1.664e+01 -3.958e+00 -6.048e+00 -5.285e+00 -2.068e+01 -2.400e+01 -2.400e+01 -2.375e+01 -1.341e+01 -1.208e+01 -6.010e+00 -2.113e+01 -6.481e+00 -2.226e+01 -2.400e+01 -2.400e+01 -2.400e+01 -2.071e+01 -1.870e+01 -4.717e+00 -1.237e+01 -5.421e+00 -2.085e+01 -2.400e+01 -2.400e+01 -2.400e+01 -1.265e+01 -1.982e+01 -6.016e+00 -2.106e+01 -2.400e+01 -2.400e+01 -2.400e+01 -2.400e+01 -2.158e+01 -2.400e+01 -4.778e+00 -1.940e+01 -2.400e+01 -2.400e+01 -2.400e+01 -2.400e+01 -2.400e+01 -2.021e+01 -2.400e+01 -2.400e+01 -2.400e+01 -2.400e+01 -2.400e+01 -2.400e+01 -2.400e+01 -2.400e+01 -2.400e+01 -2.400e+01 -2.400e+01 -2.400e+01 -2.400e+01 -2.400e+01
+0.880 -0.120 14.786 14.070 0.090 0.045 1.000 -2.400e+01 -4.374e-01 -1.806e+01 -5.318e+00 -8.756e-01 -2.149e+01 -7.094e+00 -6.993e+00 -2.274e+01 -8.089e+00 -1.410e+01 -3.302e+00 -5.635e+00 -2.106e+01 -1.945e+01 -3.323e+00 -4.835e+00 -1.110e+01 -2.400e+01 -4.964e+00 -6.434e+00 -8.241e-01 -4.609e+00 -1.336e+01 -2.400e+01 -3.192e+00 -6.938e+00 -7.270e+00 -2.380e+01 -2.400e+01 -7.911e+00 -1.132e+01 -6.036e-01 -6.306e+00 -4.548e+00 -2.268e+01 -2.400e+01 -2.400e+01 -1.909e+01 -4.800e+00 -5.649e+00 -5.041e+00 -2.080e+01 -2.400e+01 -2.400e+01 -2.209e+01 -7.513e+00 -1.068e+01 -1.015e+00 -3.008e+00 -4.980e+00 -2.190e+01 -2.075e+01 -1.801e+01 -2.542e+00 -5.935e+00 -4.558e+00 -2.025e+01 -2.400e+01 -2.197e+01 -7.251e+00 -9.246e+00 -3.741e+00 -5.021e+00 -5.184e+00 -2.049e+01 -1.668e+01 -1.435e+01 -1.294e+01 -1.111e+01 -5.644e+00 -2.150e+01 -2.261e+01 -2.400e+01 -1.935e+01 -1.958e+01 -1.649e+01 -3.958e+00 -6.048e+00 -5.285e+00 -2.067e+01 -2.400e+01 -2.400e+01 -2.367e+01 -1.338e+01 -1.205e+01 -6.010e+00 -2.111e+01 -6.481e+00 -2.225e+01 -2.400e+01 -2.400e+01 -2.400e+01 -2.064e+01 -1.861e+01 -4.717e+00 -1.225e+01 -5.421e+00 -2.083e+01 -2.400e+01 -2.400e+01 -2.399e+01 -1.260e+01 -1.962e+01 -6.016e+00 -2.105e+01 -2.400e+01 -2.400e+01 -2.400e+01 -2.400e+01 -2.147e+01 -2.399e+01 -4.778e+00 -1.933e+01 -2.400e+01 -2.400e+01 -2.400e+01 -2.400e+01 -2.400e+01 -2.018e+01 -2.400e+01 -2.400e+01 -2.400e+01 -2.400e+01 -2.400e+01 -2.400e+01 -2.400e+01 -2.400e+01 -2.400e+01 -2.400e+01 -2.400e+01 -2.400e+01 -2.400e+01 -2.400e+01
+0.940 -0.136 14.875 14.108 0.104 0.045 1.000 -2.400e+01 -4.375e-01 -1.806e+01 -5.330e+00 -8.756e-01 -2.151e+01 -7.103e+00 -6.998e+00 -2.266e+01 -8.085e+00 -1.401e+01 -3.350e+00 -5.673e+00 -2.104e+01 -1.934e+01 -3.278e+00 -4.805e+00 -1.100e+01 -2.400e+01 -4.843e+00 -6.335e+00 -8.244e-01 -4.486e+00 -1.318e+01 -2.400e+01 -3.125e+00 -6.749e+00 -7.352e+00 -2.386e+01 -2.400e+01 -7.806e+00 -1.107e+01 -6.036e-01 -6.242e+00 -4.548e+00 -2.274e+01 -2.400e+01 -2.400e+01 -1.882e+01 -4.735e+00 -5.556e+00 -5.042e+00 -2.080e+01 -2.400e+01 -2.400e+01 -2.179e+01 -7.381e+00 -1.053e+01 -1.019e+00 -2.883e+00 -5.041e+00 -2.190e+01 -2.057e+01 -1.781e+01 -2.478e+00 -5.745e+00 -4.536e+00 -2.024e+01 -2.400e+01 -2.177e+01 -7.132e+00 -8.995e+00 -3.741e+00 -5.021e+00 -5.184e+00 -2.047e+01 -1.653e+01 -1.407e+01 -1.286e+01 -1.101e+01 -5.644e+00 -2.149e+01 -2.260e+01 -2.400e+01 -1.948e+01 -1.945e+01 -1.634e+01 -3.958e+00 -6.048e+00 -5.285e+00 -2.066e+01 -2.400e+01 -2.400e+01 -2.356e+01 -1.336e+01 -1.201e+01 -6.010e+00 -2.110e+01 -6.481e+00 -2.223e+01 -2.400e+01 -2.400e+01 -2.400e+01 -2.058e+01 -1.853e+01 -4.717e+00 -1.214e+01 -5.421e+00 -2.082e+01 -2.400e+01 -2.400e+01 -2.399e+01 -1.255e+01 -1.942e+01 -6.016e+00 -2.104e+01 -2.400e+01 -2.400e+01 -2.400e+01 -2.400e+01 -2.141e+01 -2.400e+01 -4.778e+00 -1.925e+01 -2.400e+01 -2.400e+01 -2.400e+01 -2.400e+01 -2.400e+01 -2.015e+01 -2.400e+01 -2.400e+01 -2.400e+01 -2.400e+01 -2.400e+01 -2.400e+01 -2.400e+01 -2.400e+01 -2.400e+01 -2.400e+01 -2.400e+01 -2.400e+01 -2.400e+01 -2.400e+01
+1.000 -0.000 14.965 14.140 0.104 0.045 1.000 -2.400e+01 -4.375e-01 -1.806e+01 -5.345e+00 -8.756e-01 -2.152e+01 -7.114e+00 -7.005e+00 -2.258e+01 -8.084e+00 -1.392e+01 -3.406e+00 -5.694e+00 -2.103e+01 -1.925e+01 -3.236e+00 -4.773e+00 -1.092e+01 -2.400e+01 -4.723e+00 -6.236e+00 -8.248e-01 -4.362e+00 -1.301e+01 -2.400e+01 -3.057e+00 -6.558e+00 -7.450e+00 -2.391e+01 -2.400e+01 -7.704e+00 -1.082e+01 -6.036e-01 -6.179e+00 -4.548e+00 -2.282e+01 -2.400e+01 -2.400e+01 -1.853e+01 -4.670e+00 -5.454e+00 -5.044e+00 -2.080e+01 -2.400e+01 -2.400e+01 -2.150e+01 -7.252e+00 -1.036e+01 -1.023e+00 -2.757e+00 -5.116e+00 -2.189e+01 -2.038e+01 -1.761e+01 -2.416e+00 -5.553e+00 -4.515e+00 -2.022e+01 -2.400e+01 -2.157e+01 -7.017e+00 -8.742e+00 -3.741e+00 -5.021e+00 -5.184e+00 -2.046e+01 -1.639e+01 -1.379e+01 -1.279e+01 -1.092e+01 -5.644e+00 -2.148e+01 -2.259e+01 -2.400e+01 -1.908e+01 -1.933e+01 -1.619e+01 -3.958e+00 -6.048e+00 -5.285e+00 -2.065e+01 -2.400e+01 -2.400e+01 -2.344e+01 -1.334e+01 -1.198e+01 -6.010e+00 -2.109e+01 -6.481e+00 -2.222e+01 -2.400e+01 -2.400e+01 -2.400e+01 -2.052e+01 -1.845e+01 -4.717e+00 -1.202e+01 -5.421e+00 -2.081e+01 -2.400e+01 -2.400e+01 -2.399e+01 -1.250e+01 -1.922e+01 -6.016e+00 -2.103e+01 -2.400e+01 -2.400e+01 -2.400e+01 -2.400e+01 -2.130e+01 -2.399e+01 -4.778e+00 -1.917e+01 -2.400e+01 -2.400e+01 -2.400e+01 -2.400e+01 -2.400e+01 -2.013e+01 -2.400e+01 -2.400e+01 -2.400e+01 -2.400e+01 -2.400e+01 -2.400e+01 -2.400e+01 -2.400e+01 -2.400e+01 -2.400e+01 -2.400e+01 -2.400e+01 -2.400e+01 -2.400e+01
+1.060 -0.016 15.057 14.178 0.112 0.045 1.000 -2.400e+01 -4.376e-01 -1.806e+01 -5.362e+00 -8.756e-01 -2.154e+01 -7.128e+00 -7.015e+00 -2.251e+01 -8.085e+00 -1.384e+01 -3.473e+00 -5.696e+00 -2.101e+01 -1.915e+01 -3.197e+00 -4.736e+00 -1.082e+01 -2.400e+01 -4.606e+00 -6.136e+00 -8.253e-01 -4.238e+00 -1.282e+01 -2.400e+01 -2.990e+00 -6.366e+00 -7.567e+00 -2.394e+01 -2.400e+01 -7.604e+00 -1.056e+01 -6.036e-01 -6.119e+00 -4.548e+00 -2.290e+01 -2.400e+01 -2.400e+01 -1.825e+01 -4.606e+00 -5.346e+00 -5.045e+00 -2.080e+01 -2.400e+01 -2.400e+01 -2.119e+01 -7.126e+00 -1.019e+01 -1.028e+00 -2.634e+00 -5.205e+00 -2.189e+01 -2.020e+01 -1.740e+01 -2.356e+00 -5.362e+00 -4.494e+00 -2.021e+01 -2.400e+01 -2.130e+01 -6.907e+00 -8.491e+00 -3.741e+00 -5.021e+00 -5.184e+00 -2.045e+01 -1.626e+01 -1.352e+01 -1.272e+01 -1.082e+01 -5.644e+00 -2.147e+01 -2.258e+01 -2.400e+01 -1.920e+01 -1.921e+01 -1.604e+01 -3.958e+00 -6.048e+00 -5.285e+00 -2.064e+01 -2.400e+01 -2.400e+01 -2.332e+01 -1.332e+01 -1.195e+01 -6.010e+00 -2.108e+01 -6.481e+00 -2.221e+01 -2.400e+01 -2.400e+01 -2.400e+01 -2.047e+01 -1.837e+01 -4.717e+00 -1.191e+01 -5.421e+00 -2.080e+01 -2.400e+01 -2.400e+01 -2.399e+01 -1.245e+01 -1.902e+01 -6.016e+00 -2.101e+01 -2.400e+01 -2.400e+01 -2.400e+01 -2.400e+01 -2.125e+01 -2.399e+01 -4.778e+00 -1.909e+01 -2.400e+01 -2.400e+01 -2.400e+01 -2.400e+01 -2.400e+01 -2.010e+01 -2.400e+01 -2.400e+01 -2.400e+01 -2.400e+01 -2.400e+01 -2.400e+01 -2.400e+01 -2.400e+01 -2.400e+01 -2.400e+01 -2.400e+01 -2.400e+01 -2.400e+01 -2.400e+01
+1.120 +0.120 15.149 14.209 0.134 0.045 1.000 -2.400e+01 -4.377e-01 -1.806e+01 -5.381e+00 -8.756e-01 -2.156e+01 -7.143e+00 -7.027e+00 -2.244e+01 -8.088e+00 -1.375e+01 -3.551e+00 -5.684e+00 -2.100e+01 -1.906e+01 -3.163e+00 -4.693e+00 -1.074e+01 -2.400e+01 -4.492e+00 -6.034e+00 -8.258e-01 -4.114e+00 -1.265e+01 -2.400e+01 -2.923e+00 -6.172e+00 -7.706e+00 -2.396e+01 -2.400e+01 -7.507e+00 -1.030e+01 -6.036e-01 -6.062e+00 -4.548e+00 -2.299e+01 -2.400e+01 -2.400e+01 -1.797e+01 -4.544e+00 -5.232e+00 -5.047e+00 -2.080e+01 -2.400e+01 -2.400e+01 -2.091e+01 -7.003e+00 -1.001e+01 -1.034e+00 -2.511e+00 -5.313e+00 -2.189e+01 -2.004e+01 -1.718e+01 -2.300e+00 -5.170e+00 -4.475e+00 -2.019e+01 -2.400e+01 -2.110e+01 -6.803e+00 -8.239e+00 -3.741e+00 -5.021e+00 -5.184e+00 -2.044e+01 -1.615e+01 -1.328e+01 -1.265e+01 -1.073e+01 -5.644e+00 -2.146e+01 -2.257e+01 -2.400e+01 -1.880e+01 -1.910e+01 -1.590e+01 -3.958e+00 -6.048e+00 -5.285e+00 -2.063e+01 -2.400e+01 -2.400e+01 -2.317e+01 -1.330e+01 -1.192e+01 -6.010e+00 -2.107e+01 -6.481e+00 -2.220e+01 -2.400e+01 -2.400e+01 -2.400e+01 -2.043e+01 -1.830e+01 -4.717e+00 -1.180e+01 -5.421e+00 -2.079e+01 -2.400e+01 -2.400e+01 -2.399e+01 -1.241e+01 -1.883e+01 -6.016e+00 -2.100e+01 -2.400e+01 -2.400e+01 -2.400e+01 -2.400e+01 -2.113e+01 -2.398e+01 -4.778e+00 -1.901e+01 -2.400e+01 -2.400e+01 -2.400e+01 -2.400e+01 -2.400e+01 -2.008e+01 -2.400e+01 -2.400e+01 -2.400e+01 -2.400e+01 -2.400e+01 -2.400e+01 -2.400e+01 -2.400e+01 -2.400e+01 -2.400e+01 -2.400e+01 -2.400e+01 -2.400e+01 -2.400e+01
+1.180 +0.104 15.241 14.245 0.134 0.045 1.000 -2.400e+01 -4.378e-01 -1.806e+01 -5.403e+00 -8.756e-01 -2.158e+01 -7.160e+00 -7.040e+00 -2.236e+01 -8.094e+00 -1.367e+01 -3.643e+00 -5.665e+00 -2.098e+01 -1.897e+01 -3.134e+00 -4.642e+00 -1.064e+01 -2.400e+01 -4.382e+00 -5.930e+00 -8.264e-01 -3.989e+00 -1.246e+01 -2.400e+01 -2.856e+00 -5.978e+00 -7.872e+00 -2.397e+01 -2.400e+01 -7.413e+00 -1.004e+01 -6.036e-01 -6.008e+00 -4.548e+00 -2.309e+01 -2.400e+01 -2.400e+01 -1.769e+01 -4.482e+00 -5.115e+00 -5.050e+00 -2.080e+01 -2.400e+01 -2.400e+01 -2.061e+01 -6.885e+00 -9.822e+00 -1.041e+00 -2.391e+00 -5.443e+00 -2.189e+01 -1.987e+01 -1.695e+01 -2.248e+00 -4.980e+00 -4.459e+00 -2.018e+01 -2.400e+01 -2.085e+01 -6.706e+00 -7.990e+00 -3.741e+00 -5.021e+00 -5.184e+00 -2.043e+01 -1.601e+01 -1.296e+01 -1.259e+01 -1.063e+01 -5.644e+00 -2.145e+01 -2.256e+01 -2.400e+01 -1.890e+01 -1.899e+01 -1.575e+01 -3.958e+00 -6.048e+00 -5.285e+00 -2.061e+01 -2.400e+01 -2.400e+01 -2.302e+01 -1.329e+01 -1.190e+01 -6.010e+00 -2.106e+01 -6.481e+00 -2.219e+01 -2.400e+01 -2.400e+01 -2.400e+01 -2.039e+01 -1.824e+01 -4.717e+00 -1.169e+01 -5.421e+00 -2.078e+01 -2.400e+01 -2.400e+01 -2.398e+01 -1.237e+01 -1.863e+01 -6.016e+00 -2.099e+01 -2.400e+01 -2.400e+01 -2.400e+01 -2.400e+01 -2.109e+01 -2.399e+01 -4.778e+00 -1.893e+01 -2.400e+01 -2.400e+01 -2.400e+01 -2.400e+01 -2.400e+01 -2.005e+01 -2.400e+01 -2.400e+01 -2.400e+01 -2.400e+01 -2.400e+01 -2.400e+01 -2.400e+01 -2.400e+01 -2.400e+01 -2.400e+01 -2.400e+01 -2.400e+01 -2.400e+01 -2.400e+01
+1.240 +0.240 15.333 14.274 0.149 0.046 1.000 -2.400e+01 -4.379e-01 -1.806e+01 -5.428e+00 -8.756e-01 -2.161e+01 -7.182e+00 -7.058e+00 -2.230e+01 -8.102e+00 -1.359e+01 -3.752e+00 -5.644e+00 -2.096e+01 -1.889e+01 -3.111e+00 -4.581e+00 -1.055e+01 -2.400e+01 -4.276e+00 -5.821e+00 -8.271e-01 -3.865e+00 -1.229e+01 -2.400e+01 -2.790e+00 -5.782e+00 -8.069e+00 -2.398e+01 -2.400e+01 -7.321e+00 -9.781e+00 -6.036e-01 -5.954e+00 -4.548e+00 -2.319e+01 -2.400e+01 -2.400e+01 -1.740e+01 -4.422e+00 -4.996e+00 -5.053e+00 -2.080e+01 -2.400e+01 -2.400e+01 -2.034e+01 -6.770e+00 -9.629e+00 -1.050e+00 -2.272e+00 -5.600e+00 -2.189e+01 -1.971e+01 -1.672e+01 -2.199e+00 -4.790e+00 -4.445e+00 -2.016e+01 -2.400e+01 -2.061e+01 -6.615e+00 -7.742e+00 -3.741e+00 -5.021e+00 -5.184e+00 -2.042e+01 -1.591e+01 -1.273e+01 -1.253e+01 -1.054e+01 -5.644e+00 -2.143e+01 -2.255e+01 -2.400e+01 -1.852e+01 -1.888e+01 -1.561e+01 -3.958e+00 -6.048e+00 -5.285e+00 -2.060e+01 -2.400e+01 -2.400e+01 -2.290e+01 -1.328e+01 -1.187e+01 -6.010e+00 -2.104e+01 -6.481e+00 -2.218e+01 -2.400e+01 -2.400e+01 -2.400e+01 -2.035e+01 -1.818e+01 -4.717e+00 -1.159e+01 -5.421e+00 -2.077e+01 -2.400e+01 -2.400e+01 -2.398e+01 -1.233e+01 -1.844e+01 -6.016e+00 -2.098e+01 -2.400e+01 -2.400e+01 -2.400e+01 -2.400e+01 -2.095e+01 -2.397e+01 -4.778e+00 -1.885e+01 -2.400e+01 -2.400e+01 -2.400e+01 -2.400e+01 -2.400e+01 -2.003e+01 -2.400e+01 -2.400e+01 -2.400e+01 -2.400e+01 -2.400e+01 -2.400e+01 -2.400e+01 -2.400e+01 -2.400e+01 -2.400e+01 -2.400e+01 -2.400e+01 -2.400e+01 -2.400e+01
+1.300 +0.224 15.425 14.307 0.164 0.045 1.000 -2.400e+01 -4.381e-01 -1.806e+01 -5.456e+00 -8.756e-01 -2.164e+01 -7.206e+00 -7.077e+00 -2.223e+01 -8.112e+00 -1.352e+01 -3.881e+00 -5.627e+00 -2.093e+01 -1.880e+01 -3.093e+00 -4.510e+00 -1.044e+01 -2.400e+01 -4.175e+00 -5.707e+00 -8.280e-01 -3.741e+00 -1.210e+01 -2.400e+01 -2.725e+00 -5.587e+00 -8.306e+00 -2.399e+01 -2.400e+01 -7.231e+00 -9.521e+00 -6.036e-01 -5.904e+00 -4.548e+00 -2.328e+01 -2.400e+01 -2.400e+01 -1.713e+01 -4.364e+00 -4.875e+00 -5.056e+00 -2.081e+01 -2.400e+01 -2.400e+01 -2.003e+01 -6.659e+00 -9.435e+00 -1.061e+00 -2.157e+00 -5.791e+00 -2.189e+01 -1.955e+01 -1.649e+01 -2.155e+00 -4.603e+00 -4.434e+00 -2.014e+01 -2.400e+01 -2.035e+01 -6.531e+00 -7.499e+00 -3.741e+00 -5.021e+00 -5.184e+00 -2.040e+01 -1.581e+01 -1.246e+01 -1.247e+01 -1.045e+01 -5.644e+00 -2.142e+01 -2.253e+01 -2.400e+01 -1.859e+01 -1.879e+01 -1.548e+01 -3.958e+00 -6.048e+00 -5.285e+00 -2.059e+01 -2.400e+01 -2.400e+01 -2.275e+01 -1.327e+01 -1.184e+01 -6.010e+00 -2.103e+01 -6.481e+00 -2.217e+01 -2.400e+01 -2.400e+01 -2.400e+01 -2.031e+01 -1.812e+01 -4.717e+00 -1.148e+01 -5.421e+00 -2.075e+01 -2.400e+01 -2.400e+01 -2.397e+01 -1.229e+01 -1.825e+01 -6.016e+00 -2.097e+01 -2.400e+01 -2.400e+01 -2.400e+01 -2.400e+01 -2.092e+01 -2.398e+01 -4.778e+00 -1.877e+01 -2.400e+01 -2.400e+01 -2.400e+01 -2.400e+01 -2.400e+01 -2.000e+01 -2.400e+01 -2.400e+01 -2.400e+01 -2.400e+01 -2.400e+01 -2.400e+01 -2.400e+01 -2.400e+01 -2.400e+01 -2.400e+01 -2.400e+01 -2.400e+01 -2.400e+01 -2.400e+01
+1.360 +0.360 15.516 14.335 0.201 0.045 1.000 -2.400e+01 -4.382e-01 -1.806e+01 -5.488e+00 -8.756e-01 -2.167e+01 -7.229e+00 -7.103e+00 -2.217e+01 -8.125e+00 -1.344e+01 -4.033e+00 -5.619e+00 -2.089e+01 -1.872e+01 -3.081e+00 -4.428e+00 -1.034e+01 -2.400e+01 -4.077e+00 -5.585e+00 -8.290e-01 -3.618e+00 -1.193e+01 -2.400e+01 -2.660e+00 -5.390e+00 -8.584e+00 -2.400e+01 -2.400e+01 -7.142e+00 -9.260e+00 -6.036e-01 -5.860e+00 -4.548e+00 -2.335e+01 -2.400e+01 -2.400e+01 -1.688e+01 -4.307e+00 -4.754e+00 -5.061e+00 -2.082e+01 -2.400e+01 -2.400e+01 -1.974e+01 -6.551e+00 -9.236e+00 -1.075e+00 -2.044e+00 -6.021e+00 -2.189e+01 -1.941e+01 -1.625e+01 -2.115e+00 -4.417e+00 -4.426e+00 -2.012e+01 -2.400e+01 -2.009e+01 -6.452e+00 -7.257e+00 -3.741e+00 -5.021e+00 -5.184e+00 -2.039e+01 -1.570e+01 -1.220e+01 -1.241e+01 -1.035e+01 -5.644e+00 -2.141e+01 -2.252e+01 -2.400e+01 -1.822e+01 -1.868e+01 -1.534e+01 -3.958e+00 -6.048e+00 -5.285e+00 -2.057e+01 -2.400e+01 -2.400e+01 -2.259e+01 -1.326e+01 -1.181e+01 -6.010e+00 -2.102e+01 -6.481e+00 -2.215e+01 -2.400e+01 -2.400e+01 -2.400e+01 -2.027e+01 -1.806e+01 -4.717e+00 -1.138e+01 -5.421e+00 -2.074e+01 -2.400e+01 -2.400e+01 -2.397e+01 -1.224e+01 -1.805e+01 -6.016e+00 -2.095e+01 -2.400e+01 -2.400e+01 -2.400e+01 -2.400e+01 -2.085e+01 -2.395e+01 -4.778e+00 -1.869e+01 -2.400e+01 -2.400e+01 -2.400e+01 -2.400e+01 -2.400e+01 -1.997e+01 -2.400e+01 -2.400e+01 -2.400e+01 -2.400e+01 -2.400e+01 -2.400e+01 -2.400e+01 -2.400e+01 -2.400e+01 -2.400e+01 -2.400e+01 -2.400e+01 -2.400e+01 -2.400e+01
+1.420 +0.344 15.610 14.392 0.209 0.045 1.000 -2.400e+01 -4.384e-01 -1.806e+01 -5.525e+00 -8.756e-01 -2.171e+01 -7.258e+00 -7.120e+00 -2.212e+01 -8.116e+00 -1.337e+01 -4.220e+00 -5.632e+00 -2.084e+01 -1.861e+01 -3.076e+00 -4.336e+00 -1.024e+01 -2.400e+01 -3.982e+00 -5.450e+00 -8.302e-01 -3.496e+00 -1.177e+01 -2.400e+01 -2.593e+00 -5.185e+00 -8.919e+00 -2.400e+01 -2.400e+01 -7.034e+00 -8.987e+00 -6.037e-01 -5.842e+00 -4.548e+00 -2.341e+01 -2.400e+01 -2.400e+01 -1.655e+01 -4.248e+00 -4.631e+00 -5.066e+00 -2.084e+01 -2.400e+01 -2.400e+01 -1.937e+01 -6.421e+00 -9.008e+00 -1.093e+00 -1.935e+00 -6.327e+00 -2.190e+01 -1.911e+01 -1.598e+01 -2.066e+00 -4.229e+00 -4.420e+00 -2.010e+01 -2.400e+01 -1.977e+01 -6.347e+00 -6.999e+00 -3.741e+00 -5.021e+00 -5.184e+00 -2.037e+01 -1.554e+01 -1.187e+01 -1.231e+01 -1.024e+01 -5.644e+00 -2.139e+01 -2.250e+01 -2.400e+01 -1.823e+01 -1.851e+01 -1.517e+01 -3.958e+00 -6.048e+00 -5.285e+00 -2.056e+01 -2.400e+01 -2.400e+01 -2.237e+01 -1.324e+01 -1.175e+01 -6.010e+00 -2.100e+01 -6.481e+00 -2.214e+01 -2.400e+01 -2.400e+01 -2.400e+01 -2.018e+01 -1.795e+01 -4.717e+00 -1.127e+01 -5.421e+00 -2.072e+01 -2.400e+01 -2.400e+01 -2.396e+01 -1.213e+01 -1.785e+01 -6.016e+00 -2.094e+01 -2.400e+01 -2.400e+01 -2.400e+01 -2.400e+01 -2.063e+01 -2.396e+01 -4.778e+00 -1.860e+01 -2.400e+01 -2.400e+01 -2.400e+01 -2.400e+01 -2.400e+01 -1.990e+01 -2.400e+01 -2.400e+01 -2.400e+01 -2.400e+01 -2.400e+01 -2.400e+01 -2.400e+01 -2.400e+01 -2.400e+01 -2.400e+01 -2.400e+01 -2.400e+01 -2.400e+01 -2.400e+01
+1.480 +0.480 15.709 14.446 0.254 0.045 1.000 -2.400e+01 -4.387e-01 -1.806e+01 -5.569e+00 -8.756e-01 -2.176e+01 -7.281e+00 -7.137e+00 -2.207e+01 -8.110e+00 -1.328e+01 -4.455e+00 -5.666e+00 -2.078e+01 -1.850e+01 -3.078e+00 -4.234e+00 -1.013e+01 -2.400e+01 -3.887e+00 -5.297e+00 -8.318e-01 -3.374e+00 -1.162e+01 -2.400e+01 -2.522e+00 -4.968e+00 -9.244e+00 -2.400e+01 -2.400e+01 -6.911e+00 -8.694e+00 -6.037e-01 -5.824e+00 -4.549e+00 -2.346e+01 -2.400e+01 -2.400e+01 -1.622e+01 -4.184e+00 -4.507e+00 -5.074e+00 -2.086e+01 -2.400e+01 -2.400e+01 -1.900e+01 -6.266e+00 -8.749e+00 -1.118e+00 -1.824e+00 -6.747e+00 -2.191e+01 -1.886e+01 -1.566e+01 -2.004e+00 -4.036e+00 -4.415e+00 -2.007e+01 -2.400e+01 -1.941e+01 -6.211e+00 -6.721e+00 -3.741e+00 -5.021e+00 -5.184e+00 -2.035e+01 -1.536e+01 -1.155e+01 -1.218e+01 -1.011e+01 -5.644e+00 -2.137e+01 -2.248e+01 -2.400e+01 -1.785e+01 -1.827e+01 -1.497e+01 -3.958e+00 -6.048e+00 -5.285e+00 -2.054e+01 -2.400e+01 -2.400e+01 -2.212e+01 -1.322e+01 -1.167e+01 -6.010e+00 -2.098e+01 -6.481e+00 -2.212e+01 -2.400e+01 -2.400e+01 -2.400e+01 -2.008e+01 -1.779e+01 -4.717e+00 -1.114e+01 -5.421e+00 -2.070e+01 -2.400e+01 -2.400e+01 -2.393e+01 -1.199e+01 -1.762e+01 -6.016e+00 -2.092e+01 -2.400e+01 -2.400e+01 -2.400e+01 -2.400e+01 -2.046e+01 -2.390e+01 -4.778e+00 -1.851e+01 -2.400e+01 -2.400e+01 -2.400e+01 -2.400e+01 -2.400e+01 -1.982e+01 -2.400e+01 -2.400e+01 -2.400e+01 -2.400e+01 -2.400e+01 -2.400e+01 -2.400e+01 -2.400e+01 -2.400e+01 -2.400e+01 -2.400e+01 -2.400e+01 -2.400e+01 -2.400e+01
+1.540 +0.464 15.814 14.540 0.261 0.045 1.000 -2.400e+01 -4.391e-01 -1.807e+01 -5.621e+00 -8.755e-01 -2.182e+01 -7.306e+00 -7.158e+00 -2.204e+01 -8.080e+00 -1.319e+01 -4.758e+00 -5.725e+00 -2.070e+01 -1.834e+01 -3.089e+00 -4.120e+00 -1.003e+01 -2.400e+01 -3.792e+00 -5.126e+00 -8.338e-01 -3.253e+00 -1.148e+01 -2.400e+01 -2.446e+00 -4.740e+00 -9.331e+00 -2.400e+01 -2.400e+01 -6.769e+00 -8.381e+00 -6.037e-01 -5.826e+00 -4.549e+00 -2.352e+01 -2.400e+01 -2.400e+01 -1.581e+01 -4.114e+00 -4.381e+00 -5.085e+00 -2.089e+01 -2.400e+01 -2.400e+01 -1.852e+01 -6.079e+00 -8.456e+00 -1.154e+00 -1.710e+00 -7.363e+00 -2.191e+01 -1.845e+01 -1.529e+01 -1.928e+00 -3.838e+00 -4.412e+00 -2.005e+01 -2.400e+01 -1.895e+01 -6.038e+00 -6.422e+00 -3.741e+00 -5.021e+00 -5.184e+00 -2.034e+01 -1.508e+01 -1.114e+01 -1.199e+01 -9.962e+00 -5.644e+00 -2.135e+01 -2.247e+01 -2.400e+01 -1.777e+01 -1.795e+01 -1.472e+01 -3.958e+00 -6.048e+00 -5.285e+00 -2.052e+01 -2.400e+01 -2.400e+01 -2.177e+01 -1.319e+01 -1.155e+01 -6.010e+00 -2.096e+01 -6.481e+00 -2.210e+01 -2.400e+01 -2.400e+01 -2.400e+01 -1.992e+01 -1.758e+01 -4.717e+00 -1.099e+01 -5.421e+00 -2.069e+01 -2.400e+01 -2.400e+01 -2.386e+01 -1.179e+01 -1.735e+01 -6.016e+00 -2.090e+01 -2.400e+01 -2.400e+01 -2.400e+01 -2.400e+01 -2.019e+01 -2.393e+01 -4.778e+00 -1.840e+01 -2.400e+01 -2.400e+01 -2.400e+01 -2.400e+01 -2.400e+01 -1.966e+01 -2.400e+01 -2.400e+01 -2.400e+01 -2.400e+01 -2.400e+01 -2.400e+01 -2.400e+01 -2.400e+01 -2.400e+01 -2.400e+01 -2.400e+01 -2.400e+01 -2.400e+01 -2.400e+01
+1.600 +0.504 15.949 14.698 0.291 0.048 1.000 -2.400e+01 -4.398e-01 -1.807e+01 -5.693e+00 -8.755e-01 -2.187e+01 -7.305e+00 -7.153e+00 -2.202e+01 -7.996e+00 -1.304e+01 -5.237e+00 -5.879e+00 -2.058e+01 -1.811e+01 -3.114e+00 -3.983e+00 -9.960e+00 -2.400e+01 -3.678e+00 -4.896e+00 -8.371e-01 -3.134e+00 -1.138e+01 -2.400e+01 -2.344e+00 -4.450e+00 -9.145e+00 -2.400e+01 -2.400e+01 -6.518e+00 -7.965e+00 -6.038e-01 -5.881e+00 -4.549e+00 -2.355e+01 -2.400e+01 -2.399e+01 -1.529e+01 -4.008e+00 -4.242e+00 -5.107e+00 -2.096e+01 -2.399e+01 -2.400e+01 -1.791e+01 -5.717e+00 -7.968e+00 -1.237e+00 -1.581e+00 -8.629e+00 -2.193e+01 -1.770e+01 -1.467e+01 -1.754e+00 -3.606e+00 -4.407e+00 -2.001e+01 -2.400e+01 -1.829e+01 -5.646e+00 -5.987e+00 -3.741e+00 -5.021e+00 -5.184e+00 -2.031e+01 -1.455e+01 -1.057e+01 -1.153e+01 -9.671e+00 -5.644e+00 -2.133e+01 -2.244e+01 -2.400e+01 -1.774e+01 -1.728e+01 -1.423e+01 -3.958e+00 -6.048e+00 -5.285e+00 -2.049e+01 -2.400e+01 -2.400e+01 -2.115e+01 -1.311e+01 -1.127e+01 -6.010e+00 -2.093e+01 -6.481e+00 -2.207e+01 -2.400e+01 -2.400e+01 -2.400e+01 -1.960e+01 -1.706e+01 -4.717e+00 -1.076e+01 -5.421e+00 -2.066e+01 -2.400e+01 -2.400e+01 -2.353e+01 -1.141e+01 -1.694e+01 -6.016e+00 -2.087e+01 -2.400e+01 -2.400e+01 -2.400e+01 -2.400e+01 -1.952e+01 -2.376e+01 -4.778e+00 -1.825e+01 -2.399e+01 -2.400e+01 -2.400e+01 -2.400e+01 -2.400e+01 -1.942e+01 -2.400e+01 -2.400e+01 -2.400e+01 -2.400e+01 -2.400e+01 -2.400e+01 -2.400e+01 -2.400e+01 -2.400e+01 -2.400e+01 -2.400e+01 -2.400e+01 -2.400e+01 -2.400e+01
+1.660 -1.956 16.165 16.196 0.067 0.045 1.000 -2.390e+01 -4.417e-01 -1.813e+01 -5.796e+00 -8.755e-01 -2.197e+01 -6.817e+00 -7.964e+00 -2.270e+01 -7.934e+00 -1.278e+01 -5.894e+00 -6.199e+00 -2.006e+01 -1.672e+01 -3.165e+00 -3.819e+00 -1.072e+01 -2.400e+01 -3.539e+00 -4.508e+00 -8.431e-01 -3.016e+00 -1.223e+01 -2.400e+01 -2.200e+00 -4.046e+00 -9.254e+00 -2.399e+01 -2.400e+01 -6.069e+00 -7.297e+00 -6.039e-01 -6.902e+00 -4.549e+00 -2.306e+01 -2.400e+01 -2.153e+01 -1.390e+01 -3.859e+00 -4.071e+00 -5.198e+00 -2.104e+01 -2.229e+01 -2.400e+01 -1.588e+01 -4.839e+00 -6.503e+00 -1.644e+00 -1.404e+00 -1.208e+01 -2.197e+01 -1.419e+01 -1.309e+01 -1.390e+00 -3.229e+00 -4.387e+00 -1.987e+01 -1.947e+01 -1.607e+01 -4.766e+00 -5.131e+00 -3.740e+00 -5.021e+00 -5.184e+00 -2.022e+01 -1.258e+01 -8.792e+00 -9.356e+00 -8.307e+00 -5.645e+00 -2.124e+01 -2.235e+01 -2.397e+01 -1.407e+01 -1.391e+01 -1.253e+01 -3.958e+00 -6.048e+00 -5.285e+00 -2.041e+01 -2.400e+01 -2.400e+01 -1.882e+01 -1.272e+01 -1.038e+01 -6.010e+00 -2.084e+01 -6.481e+00 -2.198e+01 -2.400e+01 -2.400e+01 -2.398e+01 -1.819e+01 -1.548e+01 -4.717e+00 -1.023e+01 -5.421e+00 -2.058e+01 -2.400e+01 -2.400e+01 -2.101e+01 -9.357e+00 -1.573e+01 -6.016e+00 -2.078e+01 -2.400e+01 -2.400e+01 -2.400e+01 -2.400e+01 -1.623e+01 -2.227e+01 -4.778e+00 -1.797e+01 -2.398e+01 -2.400e+01 -2.400e+01 -2.400e+01 -2.400e+01 -1.793e+01 -2.394e+01 -2.400e+01 -2.400e+01 -2.400e+01 -2.400e+01 -2.399e+01 -2.400e+01 -2.400e+01 -2.400e+01 -2.400e+01 -2.400e+01 -2.400e+01 -2.400e+01 -2.400e+01
+1.720 -1.878 17.631 16.657 0.157 0.010 1.000 -2.119e+01 -5.411e-01 -1.791e+01 -1.376e+01 -7.795e-01 -2.010e+01 -5.078e+00 -9.967e+00 -1.813e+01 -9.108e+00 -7.267e+00 -5.101e+00 -9.297e+00 -2.130e+01 -9.131e+00 -4.199e+00 -6.967e+00 -9.404e+00 -2.400e+01 -2.614e+00 -9.487e-01 -5.273e+00 -9.491e+00 -1.439e+01 -2.142e+01 -4.987e+00 -5.082e+00 -9.903e+00 -2.400e+01 -1.953e+01 -1.489e+00 -3.961e+00 -1.138e+00 -8.769e+00 -1.254e+01 -2.400e+01 -1.943e+01 -1.315e+01 -7.488e+00 -4.227e+00 -3.561e+00 -5.421e+00 -2.093e+01 -8.461e+00 -1.757e+01 -7.973e+00 -9.339e-01 -1.238e+00 -5.361e+00 -5.512e+00 -1.338e+01 -2.400e+01 -6.155e+00 -2.462e+00 -2.389e+00 -4.138e+00 -4.020e+00 -1.830e+01 -5.541e+00 -2.928e+00 -1.630e+00 -2.218e+00 -2.122e+00 -4.812e+00 -4.548e+00 -1.799e+01 -5.410e+00 -2.715e+00 -2.278e+00 -2.112e+00 -2.221e+00 -1.563e+01 -1.784e+01 -1.420e+01 -3.571e+00 -1.635e+00 -1.337e+00 -1.881e+00 -3.703e+00 -4.544e+00 -1.716e+01 -1.611e+01 -1.755e+01 -3.976e+00 -3.072e+00 -3.844e+00 -4.323e+00 -1.627e+01 -8.675e+00 -1.979e+01 -1.897e+01 -2.326e+01 -5.960e+00 -3.893e+00 -4.079e+00 -5.146e+00 -4.817e+00 -6.044e+00 -1.700e+01 -6.729e+00 -9.475e+00 -6.188e+00 -5.057e+00 -5.050e+00 -5.359e+00 -1.605e+01 -1.954e+01 -1.046e+01 -1.084e+01 -1.005e+01 -6.811e+00 -6.248e+00 -4.752e+00 -8.281e+00 -9.837e+00 -1.551e+01 -2.178e+01 -2.285e+01 -9.582e+00 -9.047e+00 -1.020e+01 -1.125e+01 -1.738e+01 -2.155e+01 -1.297e+01 -1.183e+01 -1.245e+01 -1.351e+01 -1.725e+01 -2.034e+01 -1.773e+01 -1.615e+01 -1.759e+01 -2.052e+01
+1.780 -1.480 17.804 16.224 0.119 0.012 1.000 -2.163e+01 -5.774e-01 -1.811e+01 -1.408e+01 -7.417e-01 -1.974e+01 -5.057e+00 -1.011e+01 -1.750e+01 -1.005e+01 -7.392e+00 -4.090e+00 -7.504e+00 -2.011e+01 -1.033e+01 -3.267e+00 -5.604e+00 -8.346e+00 -2.400e+01 -2.169e+00 -8.756e-01 -4.803e+00 -8.208e+00 -1.393e+01 -2.142e+01 -4.920e+00 -5.410e+00 -8.873e+00 -2.397e+01 -1.951e+01 -2.892e+00 -3.985e+00 -1.142e+00 -8.067e+00 -1.100e+01 -2.400e+01 -1.943e+01 -1.556e+01 -8.395e+00 -4.359e+00 -3.072e+00 -4.165e+00 -1.962e+01 -8.455e+00 -2.097e+01 -9.608e+00 -1.418e+00 -9.680e-01 -4.422e+00 -3.994e+00 -1.229e+01 -2.400e+01 -6.787e+00 -2.857e+00 -1.889e+00 -3.390e+00 -2.753e+00 -1.696e+01 -7.339e+00 -4.268e+00 -2.030e+00 -1.832e+00 -1.517e+00 -3.545e+00 -3.437e+00 -1.689e+01 -6.920e+00 -3.225e+00 -2.069e+00 -1.788e+00 -1.567e+00 -1.516e+01 -1.720e+01 -1.682e+01 -5.082e+00 -2.511e+00 -1.698e+00 -1.371e+00 -2.925e+00 -3.353e+00 -1.630e+01 -1.864e+01 -1.966e+01 -5.663e+00 -3.324e+00 -3.715e+00 -3.275e+00 -1.569e+01 -9.106e+00 -2.024e+01 -2.255e+01 -2.398e+01 -8.655e+00 -4.928e+00 -4.295e+00 -4.170e+00 -4.049e+00 -6.050e+00 -1.713e+01 -6.712e+00 -1.057e+01 -7.094e+00 -4.735e+00 -4.811e+00 -5.239e+00 -1.606e+01 -1.939e+01 -1.157e+01 -1.303e+01 -1.247e+01 -7.608e+00 -7.128e+00 -4.742e+00 -8.159e+00 -9.471e+00 -1.435e+01 -2.009e+01 -2.398e+01 -1.155e+01 -1.073e+01 -1.119e+01 -1.086e+01 -1.645e+01 -2.004e+01 -1.613e+01 -1.475e+01 -1.459e+01 -1.306e+01 -1.660e+01 -1.941e+01 -2.196e+01 -1.949e+01 -1.829e+01 -2.091e+01
+1.840 -1.193 17.871 15.939 0.112 0.013 1.000 -2.127e+01 -5.972e-01 -1.787e+01 -1.379e+01 -7.233e-01 -1.933e+01 -5.064e+00 -1.002e+01 -1.713e+01 -1.039e+01 -7.457e+00 -3.562e+00 -6.543e+00 -1.856e+01 -1.111e+01 -2.807e+00 -4.792e+00 -7.705e+00 -2.400e+01 -1.964e+00 -8.914e-01 -4.511e+00 -7.117e+00 -1.430e+01 -2.142e+01 -4.671e+00 -6.253e+00 -8.292e+00 -2.360e+01 -1.949e+01 -4.495e+00 -4.134e+00 -1.034e+00 -7.530e+00 -1.033e+01 -2.400e+01 -1.943e+01 -1.787e+01 -9.159e+00 -4.332e+00 -3.001e+00 -3.602e+00 -1.827e+01 -8.455e+00 -2.365e+01 -1.078e+01 -2.012e+00 -1.062e+00 -4.048e+00 -3.132e+00 -1.172e+01 -2.400e+01 -7.772e+00 -3.708e+00 -1.716e+00 -2.890e+00 -2.199e+00 -1.562e+01 -9.164e+00 -5.635e+00 -2.486e+00 -1.807e+00 -1.292e+00 -3.014e+00 -2.955e+00 -1.571e+01 -8.099e+00 -3.821e+00 -2.269e+00 -1.665e+00 -1.441e+00 -1.439e+01 -1.645e+01 -1.874e+01 -6.353e+00 -3.378e+00 -2.281e+00 -1.266e+00 -2.828e+00 -3.174e+00 -1.554e+01 -2.063e+01 -1.950e+01 -6.968e+00 -4.092e+00 -4.303e+00 -3.147e+00 -1.510e+01 -9.037e+00 -2.029e+01 -2.398e+01 -2.400e+01 -1.064e+01 -6.439e+00 -5.401e+00 -4.040e+00 -3.844e+00 -5.914e+00 -1.713e+01 -6.712e+00 -1.135e+01 -8.734e+00 -5.242e+00 -4.739e+00 -5.223e+00 -1.603e+01 -1.923e+01 -1.234e+01 -1.456e+01 -1.536e+01 -8.903e+00 -7.890e+00 -4.741e+00 -8.157e+00 -9.441e+00 -1.396e+01 -1.955e+01 -2.400e+01 -1.307e+01 -1.207e+01 -1.200e+01 -1.083e+01 -1.627e+01 -1.961e+01 -1.847e+01 -1.693e+01 -1.633e+01 -1.302e+01 -1.654e+01 -1.933e+01 -2.397e+01 -2.207e+01 -1.909e+01 -2.172e+01
+1.900 -0.883 17.909 15.689 0.119 0.012 1.000 -2.103e+01 -6.106e-01 -1.764e+01 -1.352e+01 -7.094e-01 -1.899e+01 -5.070e+00 -9.937e+00 -1.676e+01 -1.071e+01 -7.482e+00 -3.145e+00 -5.785e+00 -1.738e+01 -1.176e+01 -2.476e+00 -4.135e+00 -7.144e+00 -2.400e+01 -1.856e+00 -9.121e-01 -4.334e+00 -6.344e+00 -1.482e+01 -2.142e+01 -4.569e+00 -7.181e+00 -7.810e+00 -2.274e+01 -1.946e+01 -6.192e+00 -4.313e+00 -9.541e-01 -7.043e+00 -9.971e+00 -2.400e+01 -1.943e+01 -2.022e+01 -9.867e+00 -4.298e+00 -3.024e+00 -3.228e+00 -1.730e+01 -8.455e+00 -2.400e+01 -1.185e+01 -2.651e+00 -1.277e+00 -3.810e+00 -2.555e+00 -1.124e+01 -2.400e+01 -9.024e+00 -4.735e+00 -1.737e+00 -2.497e+00 -1.860e+00 -1.474e+01 -1.119e+01 -7.086e+00 -3.034e+00 -1.912e+00 -1.167e+00 -2.758e+00 -2.662e+00 -1.496e+01 -9.272e+00 -4.472e+00 -2.660e+00 -1.624e+00 -1.412e+00 -1.395e+01 -1.603e+01 -2.056e+01 -7.621e+00 -4.369e+00 -2.904e+00 -1.236e+00 -2.823e+00 -3.138e+00 -1.512e+01 -2.254e+01 -1.944e+01 -8.086e+00 -5.039e+00 -4.950e+00 -3.123e+00 -1.475e+01 -8.904e+00 -2.028e+01 -2.400e+01 -2.400e+01 -1.238e+01 -8.059e+00 -6.749e+00 -4.010e+00 -3.795e+00 -5.787e+00 -1.709e+01 -6.713e+00 -1.203e+01 -1.059e+01 -5.856e+00 -4.726e+00 -5.219e+00 -1.599e+01 -1.909e+01 -1.302e+01 -1.591e+01 -1.835e+01 -1.022e+01 -8.594e+00 -4.741e+00 -8.157e+00 -9.435e+00 -1.373e+01 -1.924e+01 -2.400e+01 -1.444e+01 -1.326e+01 -1.269e+01 -1.082e+01 -1.622e+01 -1.937e+01 -2.056e+01 -1.885e+01 -1.780e+01 -1.301e+01 -1.653e+01 -1.931e+01 -2.400e+01 -2.381e+01 -1.982e+01 -2.245e+01
+1.960 -1.504 17.931 15.427 0.082 0.012 1.000 -2.086e+01 -6.196e-01 -1.745e+01 -1.330e+01 -6.987e-01 -1.869e+01 -5.074e+00 -9.857e+00 -1.641e+01 -1.098e+01 -7.493e+00 -2.802e+00 -5.160e+00 -1.650e+01 -1.229e+01 -2.223e+00 -3.595e+00 -6.649e+00 -2.399e+01 -1.804e+00 -9.349e-01 -4.215e+00 -5.815e+00 -1.442e+01 -2.142e+01 -4.543e+00 -7.153e+00 -7.409e+00 -2.190e+01 -1.943e+01 -7.297e+00 -4.519e+00 -9.065e-01 -6.612e+00 -9.737e+00 -2.399e+01 -1.943e+01 -2.195e+01 -1.055e+01 -4.276e+00 -3.075e+00 -2.979e+00 -1.657e+01 -8.455e+00 -2.400e+01 -1.287e+01 -3.287e+00 -1.562e+00 -3.679e+00 -2.190e+00 -1.091e+01 -2.398e+01 -1.031e+01 -5.834e+00 -1.897e+00 -2.250e+00 -1.666e+00 -1.414e+01 -1.319e+01 -8.563e+00 -3.690e+00 -2.140e+00 -1.099e+00 -2.663e+00 -2.460e+00 -1.446e+01 -1.049e+01 -5.191e+00 -3.189e+00 -1.626e+00 -1.406e+00 -1.367e+01 -1.575e+01 -2.234e+01 -8.913e+00 -5.471e+00 -3.527e+00 -1.227e+00 -2.826e+00 -3.129e+00 -1.485e+01 -2.387e+01 -1.944e+01 -9.126e+00 -6.066e+00 -5.551e+00 -3.116e+00 -1.451e+01 -8.776e+00 -2.024e+01 -2.400e+01 -2.400e+01 -1.399e+01 -9.714e+00 -8.135e+00 -4.002e+00 -3.783e+00 -5.681e+00 -1.703e+01 -6.713e+00 -1.264e+01 -1.245e+01 -6.462e+00 -4.730e+00 -5.218e+00 -1.595e+01 -1.897e+01 -1.364e+01 -1.714e+01 -2.128e+01 -1.146e+01 -9.243e+00 -4.740e+00 -8.157e+00 -9.434e+00 -1.356e+01 -1.903e+01 -2.400e+01 -1.570e+01 -1.436e+01 -1.332e+01 -1.082e+01 -1.620e+01 -1.919e+01 -2.244e+01 -2.061e+01 -1.911e+01 -1.300e+01 -1.653e+01 -1.931e+01 -2.400e+01 -2.400e+01 -2.047e+01 -2.308e+01
+2.020 -0.859 17.945 15.166 0.097 0.016 1.000 -2.083e+01 -6.256e-01 -1.738e+01 -1.314e+01 -6.903e-01 -1.848e+01 -5.079e+00 -9.696e+00 -1.612e+01 -1.110e+01 -7.500e+00 -2.527e+00 -4.662e+00 -1.585e+01 -1.271e+01 -2.030e+00 -3.159e+00 -6.237e+00 -2.397e+01 -1.789e+00 -9.608e-01 -4.131e+00 -5.456e+00 -1.365e+01 -2.142e+01 -4.558e+00 -6.694e+00 -7.089e+00 -2.127e+01 -1.940e+01 -7.925e+00 -4.755e+00 -8.807e-01 -6.262e+00 -9.568e+00 -2.398e+01 -1.943e+01 -2.310e+01 -1.120e+01 -4.270e+00 -3.102e+00 -2.842e+00 -1.610e+01 -8.455e+00 -2.400e+01 -1.380e+01 -3.858e+00 -1.906e+00 -3.659e+00 -1.980e+00 -1.075e+01 -2.394e+01 -1.151e+01 -6.885e+00 -2.169e+00 -2.122e+00 -1.574e+00 -1.378e+01 -1.508e+01 -9.933e+00 -4.420e+00 -2.480e+00 -1.065e+00 -2.641e+00 -2.308e+00 -1.412e+01 -1.172e+01 -5.962e+00 -3.810e+00 -1.646e+00 -1.405e+00 -1.348e+01 -1.557e+01 -2.375e+01 -1.022e+01 -6.625e+00 -4.106e+00 -1.224e+00 -2.828e+00 -3.127e+00 -1.466e+01 -2.400e+01 -1.951e+01 -1.006e+01 -7.056e+00 -6.083e+00 -3.114e+00 -1.435e+01 -8.661e+00 -2.019e+01 -2.400e+01 -2.400e+01 -1.545e+01 -1.128e+01 -9.360e+00 -3.999e+00 -3.779e+00 -5.591e+00 -1.696e+01 -6.713e+00 -1.320e+01 -1.411e+01 -7.034e+00 -4.740e+00 -5.218e+00 -1.590e+01 -1.886e+01 -1.419e+01 -1.827e+01 -2.370e+01 -1.261e+01 -9.834e+00 -4.740e+00 -8.157e+00 -9.433e+00 -1.343e+01 -1.886e+01 -2.400e+01 -1.683e+01 -1.544e+01 -1.389e+01 -1.082e+01 -1.620e+01 -1.905e+01 -2.378e+01 -2.228e+01 -2.030e+01 -1.300e+01 -1.653e+01 -1.931e+01 -2.400e+01 -2.400e+01 -2.106e+01 -2.356e+01
+2.080 -0.611 17.953 14.906 0.097 0.016 1.000 -2.103e+01 -6.296e-01 -1.749e+01 -1.304e+01 -6.834e-01 -1.833e+01 -5.085e+00 -9.382e+00 -1.584e+01 -1.106e+01 -7.505e+00 -2.294e+00 -4.232e+00 -1.544e+01 -1.309e+01 -1.885e+00 -2.774e+00 -5.830e+00 -2.392e+01 -1.801e+00 -9.919e-01 -4.070e+00 -5.202e+00 -1.292e+01 -2.142e+01 -4.599e+00 -6.278e+00 -6.742e+00 -2.076e+01 -1.937e+01 -8.521e+00 -5.027e+00 -8.680e-01 -5.929e+00 -9.430e+00 -2.397e+01 -1.943e+01 -2.386e+01 -1.191e+01 -4.285e+00 -3.094e+00 -2.720e+00 -1.580e+01 -8.455e+00 -2.400e+01 -1.478e+01 -4.387e+00 -2.307e+00 -3.688e+00 -1.865e+00 -1.075e+01 -2.391e+01 -1.278e+01 -7.911e+00 -2.553e+00 -2.077e+00 -1.538e+00 -1.359e+01 -1.718e+01 -1.128e+01 -5.268e+00 -2.947e+00 -1.050e+00 -2.638e+00 -2.188e+00 -1.391e+01 -1.310e+01 -6.882e+00 -4.538e+00 -1.676e+00 -1.405e+00 -1.337e+01 -1.546e+01 -2.400e+01 -1.176e+01 -7.936e+00 -4.700e+00 -1.223e+00 -2.829e+00 -3.126e+00 -1.456e+01 -2.400e+01 -1.975e+01 -1.103e+01 -8.080e+00 -6.649e+00 -3.114e+00 -1.426e+01 -8.557e+00 -2.015e+01 -2.400e+01 -2.400e+01 -1.703e+01 -1.290e+01 -1.055e+01 -3.997e+00 -3.778e+00 -5.512e+00 -1.690e+01 -6.713e+00 -1.383e+01 -1.578e+01 -7.697e+00 -4.751e+00 -5.218e+00 -1.587e+01 -1.878e+01 -1.482e+01 -1.956e+01 -2.400e+01 -1.391e+01 -1.049e+01 -4.740e+00 -8.157e+00 -9.433e+00 -1.331e+01 -1.873e+01 -2.400e+01 -1.809e+01 -1.674e+01 -1.453e+01 -1.082e+01 -1.619e+01 -1.893e+01 -2.400e+01 -2.381e+01 -2.163e+01 -1.300e+01 -1.653e+01 -1.931e+01 -2.400e+01 -2.400e+01 -2.170e+01 -2.387e+01
+2.140 -0.345 17.958 14.710 0.104 0.019 1.000 -2.129e+01 -6.326e-01 -1.764e+01 -1.299e+01 -6.771e-01 -1.817e+01 -5.090e+00 -9.055e+00 -1.555e+01 -1.100e+01 -7.510e+00 -2.091e+00 -3.860e+00 -1.515e+01 -1.343e+01 -1.777e+00 -2.472e+00 -5.466e+00 -2.383e+01 -1.838e+00 -1.030e+00 -4.023e+00 -5.018e+00 -1.233e+01 -2.142e+01 -4.662e+00 -6.006e+00 -6.461e+00 -2.039e+01 -1.936e+01 -9.055e+00 -5.339e+00 -8.624e-01 -5.638e+00 -9.306e+00 -2.395e+01 -1.943e+01 -2.399e+01 -1.266e+01 -4.338e+00 -3.076e+00 -2.661e+00 -1.561e+01 -8.455e+00 -2.400e+01 -1.581e+01 -4.940e+00 -2.773e+00 -3.766e+00 -1.812e+00 -1.076e+01 -2.389e+01 -1.411e+01 -8.914e+00 -3.038e+00 -2.067e+00 -1.529e+00 -1.351e+01 -1.938e+01 -1.262e+01 -6.232e+00 -3.499e+00 -1.044e+00 -2.638e+00 -2.089e+00 -1.379e+01 -1.460e+01 -7.888e+00 -5.362e+00 -1.712e+00 -1.405e+00 -1.331e+01 -1.541e+01 -2.400e+01 -1.341e+01 -9.372e+00 -5.302e+00 -1.223e+00 -2.829e+00 -3.126e+00 -1.450e+01 -2.400e+01 -2.005e+01 -1.202e+01 -9.111e+00 -7.216e+00 -3.114e+00 -1.420e+01 -8.462e+00 -2.011e+01 -2.400e+01 -2.400e+01 -1.866e+01 -1.454e+01 -1.174e+01 -3.997e+00 -3.778e+00 -5.442e+00 -1.686e+01 -6.713e+00 -1.446e+01 -1.746e+01 -8.398e+00 -4.764e+00 -5.218e+00 -1.585e+01 -1.870e+01 -1.544e+01 -2.088e+01 -2.400e+01 -1.525e+01 -1.115e+01 -4.740e+00 -8.157e+00 -9.433e+00 -1.321e+01 -1.861e+01 -2.400e+01 -1.934e+01 -1.791e+01 -1.517e+01 -1.082e+01 -1.619e+01 -1.882e+01 -2.400e+01 -2.400e+01 -2.292e+01 -1.300e+01 -1.653e+01 -1.931e+01 -2.400e+01 -2.400e+01 -2.227e+01 -2.397e+01
+2.200 -0.568 17.963 14.571 0.097 0.019 1.000 -2.162e+01 -6.350e-01 -1.782e+01 -1.297e+01 -6.712e-01 -1.798e+01 -5.094e+00 -8.692e+00 -1.524e+01 -1.092e+01 -7.516e+00 -1.914e+00 -3.533e+00 -1.498e+01 -1.376e+01 -1.700e+00 -2.244e+00 -5.117e+00 -2.370e+01 -1.898e+00 -1.077e+00 -3.985e+00 -4.881e+00 -1.183e+01 -2.142e+01 -4.744e+00 -5.851e+00 -6.265e+00 -2.016e+01 -1.935e+01 -9.575e+00 -5.697e+00 -8.603e-01 -5.397e+00 -9.193e+00 -2.394e+01 -1.943e+01 -2.400e+01 -1.347e+01 -4.450e+00 -3.061e+00 -2.636e+00 -1.550e+01 -8.455e+00 -2.400e+01 -1.693e+01 -5.577e+00 -3.312e+00 -3.852e+00 -1.794e+00 -1.076e+01 -2.388e+01 -1.560e+01 -9.967e+00 -3.620e+00 -2.067e+00 -1.527e+00 -1.349e+01 -2.183e+01 -1.404e+01 -7.323e+00 -4.096e+00 -1.041e+00 -2.639e+00 -2.004e+00 -1.372e+01 -1.625e+01 -8.960e+00 -6.271e+00 -1.753e+00 -1.405e+00 -1.328e+01 -1.538e+01 -2.400e+01 -1.520e+01 -1.094e+01 -5.925e+00 -1.222e+00 -2.829e+00 -3.125e+00 -1.447e+01 -2.400e+01 -2.042e+01 -1.307e+01 -1.017e+01 -7.808e+00 -3.114e+00 -1.418e+01 -8.373e+00 -2.009e+01 -2.400e+01 -2.400e+01 -2.040e+01 -1.621e+01 -1.295e+01 -3.997e+00 -3.778e+00 -5.378e+00 -1.683e+01 -6.713e+00 -1.513e+01 -1.920e+01 -9.167e+00 -4.779e+00 -5.218e+00 -1.584e+01 -1.863e+01 -1.611e+01 -2.230e+01 -2.400e+01 -1.668e+01 -1.184e+01 -4.740e+00 -8.157e+00 -9.433e+00 -1.311e+01 -1.851e+01 -2.400e+01 -2.066e+01 -1.881e+01 -1.585e+01 -1.082e+01 -1.619e+01 -1.872e+01 -2.400e+01 -2.400e+01 -2.384e+01 -1.300e+01 -1.653e+01 -1.931e+01 -2.400e+01 -2.400e+01 -2.280e+01 -2.399e+01
+2.260 -0.381 17.966 14.471 0.097 0.022 0.999 -2.198e+01 -6.370e-01 -1.799e+01 -1.295e+01 -6.655e-01 -1.779e+01 -5.100e+00 -8.317e+00 -1.493e+01 -1.082e+01 -7.522e+00 -1.761e+00 -3.246e+00 -1.488e+01 -1.409e+01 -1.650e+00 -2.078e+00 -4.795e+00 -2.356e+01 -1.980e+00 -1.133e+00 -3.952e+00 -4.776e+00 -1.139e+01 -2.142e+01 -4.845e+00 -5.773e+00 -6.151e+00 -2.008e+01 -1.935e+01 -1.010e+01 -6.108e+00 -8.596e-01 -5.219e+00 -9.089e+00 -2.393e+01 -1.943e+01 -2.400e+01 -1.433e+01 -4.633e+00 -3.051e+00 -2.629e+00 -1.545e+01 -8.455e+00 -2.400e+01 -1.812e+01 -6.337e+00 -3.933e+00 -3.919e+00 -1.788e+00 -1.073e+01 -2.388e+01 -1.726e+01 -1.111e+01 -4.288e+00 -2.068e+00 -1.527e+00 -1.351e+01 -2.388e+01 -1.557e+01 -8.536e+00 -4.716e+00 -1.041e+00 -2.639e+00 -1.931e+00 -1.369e+01 -1.802e+01 -1.006e+01 -7.274e+00 -1.800e+00 -1.405e+00 -1.327e+01 -1.536e+01 -2.400e+01 -1.705e+01 -1.265e+01 -6.577e+00 -1.222e+00 -2.829e+00 -3.125e+00 -1.446e+01 -2.400e+01 -2.082e+01 -1.417e+01 -1.126e+01 -8.421e+00 -3.114e+00 -1.417e+01 -8.290e+00 -2.008e+01 -2.400e+01 -2.400e+01 -2.220e+01 -1.784e+01 -1.414e+01 -3.997e+00 -3.778e+00 -5.320e+00 -1.682e+01 -6.713e+00 -1.580e+01 -2.098e+01 -9.997e+00 -4.795e+00 -5.218e+00 -1.583e+01 -1.857e+01 -1.679e+01 -2.357e+01 -2.400e+01 -1.799e+01 -1.254e+01 -4.740e+00 -8.157e+00 -9.433e+00 -1.302e+01 -1.842e+01 -2.400e+01 -2.200e+01 -1.955e+01 -1.655e+01 -1.082e+01 -1.619e+01 -1.864e+01 -2.400e+01 -2.400e+01 -2.399e+01 -1.300e+01 -1.653e+01 -1.931e+01 -2.400e+01 -2.400e+01 -2.327e+01 -2.400e+01
+2.320 -0.302 17.970 14.380 0.090 0.023 0.999 -2.242e+01 -6.388e-01 -1.813e+01 -1.295e+01 -6.599e-01 -1.758e+01 -5.112e+00 -7.904e+00 -1.460e+01 -1.070e+01 -7.528e+00 -1.632e+00 -3.000e+00 -1.484e+01 -1.443e+01 -1.621e+00 -1.959e+00 -4.467e+00 -2.344e+01 -2.084e+00 -1.199e+00 -3.924e+00 -4.697e+00 -1.095e+01 -2.142e+01 -4.965e+00 -5.737e+00 -6.106e+00 -2.018e+01 -1.934e+01 -1.067e+01 -6.581e+00 -8.593e-01 -5.091e+00 -8.991e+00 -2.394e+01 -1.943e+01 -2.400e+01 -1.528e+01 -4.889e+00 -3.044e+00 -2.630e+00 -1.543e+01 -8.455e+00 -2.400e+01 -1.944e+01 -7.235e+00 -4.648e+00 -3.954e+00 -1.787e+00 -1.070e+01 -2.388e+01 -1.919e+01 -1.237e+01 -5.010e+00 -2.069e+00 -1.527e+00 -1.356e+01 -2.400e+01 -1.727e+01 -9.857e+00 -5.348e+00 -1.040e+00 -2.639e+00 -1.867e+00 -1.367e+01 -1.993e+01 -1.121e+01 -8.375e+00 -1.854e+00 -1.405e+00 -1.326e+01 -1.536e+01 -2.400e+01 -1.827e+01 -1.454e+01 -7.278e+00 -1.222e+00 -2.829e+00 -3.125e+00 -1.445e+01 -2.400e+01 -2.130e+01 -1.539e+01 -1.219e+01 -9.090e+00 -3.114e+00 -1.416e+01 -8.210e+00 -2.008e+01 -2.400e+01 -2.400e+01 -2.377e+01 -1.885e+01 -1.527e+01 -3.997e+00 -3.778e+00 -5.265e+00 -1.681e+01 -6.713e+00 -1.655e+01 -2.274e+01 -1.094e+01 -4.813e+00 -5.218e+00 -1.583e+01 -1.851e+01 -1.753e+01 -2.398e+01 -2.400e+01 -1.883e+01 -1.331e+01 -4.740e+00 -8.157e+00 -9.433e+00 -1.294e+01 -1.833e+01 -2.400e+01 -2.338e+01 -2.031e+01 -1.732e+01 -1.082e+01 -1.619e+01 -1.855e+01 -2.400e+01 -2.400e+01 -2.400e+01 -1.300e+01 -1.653e+01 -1.931e+01 -2.400e+01 -2.400e+01 -2.366e+01 -2.400e+01
+2.380 -1.951 17.973 14.288 0.030 0.025 0.999 -2.289e+01 -6.404e-01 -1.821e+01 -1.294e+01 -6.546e-01 -1.741e+01 -5.142e+00 -7.544e+00 -1.428e+01 -1.061e+01 -7.536e+00 -1.525e+00 -2.794e+00 -1.482e+01 -1.476e+01 -1.607e+00 -1.873e+00 -4.165e+00 -2.335e+01 -2.208e+00 -1.275e+00 -3.898e+00 -4.637e+00 -1.053e+01 -2.142e+01 -5.106e+00 -5.722e+00 -6.101e+00 -2.040e+01 -1.934e+01 -1.123e+01 -7.124e+00 -8.593e-01 -5.028e+00 -8.901e+00 -2.395e+01 -1.943e+01 -2.400e+01 -1.629e+01 -5.212e+00 -3.040e+00 -2.631e+00 -1.542e+01 -8.455e+00 -2.400e+01 -2.083e+01 -8.226e+00 -5.472e+00 -3.968e+00 -1.787e+00 -1.067e+01 -2.388e+01 -2.126e+01 -1.371e+01 -5.743e+00 -2.069e+00 -1.527e+00 -1.362e+01 -2.400e+01 -1.907e+01 -1.119e+01 -5.943e+00 -1.040e+00 -2.639e+00 -1.811e+00 -1.367e+01 -2.185e+01 -1.232e+01 -9.524e+00 -1.916e+00 -1.405e+00 -1.326e+01 -1.536e+01 -2.400e+01 -1.897e+01 -1.650e+01 -7.976e+00 -1.222e+00 -2.829e+00 -3.125e+00 -1.445e+01 -2.400e+01 -2.181e+01 -1.662e+01 -1.260e+01 -9.756e+00 -3.114e+00 -1.416e+01 -8.134e+00 -2.008e+01 -2.400e+01 -2.400e+01 -2.400e+01 -1.942e+01 -1.619e+01 -3.997e+00 -3.778e+00 -5.213e+00 -1.681e+01 -6.713e+00 -1.730e+01 -2.384e+01 -1.193e+01 -4.833e+00 -5.218e+00 -1.583e+01 -1.845e+01 -1.828e+01 -2.400e+01 -2.400e+01 -1.937e+01 -1.407e+01 -4.740e+00 -8.157e+00 -9.433e+00 -1.286e+01 -1.825e+01 -2.400e+01 -2.396e+01 -2.105e+01 -1.810e+01 -1.082e+01 -1.619e+01 -1.847e+01 -2.400e+01 -2.400e+01 -2.400e+01 -1.300e+01 -1.653e+01 -1.931e+01 -2.400e+01 -2.400e+01 -2.388e+01 -2.400e+01
+2.440 -0.133 17.976 14.190 0.082 0.026 0.999 -2.332e+01 -6.418e-01 -1.824e+01 -1.293e+01 -6.495e-01 -1.727e+01 -5.206e+00 -7.426e+00 -1.398e+01 -1.077e+01 -7.545e+00 -1.438e+00 -2.618e+00 -1.481e+01 -1.509e+01 -1.606e+00 -1.811e+00 -3.877e+00 -2.329e+01 -2.354e+00 -1.362e+00 -3.875e+00 -4.594e+00 -1.008e+01 -2.142e+01 -5.269e+00 -5.717e+00 -6.108e+00 -2.076e+01 -1.934e+01 -1.183e+01 -7.748e+00 -8.593e-01 -4.997e+00 -8.815e+00 -2.396e+01 -1.943e+01 -2.400e+01 -1.737e+01 -5.601e+00 -3.038e+00 -2.632e+00 -1.542e+01 -8.455e+00 -2.400e+01 -2.231e+01 -9.347e+00 -6.419e+00 -3.972e+00 -1.787e+00 -1.065e+01 -2.388e+01 -2.341e+01 -1.519e+01 -6.504e+00 -2.069e+00 -1.527e+00 -1.369e+01 -2.400e+01 -2.103e+01 -1.260e+01 -6.536e+00 -1.040e+00 -2.639e+00 -1.762e+00 -1.367e+01 -2.361e+01 -1.345e+01 -1.077e+01 -1.987e+00 -1.405e+00 -1.326e+01 -1.536e+01 -2.400e+01 -1.871e+01 -1.861e+01 -8.710e+00 -1.222e+00 -2.829e+00 -3.125e+00 -1.445e+01 -2.400e+01 -2.233e+01 -1.793e+01 -1.285e+01 -1.045e+01 -3.114e+00 -1.416e+01 -8.060e+00 -2.009e+01 -2.400e+01 -2.400e+01 -2.400e+01 -1.996e+01 -1.702e+01 -3.997e+00 -3.778e+00 -5.164e+00 -1.681e+01 -6.713e+00 -1.807e+01 -2.399e+01 -1.298e+01 -4.855e+00 -5.218e+00 -1.583e+01 -1.839e+01 -1.905e+01 -2.400e+01 -2.400e+01 -2.026e+01 -1.486e+01 -4.740e+00 -8.157e+00 -9.433e+00 -1.278e+01 -1.817e+01 -2.400e+01 -2.400e+01 -2.179e+01 -1.890e+01 -1.082e+01 -1.619e+01 -1.840e+01 -2.400e+01 -2.400e+01 -2.400e+01 -1.300e+01 -1.654e+01 -1.931e+01 -2.400e+01 -2.400e+01 -2.397e+01 -2.400e+01
+2.500 +0.153 17.978 14.079 0.090 0.023 0.999 -2.370e+01 -6.431e-01 -1.824e+01 -1.293e+01 -6.450e-01 -1.712e+01 -5.284e+00 -7.601e+00 -1.365e+01 -1.124e+01 -7.555e+00 -1.367e+00 -2.468e+00 -1.481e+01 -1.544e+01 -1.614e+00 -1.767e+00 -3.576e+00 -2.327e+01 -2.525e+00 -1.463e+00 -3.854e+00 -4.563e+00 -9.589e+00 -2.142e+01 -5.457e+00 -5.717e+00 -6.115e+00 -2.125e+01 -1.934e+01 -1.248e+01 -8.466e+00 -8.593e-01 -4.988e+00 -8.733e+00 -2.398e+01 -1.943e+01 -2.400e+01 -1.859e+01 -6.058e+00 -3.038e+00 -2.632e+00 -1.542e+01 -8.455e+00 -2.400e+01 -2.369e+01 -1.062e+01 -7.512e+00 -3.972e+00 -1.787e+00 -1.063e+01 -2.389e+01 -2.400e+01 -1.686e+01 -7.327e+00 -2.069e+00 -1.527e+00 -1.378e+01 -2.400e+01 -2.317e+01 -1.414e+01 -7.154e+00 -1.040e+00 -2.639e+00 -1.720e+00 -1.367e+01 -2.400e+01 -1.465e+01 -1.213e+01 -2.069e+00 -1.405e+00 -1.326e+01 -1.536e+01 -2.400e+01 -1.856e+01 -2.096e+01 -9.519e+00 -1.222e+00 -2.829e+00 -3.125e+00 -1.445e+01 -2.400e+01 -2.290e+01 -1.938e+01 -1.311e+01 -1.122e+01 -3.114e+00 -1.416e+01 -7.989e+00 -2.009e+01 -2.400e+01 -2.400e+01 -2.400e+01 -2.057e+01 -1.789e+01 -3.997e+00 -3.778e+00 -5.117e+00 -1.681e+01 -6.713e+00 -1.892e+01 -2.400e+01 -1.418e+01 -4.880e+00 -5.218e+00 -1.583e+01 -1.833e+01 -1.991e+01 -2.400e+01 -2.400e+01 -2.056e+01 -1.574e+01 -4.740e+00 -8.157e+00 -9.433e+00 -1.271e+01 -1.809e+01 -2.400e+01 -2.400e+01 -2.257e+01 -1.980e+01 -1.082e+01 -1.620e+01 -1.832e+01 -2.400e+01 -2.400e+01 -2.400e+01 -1.300e+01 -1.654e+01 -1.931e+01 -2.400e+01 -2.400e+01 -2.399e+01 -2.400e+01
+2.560 +0.368 17.980 13.952 0.142 0.022 0.999 -2.391e+01 -6.442e-01 -1.824e+01 -1.292e+01 -6.410e-01 -1.696e+01 -5.344e+00 -7.889e+00 -1.333e+01 -1.183e+01 -7.567e+00 -1.312e+00 -2.338e+00 -1.481e+01 -1.580e+01 -1.630e+00 -1.737e+00 -3.291e+00 -2.329e+01 -2.723e+00 -1.579e+00 -3.837e+00 -4.542e+00 -9.077e+00 -2.142e+01 -5.674e+00 -5.718e+00 -6.119e+00 -2.183e+01 -1.934e+01 -1.316e+01 -9.299e+00 -8.593e-01 -4.988e+00 -8.655e+00 -2.399e+01 -1.943e+01 -2.400e+01 -1.993e+01 -6.581e+00 -3.037e+00 -2.632e+00 -1.542e+01 -8.455e+00 -2.400e+01 -2.399e+01 -1.203e+01 -8.788e+00 -3.973e+00 -1.787e+00 -1.062e+01 -2.389e+01 -2.400e+01 -1.871e+01 -8.208e+00 -2.069e+00 -1.527e+00 -1.389e+01 -2.400e+01 -2.399e+01 -1.578e+01 -7.769e+00 -1.040e+00 -2.639e+00 -1.684e+00 -1.367e+01 -2.400e+01 -1.587e+01 -1.347e+01 -2.164e+00 -1.405e+00 -1.326e+01 -1.536e+01 -2.400e+01   nan -2.327e+01 -1.037e+01 -1.222e+00 -2.829e+00 -3.125e+00 -1.445e+01 -2.400e+01 -2.343e+01 -2.091e+01 -1.338e+01 -1.202e+01 -3.114e+00 -1.416e+01 -7.919e+00 -2.010e+01 -2.400e+01 -2.400e+01 -2.400e+01 -2.119e+01 -1.877e+01 -3.997e+00 -3.778e+00 -5.071e+00 -1.681e+01 -6.713e+00 -1.981e+01 -2.400e+01 -1.546e+01 -4.909e+00 -5.218e+00 -1.583e+01 -1.827e+01 -2.081e+01 -2.400e+01 -2.400e+01 -2.083e+01 -1.666e+01 -4.740e+00 -8.157e+00 -9.433e+00 -1.264e+01 -1.802e+01 -2.400e+01 -2.400e+01 -2.330e+01 -2.074e+01 -1.083e+01 -1.620e+01 -1.825e+01 -2.400e+01 -2.400e+01 -2.400e+01 -1.300e+01 -1.654e+01 -1.931e+01 -2.400e+01 -2.400e+01 -2.400e+01 -2.400e+01
+2.620 +1.033 17.982 13.816 0.246 0.022 0.999 -2.397e+01 -6.451e-01 -1.822e+01 -1.291e+01 -6.377e-01 -1.679e+01 -5.384e+00 -8.165e+00 -1.305e+01 -1.239e+01 -7.580e+00 -1.269e+00 -2.227e+00 -1.481e+01 -1.613e+01 -1.653e+00 -1.717e+00 -3.048e+00 -2.338e+01 -2.954e+00 -1.713e+00 -3.823e+00 -4.528e+00 -8.600e+00 -2.142e+01 -5.926e+00 -5.720e+00 -6.121e+00 -2.245e+01 -1.934e+01 -1.383e+01 -1.028e+01 -8.593e-01 -4.991e+00 -8.580e+00 -2.400e+01 -1.943e+01 -2.400e+01 -2.132e+01 -7.163e+00 -3.037e+00 -2.632e+00 -1.542e+01 -8.455e+00 -2.400e+01 -2.400e+01 -1.352e+01 -1.031e+01 -3.973e+00 -1.787e+00 -1.061e+01 -2.390e+01 -2.400e+01 -2.077e+01 -9.124e+00 -2.069e+00 -1.527e+00 -1.401e+01 -2.400e+01 -2.400e+01 -1.747e+01 -8.363e+00 -1.040e+00 -2.639e+00 -1.653e+00 -1.367e+01 -2.400e+01 -1.703e+01 -1.449e+01 -2.272e+00 -1.405e+00 -1.326e+01 -1.536e+01 -2.400e+01 -1.739e+01 -2.398e+01 -1.122e+01 -1.222e+00 -2.829e+00 -3.125e+00 -1.445e+01 -2.400e+01 -2.376e+01 -2.240e+01 -1.366e+01 -1.279e+01 -3.114e+00 -1.416e+01 -7.851e+00 -2.010e+01 -2.400e+01 -2.400e+01 -2.400e+01 -2.177e+01 -1.962e+01 -3.997e+00 -3.778e+00 -5.028e+00 -1.681e+01 -6.713e+00 -2.068e+01 -2.400e+01 -1.670e+01 -4.942e+00 -5.218e+00 -1.583e+01 -1.821e+01 -2.166e+01 -2.400e+01 -2.400e+01   nan -1.753e+01 -4.740e+00 -8.157e+00 -9.433e+00 -1.257e+01 -1.795e+01 -2.400e+01 -2.400e+01 -2.376e+01 -2.165e+01 -1.083e+01 -1.620e+01 -1.818e+01 -2.400e+01 -2.400e+01 -2.400e+01 -1.300e+01 -1.654e+01 -1.931e+01 -2.400e+01 -2.400e+01 -2.400e+01 -2.400e+01
+2.680 +1.383 17.984 13.667 0.291 0.022 0.999 -2.399e+01 -6.458e-01 -1.821e+01 -1.291e+01 -6.351e-01 -1.661e+01 -5.410e+00 -8.428e+00 -1.277e+01 -1.292e+01 -7.595e+00 -1.237e+00 -2.129e+00 -1.481e+01 -1.647e+01 -1.681e+00 -1.705e+00 -2.829e+00 -2.350e+01 -3.223e+00 -1.868e+00 -3.812e+00 -4.519e+00 -8.163e+00 -2.142e+01 -6.221e+00 -5.723e+00 -6.122e+00 -2.306e+01 -1.934e+01 -1.453e+01 -1.147e+01 -8.593e-01 -4.993e+00 -8.508e+00 -2.400e+01 -1.943e+01 -2.400e+01 -2.287e+01 -7.794e+00 -3.037e+00 -2.632e+00 -1.542e+01 -8.455e+00 -2.400e+01 -2.400e+01 -1.510e+01 -1.222e+01 -3.973e+00 -1.787e+00 -1.061e+01 -2.390e+01 -2.400e+01 -2.289e+01 -1.007e+01 -2.069e+00 -1.527e+00 -1.415e+01 -2.400e+01 -2.400e+01 -1.907e+01 -8.942e+00 -1.040e+00 -2.639e+00 -1.628e+00 -1.367e+01 -2.400e+01 -1.815e+01 -1.517e+01 -2.398e+00 -1.405e+00 -1.326e+01 -1.536e+01 -2.400e+01 -1.715e+01 -2.400e+01 -1.204e+01 -1.222e+00 -2.829e+00 -3.125e+00 -1.445e+01 -2.400e+01 -2.391e+01 -2.366e+01 -1.394e+01 -1.359e+01 -3.114e+00 -1.416e+01 -7.783e+00 -2.011e+01 -2.400e+01 -2.400e+01 -2.400e+01 -2.235e+01 -2.038e+01 -3.997e+00 -3.778e+00 -4.986e+00 -1.681e+01 -6.713e+00 -2.156e+01 -2.400e+01 -1.800e+01 -4.979e+00 -5.218e+00 -1.583e+01 -1.815e+01 -2.253e+01 -2.400e+01 -2.400e+01   nan -1.844e+01 -4.740e+00 -8.157e+00 -9.433e+00 -1.250e+01 -1.788e+01 -2.400e+01 -2.400e+01 -2.395e+01 -2.257e+01 -1.083e+01 -1.620e+01 -1.811e+01 -2.400e+01 -2.400e+01 -2.401e+01 -1.300e+01 -1.654e+01 -1.931e+01 -2.400e+01 -2.400e+01 -2.400e+01 -2.400e+01
+2.740 +1.740 17.985 13.539 0.313 0.020 0.999 -2.400e+01 -6.463e-01 -1.820e+01 -1.290e+01 -6.329e-01 -1.650e+01 -5.429e+00 -8.596e+00 -1.261e+01 -1.327e+01 -7.613e+00 -1.213e+00 -2.043e+00 -1.481e+01 -1.668e+01 -1.715e+00 -1.697e+00 -2.728e+00 -2.361e+01 -3.544e+00 -2.050e+00 -3.804e+00 -4.514e+00 -7.856e+00 -2.142e+01 -6.573e+00 -5.726e+00 -6.123e+00 -2.344e+01 -1.934e+01 -1.511e+01 -1.271e+01 -8.593e-01 -4.995e+00 -8.437e+00 -2.400e+01 -1.943e+01 -2.400e+01 -2.382e+01 -8.348e+00 -3.037e+00 -2.632e+00 -1.542e+01 -8.455e+00 -2.400e+01 -2.400e+01 -1.609e+01 -1.386e+01 -3.973e+00 -1.787e+00 -1.061e+01 -2.391e+01 -2.400e+01 -2.393e+01 -1.068e+01 -2.069e+00 -1.527e+00 -1.431e+01 -2.400e+01 -2.400e+01 -2.026e+01 -9.271e+00 -1.040e+00 -2.639e+00 -1.607e+00 -1.367e+01 -2.400e+01 -1.891e+01 -1.545e+01 -2.544e+00 -1.405e+00 -1.326e+01 -1.536e+01 -2.400e+01   nan -2.400e+01 -1.266e+01 -1.222e+00 -2.829e+00 -3.125e+00 -1.445e+01 -2.400e+01 -2.397e+01 -2.396e+01 -1.413e+01 -1.411e+01 -3.114e+00 -1.416e+01 -7.717e+00 -2.012e+01 -2.400e+01 -2.400e+01 -2.400e+01 -2.268e+01 -2.091e+01 -3.997e+00 -3.778e+00 -4.946e+00 -1.681e+01 -6.713e+00 -2.213e+01 -2.401e+01 -1.885e+01 -5.022e+00 -5.218e+00 -1.583e+01 -1.809e+01 -2.307e+01 -2.400e+01 -2.400e+01 -1.992e+01 -1.904e+01 -4.740e+00 -8.157e+00 -9.433e+00 -1.244e+01 -1.781e+01 -2.400e+01 -2.400e+01 -2.398e+01 -2.313e+01 -1.083e+01 -1.620e+01 -1.805e+01 -2.400e+01 -2.400e+01 -2.393e+01 -1.300e+01 -1.654e+01 -1.931e+01 -2.400e+01 -2.400e+01 -2.400e+01 -2.400e+01
+2.800 +0.553 17.986 13.313 0.127 0.020 0.999 -2.400e+01 -6.468e-01 -1.820e+01 -1.289e+01 -6.312e-01 -1.636e+01 -5.444e+00 -8.782e+00 -1.243e+01 -1.363e+01 -7.633e+00 -1.195e+00 -1.968e+00 -1.481e+01 -1.693e+01 -1.755e+00 -1.692e+00 -2.721e+00 -2.369e+01 -3.927e+00 -2.263e+00 -3.797e+00 -4.512e+00 -7.633e+00 -2.142e+01 -6.996e+00 -5.730e+00 -6.123e+00 -2.354e+01 -1.934e+01 -1.581e+01 -1.322e+01 -8.593e-01 -4.996e+00 -8.368e+00 -2.400e+01 -1.943e+01 -2.400e+01 -2.398e+01 -8.637e+00 -3.037e+00 -2.632e+00 -1.542e+01 -8.455e+00 -2.400e+01 -2.400e+01 -1.695e+01 -1.446e+01 -3.973e+00 -1.787e+00 -1.061e+01 -2.392e+01 -2.400e+01 -2.400e+01 -1.115e+01 -2.069e+00 -1.527e+00 -1.451e+01 -2.400e+01 -2.400e+01 -2.122e+01 -9.564e+00 -1.040e+00 -2.639e+00 -1.591e+00 -1.368e+01 -2.400e+01 -1.963e+01 -1.580e+01 -2.715e+00 -1.405e+00 -1.326e+01 -1.536e+01 -2.400e+01 -1.711e+01 -2.400e+01 -1.325e+01 -1.222e+00 -2.829e+00 -3.125e+00 -1.445e+01 -2.400e+01 -2.398e+01 -2.400e+01 -1.431e+01 -1.460e+01 -3.114e+00 -1.416e+01 -7.652e+00 -2.013e+01 -2.400e+01 -2.400e+01 -2.400e+01 -2.291e+01 -2.150e+01 -3.997e+00 -3.778e+00 -4.908e+00 -1.681e+01 -6.713e+00 -2.269e+01 -2.399e+01 -1.965e+01 -5.072e+00 -5.218e+00 -1.583e+01 -1.803e+01 -2.356e+01 -2.400e+01 -2.400e+01   nan -1.968e+01 -4.740e+00 -8.157e+00 -9.433e+00 -1.237e+01 -1.775e+01 -2.400e+01 -2.400e+01 -2.399e+01 -2.362e+01 -1.083e+01 -1.620e+01 -1.798e+01 -2.400e+01 -2.400e+01 -2.402e+01 -1.300e+01 -1.654e+01 -1.931e+01 -2.400e+01 -2.400e+01 -2.400e+01 -2.400e+01
+2.860 +1.860 17.987 13.215 0.321 0.020 0.999 -2.400e+01 -6.471e-01 -1.819e+01 -1.289e+01 -6.300e-01 -1.634e+01 -5.457e+00 -8.840e+00 -1.240e+01 -1.377e+01 -7.656e+00 -1.181e+00 -1.901e+00 -1.481e+01 -1.700e+01 -1.801e+00 -1.690e+00 -2.774e+00 -2.376e+01 -4.353e+00 -2.504e+00 -3.792e+00 -4.511e+00 -7.458e+00 -2.142e+01 -7.463e+00 -5.734e+00 -6.123e+00 -2.364e+01 -1.934e+01 -1.634e+01 -1.340e+01 -8.593e-01 -4.997e+00 -8.300e+00 -2.400e+01 -1.943e+01 -2.400e+01 -2.399e+01 -8.835e+00 -3.037e+00 -2.632e+00 -1.542e+01 -8.455e+00 -2.400e+01 -2.400e+01 -1.752e+01 -1.495e+01 -3.973e+00 -1.787e+00 -1.061e+01 -2.393e+01 -2.400e+01 -2.399e+01 -1.151e+01 -2.069e+00 -1.527e+00 -1.472e+01 -2.400e+01 -2.400e+01 -2.190e+01 -9.753e+00 -1.040e+00 -2.639e+00 -1.579e+00 -1.368e+01 -2.400e+01 -1.995e+01 -1.589e+01 -2.910e+00 -1.405e+00 -1.326e+01 -1.536e+01 -2.400e+01   nan -2.400e+01 -1.367e+01 -1.222e+00 -2.829e+00 -3.125e+00 -1.445e+01 -2.400e+01 -2.398e+01 -2.399e+01 -1.441e+01 -1.481e+01 -3.114e+00 -1.416e+01 -7.587e+00 -2.015e+01 -2.400e+01 -2.400e+01 -2.400e+01 -2.296e+01 -2.192e+01 -3.997e+00 -3.778e+00 -4.873e+00 -1.681e+01 -6.713e+00 -2.289e+01 -2.400e+01 -2.000e+01 -5.130e+00 -5.218e+00 -1.583e+01 -1.797e+01 -2.365e+01 -2.400e+01 -2.400e+01 -2.098e+01 -1.992e+01 -4.740e+00 -8.157e+00 -9.433e+00 -1.231e+01 -1.768e+01 -2.400e+01 -2.400e+01 -2.400e+01 -2.371e+01 -1.083e+01 -1.620e+01 -1.792e+01 -2.400e+01 -2.400e+01 -2.392e+01 -1.300e+01 -1.655e+01 -1.931e+01 -2.400e+01 -2.400e+01 -2.400e+01 -2.400e+01
+2.920 +1.844 17.987 12.982 0.306 0.019 0.999 -2.400e+01 -6.474e-01 -1.819e+01 -1.288e+01 -6.290e-01 -1.627e+01 -5.471e+00 -8.946e+00 -1.232e+01 -1.397e+01 -7.683e+00 -1.171e+00 -1.841e+00 -1.481e+01 -1.715e+01 -1.854e+00 -1.689e+00 -2.919e+00 -2.382e+01 -4.885e+00 -2.795e+00 -3.788e+00 -4.511e+00 -7.325e+00 -2.142e+01 -8.052e+00 -5.739e+00 -6.123e+00 -2.364e+01 -1.934e+01 -1.709e+01 -1.354e+01 -8.593e-01 -4.998e+00 -8.233e+00 -2.400e+01 -1.943e+01 -2.400e+01 -2.399e+01 -8.960e+00 -3.037e+00 -2.632e+00 -1.542e+01 -8.455e+00 -2.400e+01 -2.400e+01 -1.792e+01 -1.544e+01 -3.973e+00 -1.787e+00 -1.060e+01 -2.394e+01 -2.400e+01 -2.399e+01 -1.180e+01 -2.069e+00 -1.527e+00 -1.498e+01 -2.400e+01 -2.400e+01 -2.239e+01 -9.938e+00 -1.040e+00 -2.639e+00 -1.571e+00 -1.368e+01 -2.400e+01 -2.032e+01 -1.582e+01 -3.142e+00 -1.405e+00 -1.326e+01 -1.536e+01 -2.400e+01   nan -2.400e+01 -1.418e+01 -1.222e+00 -2.829e+00 -3.125e+00 -1.445e+01 -2.400e+01 -2.398e+01 -2.400e+01 -1.452e+01 -1.511e+01 -3.114e+00 -1.416e+01 -7.523e+00 -2.016e+01 -2.400e+01 -2.400e+01 -2.400e+01 -2.303e+01 -2.200e+01 -3.997e+00 -3.778e+00 -4.840e+00 -1.681e+01 -6.713e+00 -2.318e+01 -2.395e+01 -2.049e+01 -5.197e+00 -5.218e+00 -1.583e+01 -1.791e+01 -2.380e+01 -2.400e+01 -2.400e+01 -2.097e+01 -2.031e+01 -4.740e+00 -8.157e+00 -9.433e+00 -1.224e+01 -1.762e+01 -2.400e+01 -2.400e+01 -2.400e+01 -2.385e+01 -1.084e+01 -1.621e+01 -1.785e+01 -2.400e+01 -2.400e+01 -2.388e+01 -1.300e+01 -1.655e+01 -1.931e+01 -2.400e+01 -2.400e+01 -2.400e+01 -2.400e+01
+2.980 +1.980 17.988 12.797 0.306 0.019 0.999 -2.400e+01 -6.476e-01 -1.818e+01 -1.287e+01 -6.284e-01 -1.620e+01 -5.484e+00 -9.049e+00 -1.224e+01 -1.418e+01 -7.713e+00 -1.166e+00 -1.789e+00 -1.481e+01 -1.730e+01 -1.916e+00 -1.688e+00 -3.041e+00 -2.390e+01 -5.481e+00 -3.130e+00 -3.785e+00 -4.511e+00 -7.195e+00 -2.142e+01 -8.697e+00 -5.744e+00 -6.123e+00 -2.373e+01 -1.934e+01 -1.785e+01 -1.373e+01 -8.593e-01 -4.998e+00 -8.167e+00 -2.400e+01 -1.943e+01 -2.400e+01 -2.400e+01 -9.158e+00 -3.037e+00 -2.632e+00 -1.542e+01 -8.455e+00 -2.400e+01 -2.400e+01 -1.849e+01 -1.582e+01 -3.973e+00 -1.787e+00 -1.060e+01 -2.394e+01 -2.400e+01 -2.387e+01 -1.218e+01 -2.069e+00 -1.527e+00 -1.528e+01 -2.400e+01 -2.400e+01 -2.308e+01 -1.014e+01 -1.040e+00 -2.639e+00 -1.566e+00 -1.369e+01 -2.400e+01 -2.075e+01 -1.591e+01 -3.409e+00 -1.405e+00 -1.326e+01 -1.536e+01 -2.400e+01   nan -2.400e+01 -1.471e+01 -1.222e+00 -2.829e+00 -3.125e+00 -1.445e+01 -2.400e+01 -2.399e+01 -2.399e+01 -1.465e+01 -1.542e+01 -3.114e+00 -1.416e+01 -7.460e+00 -2.018e+01 -2.400e+01 -2.400e+01 -2.400e+01 -2.316e+01 -2.239e+01 -3.997e+00 -3.778e+00 -4.810e+00 -1.681e+01 -6.713e+00 -2.345e+01 -2.395e+01 -2.099e+01 -5.273e+00 -5.218e+00 -1.583e+01 -1.785e+01 -2.390e+01 -2.400e+01 -2.400e+01 -2.095e+01 -2.072e+01 -4.740e+00 -8.157e+00 -9.433e+00 -1.218e+01 -1.756e+01 -2.400e+01 -2.400e+01 -2.400e+01 -2.393e+01 -1.084e+01 -1.621e+01 -1.779e+01 -2.400e+01 -2.400e+01 -2.380e+01 -1.300e+01 -1.655e+01 -1.931e+01 -2.400e+01 -2.400e+01 -2.400e+01 -2.400e+01
+3.040 +1.964 17.988 12.582 0.284 0.019 0.999 -2.400e+01 -6.477e-01 -1.818e+01 -1.286e+01 -6.281e-01 -1.611e+01 -5.495e+00 -9.178e+00 -1.214e+01 -1.445e+01 -7.748e+00 -1.162e+00 -1.742e+00 -1.481e+01 -1.748e+01 -1.987e+00 -1.687e+00 -3.186e+00 -2.395e+01 -6.144e+00 -3.527e+00 -3.784e+00 -4.511e+00 -7.073e+00 -2.142e+01 -9.273e+00 -5.751e+00 -6.123e+00 -2.380e+01 -1.934e+01 -1.867e+01 -1.393e+01 -8.593e-01 -4.999e+00 -8.102e+00 -2.400e+01 -1.943e+01 -2.400e+01 -2.400e+01 -9.346e+00 -3.037e+00 -2.632e+00 -1.542e+01 -8.455e+00 -2.400e+01 -2.400e+01 -1.911e+01 -1.663e+01 -3.973e+00 -1.787e+00 -1.060e+01 -2.395e+01 -2.400e+01 -2.382e+01 -1.262e+01 -2.069e+00 -1.527e+00 -1.564e+01 -2.400e+01 -2.400e+01 -2.368e+01 -1.039e+01 -1.040e+00 -2.639e+00 -1.562e+00 -1.369e+01 -2.400e+01 -2.127e+01 -1.578e+01 -3.723e+00 -1.405e+00 -1.326e+01 -1.536e+01 -2.400e+01   nan -2.400e+01 -1.540e+01 -1.222e+00 -2.829e+00 -3.125e+00 -1.445e+01 -2.400e+01 -2.399e+01 -2.376e+01 -1.480e+01 -1.582e+01 -3.114e+00 -1.416e+01 -7.397e+00 -2.020e+01 -2.400e+01 -2.400e+01 -2.400e+01 -2.333e+01 -2.276e+01 -3.997e+00 -3.778e+00 -4.783e+00 -1.681e+01 -6.713e+00 -2.372e+01 -2.386e+01 -2.164e+01 -5.362e+00 -5.218e+00 -1.583e+01 -1.779e+01 -2.396e+01 -2.400e+01 -2.400e+01 -2.098e+01 -2.125e+01 -4.740e+00 -8.157e+00 -9.433e+00 -1.212e+01 -1.750e+01 -2.400e+01 -2.400e+01 -2.400e+01 -2.397e+01 -1.084e+01 -1.621e+01 -1.773e+01 -2.400e+01 -2.400e+01 -2.376e+01 -1.300e+01 -1.656e+01 -1.931e+01 -2.400e+01 -2.400e+01 -2.400e+01 -2.400e+01
+3.100 +2.100 17.988 12.443 0.313 0.019 0.999 -2.400e+01 -6.477e-01 -1.818e+01 -1.286e+01 -6.279e-01 -1.609e+01 -5.506e+00 -9.227e+00 -1.213e+01 -1.454e+01 -7.789e+00 -1.160e+00 -1.701e+00 -1.481e+01 -1.757e+01 -2.069e+00 -1.686e+00 -3.372e+00 -2.397e+01 -6.699e+00 -3.984e+00 -3.783e+00 -4.511e+00 -6.963e+00 -2.142e+01 -9.714e+00 -5.758e+00 -6.123e+00 -2.383e+01 -1.934e+01 -1.922e+01 -1.400e+01 -8.593e-01 -4.999e+00 -8.038e+00 -2.400e+01 -1.943e+01 -2.400e+01 -2.400e+01 -9.433e+00 -3.037e+00 -2.632e+00 -1.542e+01 -8.455e+00 -2.400e+01 -2.400e+01 -1.943e+01 -1.669e+01 -3.973e+00 -1.787e+00 -1.060e+01 -2.396e+01 -2.400e+01 -2.370e+01 -1.281e+01 -2.069e+00 -1.527e+00 -1.604e+01 -2.400e+01 -2.400e+01 -2.385e+01 -1.049e+01 -1.040e+00 -2.639e+00 -1.561e+00 -1.370e+01 -2.400e+01 -2.148e+01 -1.595e+01 -4.085e+00 -1.405e+00 -1.326e+01 -1.536e+01 -2.400e+01   nan -2.400e+01 -1.586e+01 -1.222e+00 -2.829e+00 -3.125e+00 -1.445e+01 -2.400e+01 -2.399e+01 -2.357e+01 -1.486e+01 -1.596e+01 -3.114e+00 -1.416e+01 -7.335e+00 -2.022e+01 -2.400e+01 -2.400e+01 -2.400e+01 -2.334e+01 -2.310e+01 -3.997e+00 -3.778e+00 -4.760e+00 -1.681e+01 -6.713e+00 -2.379e+01 -2.387e+01 -2.186e+01 -5.465e+00 -5.218e+00 -1.583e+01 -1.773e+01 -2.397e+01 -2.400e+01 -2.400e+01 -2.099e+01 -2.149e+01 -4.740e+00 -8.157e+00 -9.433e+00 -1.206e+01 -1.743e+01 -2.400e+01 -2.400e+01 -2.400e+01 -2.398e+01 -1.084e+01 -1.622e+01 -1.767e+01 -2.400e+01 -2.400e+01 -2.365e+01 -1.300e+01 -1.656e+01 -1.931e+01 -2.400e+01 -2.400e+01 -2.400e+01 -2.400e+01
+3.160 +2.084 17.988 12.279 0.291 0.019 0.999 -2.400e+01 -6.478e-01 -1.818e+01 -1.285e+01 -6.277e-01 -1.606e+01 -5.517e+00 -9.280e+00 -1.213e+01 -1.464e+01 -7.835e+00 -1.159e+00 -1.666e+00 -1.481e+01 -1.767e+01 -2.164e+00 -1.685e+00 -3.632e+00 -2.398e+01 -6.993e+00 -4.529e+00 -3.783e+00 -4.511e+00 -6.867e+00 -2.142e+01 -9.849e+00 -5.767e+00 -6.124e+00 -2.383e+01 -1.934e+01 -1.947e+01 -1.407e+01 -8.593e-01 -4.999e+00 -7.974e+00 -2.400e+01 -1.943e+01 -2.400e+01 -2.400e+01 -9.514e+00 -3.037e+00 -2.632e+00 -1.542e+01 -8.455e+00 -2.400e+01 -2.400e+01 -1.965e+01 -1.689e+01 -3.973e+00 -1.787e+00 -1.060e+01 -2.397e+01 -2.400e+01 -2.366e+01 -1.297e+01 -2.069e+00 -1.527e+00 -1.653e+01 -2.400e+01 -2.400e+01 -2.392e+01 -1.057e+01 -1.040e+00 -2.639e+00 -1.560e+00 -1.370e+01 -2.400e+01 -2.166e+01 -1.578e+01 -4.514e+00 -1.405e+00 -1.326e+01 -1.536e+01 -2.400e+01   nan -2.400e+01 -1.643e+01 -1.222e+00 -2.829e+00 -3.125e+00 -1.445e+01 -2.400e+01 -2.399e+01 -2.341e+01 -1.491e+01 -1.610e+01 -3.114e+00 -1.416e+01 -7.272e+00 -2.024e+01 -2.400e+01 -2.400e+01 -2.400e+01 -2.335e+01 -2.321e+01 -3.997e+00 -3.778e+00 -4.740e+00 -1.681e+01 -6.713e+00 -2.384e+01 -2.388e+01 -2.209e+01 -5.583e+00 -5.218e+00 -1.583e+01 -1.767e+01 -2.398e+01 -2.400e+01 -2.400e+01 -2.101e+01 -2.177e+01 -4.740e+00 -8.157e+00 -9.433e+00 -1.200e+01 -1.737e+01 -2.400e+01 -2.400e+01 -2.400e+01 -2.399e+01 -1.085e+01 -1.622e+01 -1.761e+01 -2.400e+01 -2.400e+01 -2.360e+01 -1.300e+01 -1.657e+01 -1.931e+01 -2.400e+01 -2.400e+01 -2.400e+01 -2.400e+01
+3.220 +2.220 17.989 12.149 0.313 0.019 0.999 -2.400e+01 -6.478e-01 -1.817e+01 -1.284e+01 -6.277e-01 -1.604e+01 -5.529e+00 -9.325e+00 -1.214e+01 -1.472e+01 -7.889e+00 -1.159e+00 -1.637e+00 -1.481e+01 -1.777e+01 -2.273e+00 -1.684e+00 -3.937e+00 -2.399e+01 -7.194e+00 -5.146e+00 -3.782e+00 -4.511e+00 -6.779e+00 -2.142e+01 -9.920e+00 -5.777e+00 -6.124e+00 -2.383e+01 -1.934e+01 -1.960e+01 -1.414e+01 -8.593e-01 -5.000e+00 -7.911e+00 -2.400e+01 -1.943e+01 -2.400e+01 -2.400e+01 -9.566e+00 -3.037e+00 -2.632e+00 -1.543e+01 -8.455e+00 -2.400e+01 -2.400e+01 -1.985e+01 -1.708e+01 -3.973e+00 -1.787e+00 -1.060e+01 -2.398e+01 -2.400e+01 -2.353e+01 -1.310e+01 -2.069e+00 -1.527e+00 -1.709e+01 -2.400e+01 -2.400e+01 -2.395e+01 -1.065e+01 -1.040e+00 -2.639e+00 -1.560e+00 -1.371e+01 -2.400e+01 -2.180e+01 -1.598e+01 -5.010e+00 -1.405e+00 -1.326e+01 -1.536e+01 -2.400e+01   nan -2.400e+01 -1.699e+01 -1.222e+00 -2.829e+00 -3.125e+00 -1.445e+01 -2.400e+01 -2.399e+01 -2.318e+01 -1.496e+01 -1.621e+01 -3.114e+00 -1.416e+01 -7.211e+00 -2.027e+01 -2.400e+01 -2.400e+01 -2.400e+01 -2.335e+01 -2.332e+01 -3.997e+00 -3.778e+00 -4.723e+00 -1.681e+01 -6.713e+00 -2.388e+01 -2.389e+01 -2.228e+01 -5.720e+00 -5.218e+00 -1.583e+01 -1.761e+01 -2.399e+01 -2.400e+01 -2.400e+01 -2.102e+01 -2.202e+01 -4.740e+00 -8.157e+00 -9.433e+00 -1.194e+01 -1.731e+01 -2.400e+01 -2.400e+01 -2.400e+01 -2.399e+01 -1.085e+01 -1.622e+01 -1.755e+01 -2.400e+01 -2.400e+01 -2.348e+01 -1.300e+01 -1.657e+01 -1.931e+01 -2.400e+01 -2.400e+01 -2.400e+01 -2.400e+01
+3.280 +2.204 17.989 12.001 0.299 0.019 0.999 -2.400e+01 -6.478e-01 -1.817e+01 -1.283e+01 -6.276e-01 -1.602e+01 -5.542e+00 -9.379e+00 -1.216e+01 -1.483e+01 -7.951e+00 -1.159e+00 -1.612e+00 -1.481e+01 -1.788e+01 -2.398e+00 -1.683e+00 -4.282e+00 -2.400e+01 -7.380e+00 -5.836e+00 -3.782e+00 -4.511e+00 -6.699e+00 -2.142e+01 -9.981e+00 -5.788e+00 -6.124e+00 -2.384e+01 -1.934e+01 -1.973e+01 -1.422e+01 -8.593e-01 -5.000e+00 -7.848e+00 -2.400e+01 -1.943e+01 -2.400e+01 -2.400e+01 -9.635e+00 -3.037e+00 -2.632e+00 -1.543e+01 -8.455e+00 -2.400e+01 -2.400e+01 -2.008e+01 -1.729e+01 -3.973e+00 -1.787e+00 -1.060e+01 -2.398e+01 -2.400e+01 -2.348e+01 -1.326e+01 -2.069e+00 -1.527e+00 -1.774e+01 -2.400e+01 -2.400e+01 -2.398e+01 -1.073e+01 -1.040e+00 -2.639e+00 -1.560e+00 -1.372e+01 -2.400e+01 -2.198e+01 -1.580e+01 -5.607e+00 -1.405e+00 -1.326e+01 -1.536e+01 -2.400e+01   nan -2.400e+01 -1.774e+01 -1.222e+00 -2.829e+00 -3.125e+00 -1.445e+01 -2.400e+01 -2.399e+01 -2.307e+01 -1.502e+01 -1.636e+01 -3.114e+00 -1.416e+01 -7.149e+00 -2.031e+01 -2.400e+01 -2.400e+01 -2.400e+01 -2.336e+01 -2.343e+01 -3.997e+00 -3.778e+00 -4.710e+00 -1.681e+01 -6.713e+00 -2.391e+01 -2.390e+01 -2.250e+01 -5.879e+00 -5.218e+00 -1.583e+01 -1.755e+01 -2.399e+01 -2.400e+01 -2.400e+01 -2.103e+01 -2.233e+01 -4.740e+00 -8.157e+00 -9.433e+00 -1.188e+01 -1.725e+01 -2.400e+01 -2.400e+01 -2.400e+01 -2.399e+01 -1.086e+01 -1.623e+01 -1.749e+01 -2.400e+01 -2.400e+01 -2.341e+01 -1.300e+01 -1.658e+01 -1.931e+01 -2.400e+01 -2.400e+01 -2.400e+01 -2.400e+01
+3.340 +2.340 17.989 11.876 0.306 0.019 0.999 -2.400e+01 -6.478e-01 -1.817e+01 -1.282e+01 -6.276e-01 -1.601e+01 -5.555e+00 -9.424e+00 -1.218e+01 -1.491e+01 -8.022e+00 -1.159e+00 -1.593e+00 -1.481e+01 -1.799e+01 -2.540e+00 -1.682e+00 -4.641e+00 -2.400e+01 -7.574e+00 -6.362e+00 -3.782e+00 -4.511e+00 -6.623e+00 -2.142e+01 -1.004e+01 -5.801e+00 -6.124e+00 -2.384e+01 -1.934e+01 -1.984e+01 -1.429e+01 -8.593e-01 -5.001e+00 -7.786e+00 -2.400e+01 -1.943e+01 -2.400e+01 -2.400e+01 -9.698e+00 -3.037e+00 -2.632e+00 -1.543e+01 -8.455e+00 -2.400e+01 -2.400e+01 -2.028e+01 -1.748e+01 -3.973e+00 -1.787e+00 -1.059e+01 -2.399e+01 -2.400e+01 -2.333e+01 -1.340e+01 -2.069e+00 -1.527e+00 -1.838e+01 -2.400e+01 -2.400e+01 -2.399e+01 -1.081e+01 -1.040e+00 -2.639e+00 -1.559e+00 -1.373e+01 -2.400e+01 -2.212e+01 -1.602e+01 -6.296e+00 -1.405e+00 -1.326e+01 -1.536e+01 -2.400e+01   nan -2.400e+01 -1.848e+01 -1.222e+00 -2.829e+00 -3.125e+00 -1.445e+01 -2.400e+01 -2.399e+01 -2.288e+01 -1.506e+01 -1.647e+01 -3.114e+00 -1.416e+01 -7.087e+00 -2.035e+01 -2.400e+01 -2.400e+01 -2.400e+01 -2.337e+01 -2.353e+01 -3.997e+00 -3.778e+00 -4.700e+00 -1.681e+01 -6.713e+00 -2.393e+01 -2.392e+01 -2.269e+01 -6.062e+00 -5.218e+00 -1.583e+01 -1.749e+01 -2.399e+01 -2.400e+01 -2.400e+01 -2.104e+01 -2.262e+01 -4.740e+00 -8.157e+00 -9.433e+00 -1.182e+01 -1.720e+01 -2.400e+01 -2.400e+01 -2.400e+01 -2.400e+01 -1.086e+01 -1.623e+01 -1.743e+01 -2.400e+01 -2.400e+01 -2.327e+01 -1.300e+01 -1.659e+01 -1.931e+01 -2.400e+01 -2.400e+01 -2.400e+01 -2.400e+01
+3.400 +2.324 17.989 11.720 0.299 0.019 0.999 -2.400e+01 -6.479e-01 -1.817e+01 -1.280e+01 -6.276e-01 -1.598e+01 -5.569e+00 -9.480e+00 -1.222e+01 -1.501e+01 -8.104e+00 -1.159e+00 -1.578e+00 -1.481e+01 -1.813e+01 -2.705e+00 -1.681e+00 -5.009e+00 -2.400e+01 -7.799e+00 -6.561e+00 -3.782e+00 -4.511e+00 -6.552e+00 -2.142e+01 -1.010e+01 -5.816e+00 -6.124e+00 -2.385e+01 -1.934e+01 -1.996e+01 -1.438e+01 -8.593e-01 -5.001e+00 -7.724e+00 -2.400e+01 -1.943e+01 -2.400e+01 -2.400e+01 -9.768e+00 -3.037e+00 -2.632e+00 -1.543e+01 -8.455e+00 -2.400e+01 -2.400e+01 -2.051e+01 -1.769e+01 -3.973e+00 -1.787e+00 -1.059e+01 -2.399e+01 -2.400e+01 -2.326e+01 -1.356e+01 -2.069e+00 -1.527e+00 -1.874e+01 -2.400e+01 -2.400e+01 -2.399e+01 -1.089e+01 -1.040e+00 -2.639e+00 -1.559e+00 -1.374e+01 -2.400e+01 -2.230e+01 -1.584e+01 -7.022e+00 -1.405e+00 -1.326e+01 -1.536e+01 -2.400e+01   nan -2.400e+01 -1.936e+01 -1.222e+00 -2.829e+00 -3.125e+00 -1.445e+01 -2.400e+01 -2.399e+01 -2.278e+01 -1.512e+01 -1.662e+01 -3.114e+00 -1.416e+01 -7.026e+00 -2.039e+01 -2.400e+01 -2.400e+01 -2.400e+01 -2.339e+01 -2.362e+01 -3.997e+00 -3.778e+00 -4.693e+00 -1.681e+01 -6.713e+00 -2.395e+01 -2.394e+01 -2.291e+01 -6.275e+00 -5.218e+00 -1.583e+01 -1.743e+01 -2.399e+01 -2.400e+01 -2.400e+01 -2.105e+01 -2.297e+01 -4.740e+00 -8.157e+00 -9.433e+00 -1.176e+01 -1.714e+01 -2.400e+01 -2.400e+01 -2.400e+01 -2.400e+01 -1.087e+01 -1.624e+01 -1.738e+01 -2.400e+01 -2.400e+01 -2.320e+01 -1.300e+01 -1.660e+01 -1.931e+01 -2.400e+01 -2.400e+01 -2.400e+01 -2.400e+01
+3.460 +2.460 17.989 11.583 0.321 0.020 0.999 -2.400e+01 -6.479e-01 -1.817e+01 -1.279e+01 -6.276e-01 -1.597e+01 -5.584e+00 -9.527e+00 -1.227e+01 -1.510e+01 -8.198e+00 -1.159e+00 -1.567e+00 -1.481e+01 -1.826e+01 -2.890e+00 -1.680e+00 -5.356e+00 -2.400e+01 -8.043e+00 -6.643e+00 -3.782e+00 -4.511e+00 -6.485e+00 -2.142e+01 -1.016e+01 -5.833e+00 -6.124e+00 -2.386e+01 -1.934e+01 -2.008e+01 -1.445e+01 -8.593e-01 -5.001e+00 -7.662e+00 -2.400e+01 -1.943e+01 -2.400e+01 -2.400e+01 -9.830e+00 -3.037e+00 -2.632e+00 -1.543e+01 -8.455e+00 -2.400e+01 -2.400e+01 -2.072e+01 -1.788e+01 -3.973e+00 -1.787e+00 -1.059e+01 -2.399e+01 -2.400e+01 -2.310e+01 -1.370e+01 -2.069e+00 -1.527e+00 -1.886e+01 -2.400e+01 -2.400e+01 -2.400e+01 -1.097e+01 -1.040e+00 -2.639e+00 -1.559e+00 -1.375e+01 -2.400e+01 -2.244e+01 -1.607e+01 -8.007e+00 -1.405e+00 -1.326e+01 -1.536e+01 -2.400e+01   nan -2.400e+01 -2.037e+01 -1.222e+00 -2.829e+00 -3.125e+00 -1.445e+01 -2.400e+01 -2.399e+01 -2.261e+01 -1.517e+01 -1.674e+01 -3.114e+00 -1.416e+01 -6.965e+00 -2.044e+01 -2.400e+01 -2.400e+01 -2.400e+01 -2.341e+01 -2.370e+01 -3.997e+00 -3.778e+00 -4.688e+00 -1.681e+01 -6.713e+00 -2.396e+01 -2.396e+01 -2.308e+01 -6.521e+00 -5.218e+00 -1.583e+01 -1.737e+01 -2.400e+01 -2.400e+01 -2.400e+01 -2.105e+01 -2.326e+01 -4.740e+00 -8.157e+00 -9.433e+00 -1.170e+01 -1.708e+01 -2.400e+01 -2.400e+01 -2.400e+01 -2.400e+01 -1.088e+01 -1.625e+01 -1.732e+01 -2.400e+01 -2.400e+01 -2.306e+01 -1.300e+01 -1.661e+01 -1.931e+01 -2.400e+01 -2.400e+01 -2.400e+01 -2.400e+01
+3.520 +2.444 17.989 11.412 0.313 0.022 0.999 -2.400e+01 -6.479e-01 -1.816e+01 -1.278e+01 -6.276e-01 -1.595e+01 -5.600e+00 -9.585e+00 -1.233e+01 -1.520e+01 -8.307e+00 -1.160e+00 -1.559e+00 -1.481e+01 -1.842e+01 -3.101e+00 -1.678e+00 -5.667e+00 -2.400e+01 -8.293e+00 -6.700e+00 -3.782e+00 -4.511e+00 -6.420e+00 -2.142e+01 -1.022e+01 -5.852e+00 -6.124e+00 -2.387e+01 -1.934e+01 -2.021e+01 -1.454e+01 -8.593e-01 -5.002e+00 -7.601e+00 -2.400e+01 -1.943e+01 -2.400e+01 -2.400e+01 -9.901e+00 -3.037e+00 -2.632e+00 -1.544e+01 -8.455e+00 -2.400e+01 -2.400e+01 -2.095e+01 -1.810e+01 -3.973e+00 -1.787e+00 -1.059e+01 -2.400e+01 -2.400e+01 -2.303e+01 -1.387e+01 -2.069e+00 -1.527e+00 -1.892e+01 -2.400e+01 -2.400e+01 -2.400e+01 -1.105e+01 -1.040e+00 -2.639e+00 -1.559e+00 -1.376e+01 -2.400e+01 -2.261e+01 -1.588e+01 -9.042e+00 -1.405e+00 -1.326e+01 -1.536e+01 -2.400e+01   nan -2.400e+01 -2.157e+01 -1.222e+00 -2.829e+00 -3.125e+00 -1.445e+01 -2.400e+01 -2.400e+01 -2.252e+01 -1.523e+01 -1.689e+01 -3.114e+00 -1.416e+01 -6.904e+00 -2.050e+01 -2.400e+01 -2.400e+01 -2.400e+01 -2.345e+01 -2.377e+01 -3.997e+00 -3.778e+00 -4.685e+00 -1.681e+01 -6.713e+00 -2.398e+01 -2.399e+01 -2.328e+01 -6.810e+00 -5.218e+00 -1.583e+01 -1.731e+01 -2.400e+01 -2.400e+01 -2.400e+01 -2.106e+01 -2.357e+01 -4.740e+00 -8.157e+00 -9.433e+00 -1.165e+01 -1.702e+01 -2.400e+01 -2.400e+01 -2.400e+01 -2.400e+01 -1.089e+01 -1.626e+01 -1.726e+01 -2.400e+01 -2.400e+01 -2.298e+01 -1.300e+01 -1.662e+01 -1.931e+01 -2.400e+01 -2.400e+01 -2.400e+01 -2.400e+01
+3.580 +2.580 17.989 11.269 0.321 0.020 0.999 -2.400e+01 -6.479e-01 -1.816e+01 -1.276e+01 -6.276e-01 -1.593e+01 -5.617e+00 -9.634e+00 -1.241e+01 -1.529e+01 -8.432e+00 -1.160e+00 -1.554e+00 -1.481e+01 -1.858e+01 -3.332e+00 -1.677e+00 -5.899e+00 -2.400e+01 -8.610e+00 -6.753e+00 -3.782e+00 -4.511e+00 -6.359e+00 -2.142e+01 -1.027e+01 -5.875e+00 -6.124e+00 -2.388e+01 -1.934e+01 -2.033e+01 -1.462e+01 -8.593e-01 -5.002e+00 -7.539e+00 -2.400e+01 -1.943e+01 -2.400e+01 -2.400e+01 -9.962e+00 -3.037e+00 -2.632e+00 -1.544e+01 -8.455e+00 -2.400e+01 -2.400e+01 -2.115e+01 -1.829e+01 -3.973e+00 -1.787e+00 -1.059e+01 -2.400e+01 -2.400e+01 -2.287e+01 -1.400e+01 -2.069e+00 -1.527e+00 -1.898e+01 -2.400e+01 -2.400e+01 -2.400e+01 -1.113e+01 -1.040e+00 -2.639e+00 -1.559e+00 -1.378e+01 -2.400e+01 -2.275e+01 -1.613e+01 -1.029e+01 -1.405e+00 -1.326e+01 -1.536e+01 -2.400e+01   nan -2.400e+01 -2.277e+01 -1.222e+00 -2.829e+00 -3.125e+00 -1.445e+01 -2.400e+01 -2.400e+01 -2.235e+01 -1.528e+01 -1.701e+01 -3.114e+00 -1.416e+01 -6.843e+00 -2.057e+01 -2.400e+01 -2.400e+01 -2.400e+01 -2.349e+01 -2.382e+01 -3.997e+00 -3.778e+00 -4.683e+00 -1.681e+01 -6.713e+00 -2.398e+01 -2.403e+01 -2.343e+01 -7.143e+00 -5.218e+00 -1.583e+01 -1.725e+01 -2.400e+01 -2.400e+01 -2.400e+01 -2.106e+01 -2.374e+01 -4.740e+00 -8.157e+00 -9.433e+00 -1.159e+01 -1.697e+01 -2.400e+01 -2.400e+01   nan -2.400e+01 -1.090e+01 -1.627e+01 -1.721e+01 -2.400e+01 -2.400e+01 -2.283e+01 -1.300e+01 -1.663e+01 -1.931e+01 -2.400e+01 -2.400e+01 -2.400e+01 -2.400e+01
+3.640 +2.564 17.989 11.109 0.313 0.020 0.999 -2.400e+01 -6.479e-01 -1.816e+01 -1.275e+01 -6.276e-01 -1.592e+01 -5.634e+00 -9.693e+00 -1.251e+01 -1.540e+01 -8.577e+00 -1.160e+00 -1.552e+00 -1.481e+01 -1.879e+01 -3.579e+00 -1.676e+00 -6.044e+00 -2.400e+01 -8.908e+00 -6.806e+00 -3.782e+00 -4.511e+00 -6.301e+00 -2.142e+01 -1.034e+01 -5.901e+00 -6.124e+00 -2.390e+01 -1.934e+01 -2.046e+01 -1.472e+01 -8.593e-01 -5.002e+00 -7.478e+00 -2.400e+01 -1.943e+01 -2.400e+01 -2.400e+01 -1.003e+01 -3.037e+00 -2.632e+00 -1.544e+01 -8.455e+00 -2.400e+01 -2.400e+01 -2.140e+01 -1.852e+01 -3.973e+00 -1.787e+00 -1.058e+01 -2.400e+01 -2.400e+01 -2.279e+01 -1.418e+01 -2.069e+00 -1.527e+00 -1.906e+01 -2.400e+01 -2.400e+01 -2.400e+01 -1.122e+01 -1.040e+00 -2.639e+00 -1.559e+00 -1.379e+01 -2.400e+01 -2.291e+01 -1.594e+01 -1.196e+01 -1.405e+00 -1.326e+01 -1.536e+01 -2.400e+01   nan -2.400e+01 -2.373e+01 -1.222e+00 -2.829e+00 -3.125e+00 -1.445e+01 -2.400e+01 -2.400e+01 -2.226e+01 -1.534e+01 -1.716e+01 -3.114e+00 -1.416e+01 -6.783e+00 -2.064e+01 -2.400e+01 -2.400e+01 -2.400e+01 -2.355e+01 -2.387e+01 -3.997e+00 -3.778e+00 -4.682e+00 -1.681e+01 -6.713e+00 -2.399e+01 -2.411e+01 -2.360e+01 -7.538e+00 -5.218e+00 -1.583e+01 -1.719e+01 -2.400e+01 -2.400e+01 -2.400e+01 -2.106e+01 -2.386e+01 -4.740e+00 -8.157e+00 -9.433e+00 -1.153e+01 -1.691e+01 -2.400e+01 -2.400e+01   nan -2.400e+01 -1.091e+01 -1.628e+01 -1.715e+01 -2.400e+01 -2.400e+01 -2.274e+01 -1.300e+01 -1.665e+01 -1.931e+01 -2.400e+01 -2.400e+01 -2.400e+01 -2.400e+01
+3.700 +2.700 17.989 10.994 0.321 0.022 0.999 -2.400e+01 -6.479e-01 -1.816e+01 -1.273e+01 -6.276e-01 -1.590e+01 -5.652e+00 -9.744e+00 -1.262e+01 -1.549e+01 -8.744e+00 -1.160e+00 -1.550e+00 -1.481e+01 -1.899e+01 -3.821e+00 -1.674e+00 -6.115e+00 -2.400e+01 -9.151e+00 -6.862e+00 -3.782e+00 -4.511e+00 -6.245e+00 -2.142e+01 -1.039e+01 -5.931e+00 -6.124e+00 -2.392e+01 -1.934e+01 -2.057e+01 -1.480e+01 -8.593e-01 -5.002e+00 -7.417e+00 -2.400e+01 -1.943e+01 -2.400e+01 -2.400e+01 -1.010e+01 -3.037e+00 -2.632e+00 -1.544e+01 -8.455e+00 -2.400e+01 -2.400e+01 -2.160e+01 -1.871e+01 -3.973e+00 -1.787e+00 -1.058e+01 -2.400e+01 -2.400e+01 -2.262e+01 -1.432e+01 -2.069e+00 -1.527e+00 -1.916e+01 -2.400e+01 -2.400e+01 -2.400e+01 -1.129e+01 -1.040e+00 -2.639e+00 -1.559e+00 -1.382e+01 -2.400e+01 -2.304e+01 -1.620e+01 -1.370e+01 -1.405e+00 -1.326e+01 -1.536e+01 -2.400e+01   nan -2.400e+01 -2.384e+01 -1.222e+00 -2.829e+00 -3.125e+00 -1.445e+01 -2.400e+01 -2.400e+01 -2.210e+01 -1.538e+01 -1.728e+01 -3.114e+00 -1.416e+01 -6.722e+00 -2.073e+01 -2.400e+01 -2.400e+01 -2.400e+01 -2.360e+01 -2.390e+01 -3.997e+00 -3.779e+00 -4.682e+00 -1.681e+01 -6.713e+00 -2.399e+01 -2.419e+01 -2.371e+01 -7.994e+00 -5.218e+00 -1.583e+01 -1.713e+01 -2.400e+01 -2.400e+01 -2.400e+01 -2.106e+01 -2.386e+01 -4.740e+00 -8.157e+00 -9.433e+00 -1.148e+01 -1.686e+01 -2.400e+01 -2.400e+01   nan -2.400e+01 -1.093e+01 -1.629e+01 -1.710e+01 -2.400e+01 -2.400e+01 -2.259e+01 -1.300e+01 -1.666e+01 -1.931e+01 -2.400e+01 -2.400e+01 -2.400e+01 -2.400e+01
+3.760 +2.684 17.989 10.884 0.328 0.022 0.999 -2.400e+01 -6.480e-01 -1.816e+01 -1.271e+01 -6.276e-01 -1.589e+01 -5.672e+00 -9.806e+00 -1.277e+01 -1.560e+01 -8.939e+00 -1.161e+00 -1.549e+00 -1.481e+01 -1.924e+01 -4.034e+00 -1.673e+00 -6.146e+00 -2.400e+01 -9.519e+00 -6.917e+00 -3.782e+00 -4.511e+00 -6.193e+00 -2.142e+01 -1.045e+01 -5.965e+00 -6.124e+00 -2.394e+01 -1.934e+01 -2.071e+01 -1.491e+01 -8.593e-01 -5.003e+00 -7.356e+00 -2.400e+01 -1.943e+01 -2.400e+01 -2.400e+01 -1.017e+01 -3.037e+00 -2.632e+00 -1.545e+01 -8.455e+00 -2.400e+01 -2.400e+01 -2.184e+01 -1.894e+01 -3.973e+00 -1.787e+00 -1.058e+01 -2.400e+01 -2.400e+01 -2.254e+01 -1.449e+01 -2.069e+00 -1.527e+00 -1.926e+01 -2.400e+01 -2.400e+01 -2.400e+01 -1.138e+01 -1.040e+00 -2.639e+00 -1.559e+00 -1.384e+01 -2.400e+01 -2.319e+01 -1.600e+01   nan -1.405e+00 -1.326e+01 -1.536e+01 -2.400e+01   nan -2.400e+01 -2.379e+01 -1.222e+00 -2.829e+00 -3.125e+00 -1.445e+01 -2.400e+01 -2.400e+01 -2.201e+01 -1.545e+01 -1.743e+01 -3.114e+00 -1.416e+01 -6.662e+00 -2.084e+01 -2.400e+01 -2.400e+01 -2.400e+01 -2.367e+01 -2.393e+01 -3.997e+00 -3.779e+00 -4.682e+00 -1.681e+01 -6.713e+00 -2.399e+01 -2.441e+01 -2.381e+01 -8.542e+00 -5.218e+00 -1.583e+01 -1.707e+01 -2.400e+01 -2.400e+01 -2.400e+01 -2.106e+01 -2.389e+01 -4.740e+00 -8.157e+00 -9.433e+00 -1.143e+01 -1.680e+01 -2.400e+01 -2.400e+01   nan -2.400e+01 -1.094e+01 -1.631e+01 -1.705e+01 -2.400e+01 -2.400e+01 -2.251e+01 -1.300e+01 -1.668e+01 -1.931e+01 -2.400e+01 -2.400e+01 -2.400e+01 -2.400e+01
+3.820 +2.820 17.989 10.813 0.328 0.023 0.999 -2.400e+01 -6.480e-01 -1.816e+01 -1.269e+01 -6.276e-01 -1.588e+01 -5.692e+00 -9.859e+00 -1.294e+01 -1.569e+01 -9.163e+00 -1.161e+00 -1.549e+00 -1.481e+01 -1.949e+01 -4.192e+00 -1.671e+00 -6.157e+00 -2.400e+01 -9.679e+00 -6.964e+00 -3.782e+00 -4.511e+00 -6.143e+00 -2.142e+01 -1.051e+01 -6.005e+00 -6.124e+00 -2.395e+01 -1.934e+01 -2.082e+01 -1.500e+01 -8.593e-01 -5.003e+00 -7.295e+00 -2.400e+01 -1.943e+01 -2.400e+01 -2.400e+01 -1.023e+01 -3.037e+00 -2.632e+00 -1.545e+01 -8.455e+00 -2.400e+01 -2.400e+01 -2.205e+01 -1.914e+01 -3.973e+00 -1.787e+00 -1.057e+01 -2.400e+01 -2.400e+01 -2.237e+01 -1.463e+01 -2.069e+00 -1.527e+00 -1.938e+01 -2.400e+01 -2.400e+01 -2.400e+01 -1.145e+01 -1.040e+00 -2.639e+00 -1.559e+00 -1.387e+01 -2.400e+01 -2.330e+01 -1.627e+01 -1.580e+01 -1.405e+00 -1.326e+01 -1.536e+01 -2.400e+01   nan -2.400e+01 -2.385e+01 -1.222e+00 -2.829e+00 -3.125e+00 -1.445e+01 -2.400e+01 -2.400e+01 -2.186e+01 -1.550e+01 -1.756e+01 -3.114e+00 -1.416e+01 -6.601e+00 -2.096e+01 -2.400e+01 -2.400e+01 -2.400e+01 -2.371e+01 -2.395e+01 -3.997e+00 -3.779e+00 -4.682e+00 -1.681e+01 -6.713e+00 -2.400e+01 -2.483e+01 -2.387e+01 -9.175e+00 -5.218e+00 -1.583e+01 -1.701e+01 -2.400e+01 -2.400e+01 -2.400e+01 -2.106e+01 -2.386e+01 -4.740e+00 -8.157e+00 -9.433e+00 -1.138e+01 -1.675e+01 -2.400e+01 -2.400e+01   nan -2.400e+01 -1.096e+01 -1.633e+01 -1.700e+01 -2.400e+01 -2.400e+01 -2.235e+01 -1.300e+01 -1.671e+01 -1.931e+01 -2.400e+01 -2.400e+01 -2.400e+01 -2.400e+01
+3.880 +2.804 17.989 10.743 0.336 0.023 0.999 -2.400e+01 -6.480e-01 -1.815e+01 -1.267e+01 -6.276e-01 -1.586e+01 -5.714e+00 -9.923e+00 -1.316e+01 -1.580e+01 -9.425e+00 -1.161e+00 -1.549e+00 -1.481e+01 -1.981e+01 -4.299e+00 -1.670e+00 -6.158e+00 -2.400e+01 -9.865e+00 -7.029e+00 -3.782e+00 -4.511e+00 -6.097e+00 -2.142e+01 -1.057e+01 -6.050e+00 -6.124e+00 -2.396e+01 -1.934e+01 -2.096e+01 -1.512e+01 -8.593e-01 -5.003e+00 -7.235e+00 -2.400e+01 -1.943e+01 -2.400e+01 -2.400e+01 -1.030e+01 -3.037e+00 -2.632e+00 -1.546e+01 -8.455e+00 -2.400e+01 -2.400e+01 -2.229e+01 -1.937e+01 -3.973e+00 -1.787e+00 -1.057e+01 -2.400e+01 -2.400e+01 -2.229e+01 -1.481e+01 -2.069e+00 -1.527e+00 -1.949e+01 -2.400e+01 -2.400e+01 -2.400e+01 -1.154e+01 -1.040e+00 -2.639e+00 -1.559e+00 -1.390e+01 -2.400e+01 -2.344e+01 -1.608e+01 -1.590e+01 -1.405e+00 -1.326e+01 -1.536e+01 -2.400e+01   nan -2.400e+01 -2.379e+01 -1.222e+00 -2.829e+00 -3.125e+00 -1.445e+01 -2.400e+01 -2.400e+01 -2.177e+01 -1.556e+01 -1.771e+01 -3.114e+00 -1.416e+01 -6.541e+00 -2.109e+01 -2.400e+01 -2.400e+01 -2.400e+01 -2.377e+01 -2.396e+01 -3.997e+00 -3.779e+00 -4.682e+00 -1.681e+01 -6.713e+00 -2.400e+01   nan -2.392e+01 -9.954e+00 -5.218e+00 -1.583e+01 -1.695e+01 -2.400e+01 -2.400e+01 -2.400e+01 -2.106e+01 -2.388e+01 -4.740e+00 -8.157e+00 -9.433e+00 -1.132e+01 -1.670e+01 -2.400e+01 -2.400e+01   nan -2.400e+01 -1.098e+01 -1.635e+01 -1.695e+01 -2.400e+01 -2.400e+01 -2.226e+01 -1.300e+01 -1.673e+01 -1.931e+01 -2.400e+01 -2.400e+01 -2.400e+01 -2.400e+01
+3.940 +2.940 17.989 10.693 0.336 0.023 0.999 -2.400e+01 -6.480e-01 -1.815e+01 -1.265e+01 -6.276e-01 -1.585e+01 -5.736e+00 -9.979e+00 -1.340e+01 -1.589e+01 -9.727e+00 -1.162e+00 -1.549e+00 -1.481e+01 -2.014e+01 -4.373e+00 -1.668e+00 -6.160e+00 -2.400e+01 -9.999e+00 -7.072e+00 -3.782e+00 -4.511e+00 -6.054e+00 -2.142e+01 -1.063e+01 -6.102e+00 -6.124e+00 -2.397e+01 -1.934e+01 -2.107e+01 -1.523e+01 -8.593e-01 -5.004e+00 -7.174e+00 -2.400e+01 -1.943e+01 -2.400e+01 -2.400e+01 -1.036e+01 -3.037e+00 -2.632e+00 -1.547e+01 -8.455e+00 -2.400e+01 -2.400e+01 -2.250e+01 -1.957e+01 -3.973e+00 -1.787e+00 -1.057e+01 -2.400e+01 -2.400e+01 -2.212e+01 -1.495e+01 -2.069e+00 -1.527e+00 -1.958e+01 -2.400e+01 -2.400e+01 -2.400e+01 -1.162e+01 -1.040e+00 -2.639e+00 -1.559e+00 -1.393e+01 -2.400e+01 -2.353e+01 -1.635e+01 -1.597e+01 -1.405e+00 -1.326e+01 -1.536e+01 -2.400e+01   nan -2.400e+01 -2.386e+01 -1.222e+00 -2.829e+00 -3.125e+00 -1.445e+01 -2.400e+01 -2.400e+01 -2.161e+01 -1.561e+01 -1.784e+01 -3.114e+00 -1.416e+01 -6.481e+00 -2.125e+01 -2.400e+01 -2.400e+01 -2.400e+01 -2.381e+01 -2.397e+01 -3.997e+00 -3.779e+00 -4.682e+00 -1.681e+01 -6.713e+00 -2.400e+01   nan -2.395e+01 -1.085e+01 -5.218e+00 -1.583e+01 -1.689e+01 -2.400e+01 -2.400e+01 -2.400e+01 -2.106e+01 -2.202e+01 -4.740e+00 -8.157e+00 -9.433e+00 -1.128e+01 -1.665e+01 -2.400e+01 -2.400e+01   nan -2.400e+01 -1.101e+01 -1.637e+01 -1.691e+01 -2.400e+01 -2.400e+01 -2.211e+01 -1.300e+01 -1.677e+01 -1.931e+01 -2.400e+01 -2.400e+01 -2.400e+01 -2.400e+01
+4.000 +1.753 17.989 10.620 0.261 0.023 0.999 -2.400e+01 -6.480e-01 -1.815e+01 -1.263e+01 -6.276e-01 -1.583e+01 -5.760e+00 -1.006e+01 -1.375e+01 -1.604e+01 -1.008e+01 -1.162e+00 -1.550e+00 -1.481e+01 -2.062e+01 -4.434e+00 -1.667e+00 -6.158e+00 -2.400e+01 -1.013e+01 -7.127e+00 -3.782e+00 -4.511e+00 -6.014e+00 -2.142e+01 -1.069e+01 -6.162e+00 -6.124e+00 -2.398e+01 -1.934e+01 -2.123e+01 -1.537e+01 -8.593e-01 -5.004e+00 -7.114e+00 -2.400e+01 -1.943e+01 -2.400e+01 -2.400e+01 -1.045e+01 -3.037e+00 -2.632e+00 -1.547e+01 -8.455e+00 -2.400e+01 -2.400e+01 -2.278e+01 -1.987e+01 -3.973e+00 -1.787e+00 -1.056e+01 -2.400e+01 -2.400e+01   nan -1.517e+01 -2.069e+00 -1.527e+00 -1.969e+01 -2.400e+01 -2.400e+01 -2.400e+01 -1.173e+01 -1.040e+00 -2.639e+00 -1.559e+00 -1.398e+01 -2.400e+01 -2.366e+01 -1.511e+01 -1.606e+01 -1.405e+00 -1.326e+01 -1.536e+01 -2.400e+01 -1.643e+01 -2.400e+01 -2.399e+01 -1.222e+00 -2.829e+00 -3.125e+00 -1.445e+01 -2.400e+01 -2.397e+01   nan -1.569e+01 -1.804e+01 -3.114e+00 -1.416e+01 -6.420e+00 -2.143e+01 -2.400e+01 -2.400e+01 -2.400e+01 -2.386e+01 -2.399e+01 -3.997e+00 -3.779e+00 -4.682e+00 -1.681e+01 -6.713e+00 -2.400e+01 -2.353e+01 -2.398e+01 -1.192e+01 -5.218e+00 -1.583e+01 -1.683e+01 -2.400e+01 -2.400e+01 -2.400e+01   nan   nan -4.740e+00 -8.157e+00 -9.433e+00 -1.123e+01 -1.660e+01 -2.400e+01 -2.400e+01 -2.102e+01 -2.400e+01 -1.103e+01 -1.640e+01 -1.686e+01 -2.400e+01 -2.400e+01   nan -1.300e+01 -1.680e+01 -1.931e+01 -2.400e+01 -2.400e+01 -2.400e+01 -2.400e+01
+4.060 +3.060 17.989 10.586 0.321 0.022 0.999 -2.400e+01 -6.481e-01 -1.815e+01 -1.260e+01 -6.276e-01 -1.583e+01 -5.785e+00 -1.010e+01 -1.403e+01 -1.611e+01 -1.047e+01 -1.162e+00 -1.550e+00 -1.481e+01 -2.096e+01 -4.494e+00 -1.665e+00 -6.159e+00 -2.400e+01 -1.024e+01 -7.184e+00 -3.782e+00 -4.511e+00 -5.979e+00 -2.142e+01 -1.075e+01 -6.231e+00 -6.124e+00 -2.398e+01 -1.934e+01 -2.133e+01 -1.548e+01 -8.593e-01 -5.004e+00 -7.053e+00 -2.400e+01 -1.943e+01 -2.400e+01 -2.400e+01 -1.050e+01 -3.037e+00 -2.632e+00 -1.548e+01 -8.455e+00 -2.400e+01 -2.400e+01 -2.294e+01 -2.002e+01 -3.973e+00 -1.787e+00 -1.056e+01 -2.400e+01 -2.400e+01 -2.200e+01 -1.529e+01 -2.069e+00 -1.527e+00 -1.982e+01 -2.400e+01 -2.400e+01 -2.400e+01 -1.178e+01 -1.040e+00 -2.639e+00 -1.559e+00 -1.402e+01 -2.400e+01 -2.371e+01 -1.660e+01 -1.616e+01 -1.405e+00 -1.326e+01 -1.536e+01 -2.400e+01   nan -2.400e+01 -2.391e+01 -1.222e+00 -2.829e+00 -3.125e+00 -1.445e+01 -2.400e+01 -2.400e+01 -2.133e+01 -1.573e+01 -1.813e+01 -3.114e+00 -1.416e+01 -6.360e+00 -2.164e+01 -2.400e+01 -2.400e+01 -2.400e+01 -2.388e+01 -2.399e+01 -3.997e+00 -3.779e+00 -4.682e+00 -1.681e+01 -6.713e+00 -2.400e+01 -2.354e+01 -2.398e+01 -1.305e+01 -5.218e+00 -1.583e+01 -1.677e+01 -2.400e+01 -2.399e+01 -2.400e+01 -2.113e+01 -2.145e+01 -4.740e+00 -8.157e+00 -9.433e+00 -1.118e+01 -1.656e+01 -2.400e+01 -2.400e+01   nan -2.400e+01 -1.107e+01 -1.643e+01 -1.682e+01 -2.400e+01 -2.400e+01 -2.184e+01 -1.300e+01 -1.684e+01 -1.931e+01 -2.400e+01 -2.400e+01 -2.400e+01 -2.400e+01
+4.120 +1.873 17.989 10.503 0.276 0.020 0.999 -2.400e+01 -6.481e-01 -1.815e+01 -1.258e+01 -6.276e-01 -1.581e+01 -5.810e+00 -1.020e+01 -1.451e+01 -1.628e+01 -1.094e+01 -1.162e+00 -1.550e+00 -1.481e+01 -2.159e+01 -4.555e+00 -1.664e+00 -6.153e+00 -2.400e+01 -1.037e+01 -7.248e+00 -3.782e+00 -4.511e+00 -5.947e+00 -2.142e+01 -1.083e+01 -6.310e+00 -6.124e+00 -2.399e+01 -1.934e+01 -2.151e+01 -1.568e+01 -8.593e-01 -5.004e+00 -6.993e+00 -2.400e+01 -1.943e+01 -2.400e+01 -2.400e+01 -1.060e+01 -3.037e+00 -2.632e+00 -1.549e+01 -8.455e+00 -2.400e+01 -2.400e+01 -2.325e+01 -2.040e+01 -3.973e+00 -1.787e+00 -1.056e+01 -2.400e+01 -2.400e+01   nan -1.555e+01 -2.069e+00 -1.527e+00 -1.995e+01 -2.400e+01 -2.400e+01 -2.400e+01 -1.192e+01 -1.040e+00 -2.639e+00 -1.559e+00 -1.408e+01 -2.400e+01 -2.382e+01 -1.490e+01 -1.626e+01 -1.405e+00 -1.326e+01 -1.536e+01 -2.400e+01 -1.645e+01 -2.400e+01 -2.399e+01 -1.222e+00 -2.829e+00 -3.125e+00 -1.445e+01 -2.400e+01 -2.396e+01   nan -1.582e+01 -1.837e+01 -3.114e+00 -1.416e+01 -6.300e+00 -2.188e+01 -2.400e+01 -2.400e+01 -2.400e+01 -2.392e+01 -2.399e+01 -3.997e+00 -3.779e+00 -4.682e+00 -1.681e+01 -6.713e+00 -2.400e+01   nan -2.399e+01 -1.427e+01 -5.218e+00 -1.583e+01 -1.671e+01 -2.400e+01 -2.400e+01 -2.400e+01   nan   nan -4.740e+00 -8.157e+00 -9.433e+00 -1.114e+01 -1.651e+01 -2.400e+01 -2.400e+01 -2.093e+01 -2.400e+01 -1.110e+01 -1.646e+01 -1.678e+01 -2.400e+01 -2.400e+01   nan -1.300e+01 -1.689e+01 -1.931e+01 -2.400e+01 -2.400e+01 -2.400e+01 -2.400e+01
+4.180 +3.180 17.989 10.463 0.321 0.020 0.999 -2.400e+01 -6.481e-01 -1.814e+01 -1.255e+01 -6.276e-01 -1.580e+01 -5.837e+00 -1.025e+01 -1.490e+01 -1.636e+01 -1.147e+01 -1.163e+00 -1.550e+00 -1.481e+01 -2.204e+01 -4.622e+00 -1.662e+00 -6.153e+00 -2.400e+01 -1.050e+01 -7.313e+00 -3.782e+00 -4.511e+00 -5.918e+00 -2.142e+01 -1.090e+01 -6.401e+00 -6.124e+00 -2.399e+01 -1.934e+01 -2.163e+01 -1.580e+01 -8.593e-01 -5.004e+00 -6.932e+00 -2.400e+01 -1.943e+01 -2.400e+01   nan -1.066e+01 -3.037e+00 -2.632e+00 -1.550e+01 -8.455e+00 -2.400e+01 -2.400e+01 -2.341e+01 -2.055e+01 -3.973e+00 -1.787e+00 -1.055e+01 -2.400e+01 -2.400e+01 -2.176e+01 -1.568e+01 -2.069e+00 -1.527e+00 -2.009e+01 -2.400e+01 -2.400e+01 -2.400e+01 -1.198e+01 -1.040e+00 -2.639e+00 -1.559e+00 -1.414e+01 -2.400e+01 -2.384e+01 -1.673e+01 -1.637e+01 -1.405e+00 -1.326e+01 -1.536e+01 -2.400e+01   nan -2.400e+01 -2.392e+01 -1.222e+00 -2.829e+00 -3.125e+00 -1.445e+01 -2.400e+01 -2.400e+01 -2.106e+01 -1.587e+01 -1.848e+01 -3.114e+00 -1.416e+01 -6.240e+00 -2.215e+01 -2.400e+01 -2.400e+01 -2.400e+01 -2.393e+01 -2.400e+01 -3.997e+00 -3.780e+00 -4.682e+00 -1.681e+01 -6.713e+00 -2.400e+01 -2.217e+01 -2.400e+01 -1.572e+01 -5.218e+00 -1.583e+01 -1.665e+01 -2.400e+01 -2.400e+01 -2.400e+01 -2.117e+01 -2.112e+01 -4.740e+00 -8.157e+00 -9.433e+00 -1.110e+01 -1.647e+01 -2.400e+01 -2.400e+01   nan -2.400e+01 -1.114e+01 -1.650e+01 -1.674e+01 -2.400e+01 -2.400e+01 -2.158e+01 -1.300e+01 -1.694e+01 -1.931e+01 -2.400e+01 -2.400e+01 -2.400e+01 -2.400e+01
+4.240 +3.190 17.989 10.397 0.366 0.020 0.999 -2.400e+01 -6.481e-01 -1.814e+01 -1.253e+01 -6.276e-01 -1.579e+01 -5.864e+00 -1.033e+01 -1.547e+01 -1.649e+01 -1.209e+01 -1.163e+00 -1.550e+00 -1.481e+01 -2.272e+01 -4.688e+00 -1.660e+00 -6.149e+00 -2.400e+01 -1.064e+01 -7.382e+00 -3.782e+00 -4.511e+00 -5.894e+00 -2.142e+01 -1.097e+01 -6.505e+00 -6.124e+00 -2.399e+01 -1.934e+01 -2.179e+01 -1.599e+01 -8.593e-01 -5.005e+00 -6.872e+00 -2.400e+01 -1.943e+01 -2.400e+01 -2.299e+01 -1.075e+01 -3.037e+00 -2.632e+00 -1.551e+01 -8.455e+00 -2.400e+01 -2.400e+01 -2.362e+01 -2.084e+01 -3.973e+00 -1.787e+00 -1.055e+01 -2.400e+01 -2.400e+01   nan -1.590e+01 -2.069e+00 -1.527e+00 -2.024e+01 -2.400e+01 -2.400e+01 -2.400e+01 -1.209e+01 -1.040e+00 -2.639e+00 -1.559e+00 -1.421e+01 -2.400e+01 -2.390e+01 -1.332e+01 -1.649e+01 -1.405e+00 -1.327e+01 -1.536e+01 -2.400e+01 -1.646e+01 -2.400e+01 -2.400e+01 -1.222e+00 -2.829e+00 -3.125e+00 -1.445e+01 -2.400e+01 -2.351e+01   nan -1.594e+01 -1.867e+01 -3.114e+00 -1.416e+01 -6.180e+00 -2.246e+01 -2.400e+01 -2.400e+01 -2.400e+01 -2.395e+01 -2.400e+01 -3.997e+00 -3.780e+00 -4.682e+00 -1.681e+01 -6.713e+00 -2.400e+01   nan -2.397e+01 -1.727e+01 -5.218e+00 -1.583e+01 -1.659e+01 -2.400e+01 -2.400e+01 -2.400e+01   nan   nan -4.740e+00 -8.157e+00 -9.433e+00 -1.106e+01 -1.643e+01 -2.400e+01 -2.400e+01 -2.073e+01 -2.399e+01 -1.119e+01 -1.655e+01 -1.671e+01 -2.400e+01 -2.400e+01   nan -1.300e+01 -1.700e+01 -1.931e+01 -2.400e+01 -2.400e+01 -2.400e+01 -2.400e+01
+4.300 +3.167 17.989 10.331 0.328 0.020 0.999 -2.400e+01 -6.481e-01 -1.814e+01 -1.250e+01 -6.276e-01 -1.577e+01 -5.892e+00 -1.040e+01 -1.615e+01 -1.663e+01 -1.282e+01 -1.163e+00 -1.551e+00 -1.481e+01 -2.341e+01 -4.753e+00 -1.659e+00 -6.146e+00 -2.400e+01 -1.078e+01 -7.451e+00 -3.782e+00 -4.511e+00 -5.874e+00 -2.142e+01 -1.105e+01 -6.626e+00 -6.124e+00 -2.399e+01 -1.934e+01 -2.194e+01 -1.620e+01 -8.593e-01 -5.005e+00 -6.812e+00 -2.400e+01 -1.943e+01 -2.400e+01   nan -1.083e+01 -3.037e+00 -2.632e+00 -1.553e+01 -8.455e+00 -2.400e+01 -2.400e+01 -2.377e+01 -2.113e+01 -3.973e+00 -1.787e+00 -1.054e+01 -2.400e+01 -2.400e+01 -2.142e+01 -1.611e+01 -2.069e+00 -1.527e+00 -2.038e+01 -2.400e+01 -2.400e+01 -2.400e+01 -1.219e+01 -1.040e+00 -2.639e+00 -1.559e+00 -1.430e+01 -2.400e+01 -2.392e+01 -1.661e+01 -1.660e+01 -1.405e+00 -1.327e+01 -1.536e+01 -2.400e+01   nan -2.400e+01 -2.389e+01 -1.222e+00 -2.829e+00 -3.125e+00 -1.445e+01 -2.400e+01 -2.400e+01 -2.082e+01 -1.602e+01 -1.886e+01 -3.114e+00 -1.416e+01 -6.120e+00 -2.280e+01 -2.400e+01 -2.400e+01 -2.400e+01 -2.396e+01 -2.400e+01 -3.997e+00 -3.780e+00 -4.682e+00 -1.681e+01 -6.713e+00 -2.400e+01 -2.305e+01 -2.400e+01 -2.046e+01 -5.218e+00 -1.583e+01 -1.653e+01 -2.400e+01 -2.400e+01 -2.400e+01 -2.117e+01 -2.082e+01 -4.740e+00 -8.157e+00 -9.433e+00 -1.102e+01 -1.639e+01 -2.400e+01 -2.400e+01   nan -2.400e+01 -1.125e+01 -1.660e+01 -1.667e+01 -2.400e+01 -2.400e+01 -2.132e+01 -1.300e+01 -1.707e+01 -1.931e+01 -2.400e+01 -2.400e+01 -2.400e+01 -2.400e+01
+4.360 +3.265 17.989 10.269 0.351 0.020 0.999 -2.400e+01 -6.481e-01 -1.814e+01 -1.247e+01 -6.276e-01 -1.576e+01 -5.921e+00 -1.048e+01 -1.692e+01 -1.675e+01 -1.368e+01 -1.164e+00 -1.551e+00 -1.481e+01 -2.386e+01 -4.814e+00 -1.657e+00 -6.143e+00 -2.400e+01 -1.091e+01 -7.515e+00 -3.782e+00 -4.511e+00 -5.858e+00 -2.142e+01 -1.112e+01 -6.764e+00 -6.124e+00 -2.400e+01 -1.934e+01 -2.209e+01 -1.641e+01 -8.593e-01 -5.005e+00 -6.752e+00 -2.400e+01 -1.943e+01 -2.400e+01 -2.260e+01 -1.091e+01 -3.037e+00 -2.632e+00 -1.555e+01 -8.455e+00 -2.400e+01 -2.400e+01 -2.386e+01 -2.140e+01 -3.973e+00 -1.787e+00 -1.054e+01 -2.400e+01 -2.400e+01   nan -1.631e+01 -2.069e+00 -1.527e+00 -2.052e+01 -2.400e+01 -2.400e+01 -2.400e+01 -1.229e+01 -1.040e+00 -2.639e+00 -1.559e+00 -1.439e+01 -2.400e+01 -2.396e+01 -1.324e+01 -1.671e+01 -1.405e+00 -1.327e+01 -1.536e+01 -2.400e+01 -1.646e+01 -2.400e+01 -2.400e+01 -1.222e+00 -2.829e+00 -3.125e+00 -1.445e+01 -2.400e+01 -2.346e+01   nan -1.609e+01 -1.904e+01 -3.114e+00 -1.416e+01 -6.060e+00 -2.315e+01 -2.400e+01 -2.400e+01 -2.400e+01 -2.397e+01 -2.400e+01 -3.997e+00 -3.780e+00 -4.682e+00 -1.681e+01 -6.713e+00 -2.400e+01 -2.400e+01 -2.397e+01 -1.896e+01 -5.218e+00 -1.583e+01 -1.647e+01 -2.400e+01 -2.400e+01 -2.400e+01   nan   nan -4.740e+00 -8.157e+00 -9.433e+00 -1.099e+01 -1.636e+01 -2.400e+01 -2.400e+01 -2.051e+01 -2.266e+01 -1.131e+01 -1.666e+01 -1.665e+01 -2.400e+01 -2.400e+01   nan -1.300e+01 -1.716e+01 -1.931e+01 -2.400e+01 -2.400e+01 -2.400e+01 -2.400e+01
+4.420 +3.326 17.989 10.207 0.313 0.020 0.999 -2.400e+01 -6.482e-01 -1.814e+01 -1.244e+01 -6.276e-01 -1.575e+01 -5.951e+00 -1.055e+01 -1.785e+01 -1.688e+01 -1.469e+01 -1.164e+00 -1.551e+00 -1.481e+01 -2.399e+01 -4.879e+00 -1.656e+00 -6.141e+00 -2.400e+01 -1.104e+01 -7.581e+00 -3.782e+00 -4.511e+00 -5.845e+00 -2.142e+01 -1.119e+01 -6.924e+00 -6.124e+00 -2.400e+01 -1.934e+01 -2.224e+01 -1.664e+01 -8.593e-01 -5.005e+00 -6.691e+00 -2.400e+01 -1.943e+01 -2.400e+01   nan -1.099e+01 -3.037e+00 -2.632e+00 -1.556e+01 -8.455e+00 -2.400e+01 -2.400e+01 -2.392e+01 -2.168e+01 -3.973e+00 -1.787e+00 -1.053e+01 -2.400e+01 -2.400e+01 -2.113e+01 -1.651e+01 -2.069e+00 -1.527e+00 -2.066e+01 -2.400e+01 -2.400e+01 -2.400e+01 -1.239e+01 -1.040e+00 -2.639e+00 -1.559e+00 -1.451e+01 -2.400e+01 -2.395e+01 -1.677e+01 -1.681e+01 -1.405e+00 -1.327e+01 -1.536e+01 -2.400e+01   nan -2.400e+01 -2.389e+01 -1.222e+00 -2.829e+00 -3.125e+00 -1.445e+01 -2.400e+01 -2.400e+01 -2.058e+01 -1.616e+01 -1.922e+01 -3.114e+00 -1.416e+01 -6.000e+00 -2.347e+01 -2.400e+01 -2.400e+01 -2.400e+01 -2.398e+01 -2.400e+01 -3.997e+00 -3.781e+00 -4.682e+00 -1.681e+01 -6.713e+00 -2.400e+01 -2.257e+01 -2.400e+01   nan -5.218e+00 -1.583e+01 -1.641e+01 -2.400e+01 -2.400e+01 -2.400e+01 -2.117e+01 -2.056e+01 -4.740e+00 -8.157e+00 -9.433e+00 -1.096e+01 -1.633e+01 -2.400e+01 -2.400e+01   nan   nan -1.139e+01 -1.673e+01 -1.662e+01 -2.400e+01 -2.400e+01 -2.107e+01 -1.300e+01 -1.725e+01 -1.931e+01 -2.400e+01 -2.400e+01 -2.400e+01 -2.400e+01
+4.480 +3.357 17.989 10.143 0.351 0.020 0.999 -2.400e+01 -6.482e-01 -1.813e+01 -1.241e+01 -6.276e-01 -1.574e+01 -5.982e+00 -1.063e+01 -1.898e+01 -1.702e+01 -1.589e+01 -1.164e+00 -1.551e+00 -1.481e+01 -2.400e+01 -4.944e+00 -1.654e+00 -6.138e+00 -2.400e+01 -1.117e+01 -7.648e+00 -3.782e+00 -4.511e+00 -5.837e+00 -2.142e+01 -1.127e+01 -7.109e+00 -6.124e+00 -2.400e+01 -1.934e+01 -2.239e+01 -1.691e+01 -8.593e-01 -5.005e+00 -6.631e+00 -2.400e+01 -1.943e+01 -2.400e+01 -2.228e+01 -1.108e+01 -3.037e+00 -2.632e+00 -1.559e+01 -8.455e+00 -2.400e+01 -2.400e+01 -2.396e+01 -2.197e+01 -3.973e+00 -1.787e+00 -1.053e+01 -2.400e+01 -2.400e+01   nan -1.672e+01 -2.069e+00 -1.527e+00 -2.080e+01 -2.400e+01 -2.400e+01 -2.400e+01 -1.249e+01 -1.040e+00 -2.639e+00 -1.559e+00 -1.463e+01 -2.400e+01 -2.398e+01 -1.314e+01 -1.693e+01 -1.405e+00 -1.327e+01 -1.536e+01 -2.400e+01 -1.645e+01 -2.400e+01 -2.400e+01 -1.222e+00 -2.829e+00 -3.125e+00 -1.445e+01 -2.400e+01 -2.339e+01   nan -1.624e+01 -1.941e+01 -3.114e+00 -1.416e+01 -5.940e+00 -2.369e+01 -2.400e+01 -2.400e+01 -2.400e+01 -2.399e+01 -2.400e+01 -3.997e+00 -3.781e+00 -4.682e+00 -1.681e+01 -6.713e+00 -2.400e+01   nan -2.396e+01 -1.931e+01 -5.218e+00 -1.583e+01 -1.635e+01 -2.400e+01 -2.400e+01 -2.400e+01   nan   nan -4.740e+00 -8.157e+00 -9.433e+00 -1.093e+01 -1.630e+01 -2.400e+01 -2.400e+01 -2.027e+01 -2.214e+01 -1.147e+01 -1.681e+01 -1.660e+01 -2.400e+01 -2.400e+01   nan -1.300e+01 -1.736e+01 -1.931e+01 -2.400e+01 -2.400e+01 -2.400e+01 -2.400e+01
+4.540 +3.423 17.990 10.081 0.321 0.020 0.999 -2.400e+01 -6.482e-01 -1.813e+01 -1.238e+01 -6.276e-01 -1.573e+01 -6.014e+00 -1.071e+01 -2.033e+01 -1.715e+01 -1.732e+01 -1.165e+00 -1.552e+00 -1.481e+01 -2.400e+01 -5.008e+00 -1.653e+00 -6.136e+00 -2.400e+01 -1.130e+01 -7.714e+00 -3.782e+00 -4.511e+00 -5.831e+00 -2.142e+01 -1.134e+01 -7.322e+00 -6.124e+00 -2.400e+01 -1.934e+01 -2.254e+01 -1.720e+01 -8.593e-01 -5.005e+00 -6.571e+00 -2.400e+01 -1.943e+01 -2.400e+01   nan -1.116e+01 -3.037e+00 -2.632e+00 -1.561e+01 -8.455e+00 -2.400e+01 -2.400e+01 -2.398e+01 -2.225e+01 -3.973e+00 -1.787e+00 -1.052e+01 -2.400e+01 -2.400e+01 -2.089e+01 -1.692e+01 -2.069e+00 -1.527e+00 -2.094e+01 -2.400e+01 -2.400e+01 -2.400e+01 -1.260e+01 -1.040e+00 -2.639e+00 -1.559e+00 -1.478e+01 -2.400e+01 -2.397e+01 -1.682e+01 -1.703e+01 -1.405e+00 -1.327e+01 -1.536e+01 -2.400e+01   nan -2.400e+01 -2.388e+01 -1.222e+00 -2.829e+00 -3.125e+00 -1.445e+01 -2.400e+01 -2.400e+01 -2.036e+01 -1.631e+01 -1.960e+01 -3.114e+00 -1.416e+01 -5.880e+00 -2.379e+01 -2.400e+01 -2.400e+01 -2.400e+01 -2.399e+01 -2.400e+01 -3.997e+00 -3.782e+00 -4.682e+00 -1.681e+01 -6.713e+00 -2.400e+01 -2.254e+01 -2.400e+01   nan -5.218e+00 -1.583e+01 -1.629e+01 -2.400e+01 -2.400e+01 -2.400e+01 -2.117e+01 -2.033e+01 -4.740e+00 -8.157e+00 -9.433e+00 -1.090e+01 -1.627e+01 -2.400e+01 -2.400e+01   nan   nan -1.157e+01 -1.690e+01 -1.658e+01 -2.400e+01 -2.400e+01 -2.085e+01 -1.300e+01 -1.748e+01 -1.931e+01 -2.400e+01 -2.400e+01 -2.400e+01 -2.400e+01
+4.600 +3.475 17.990 10.018 0.343 0.020 0.999 -2.400e+01 -6.482e-01 -1.813e+01 -1.235e+01 -6.276e-01 -1.572e+01 -6.047e+00 -1.079e+01 -2.170e+01 -1.728e+01 -1.878e+01 -1.165e+00 -1.552e+00 -1.481e+01 -2.400e+01 -5.072e+00 -1.651e+00 -6.133e+00 -2.400e+01 -1.143e+01 -7.781e+00 -3.782e+00 -4.511e+00 -5.828e+00 -2.142e+01 -1.141e+01 -7.567e+00 -6.124e+00 -2.400e+01 -1.934e+01 -2.269e+01 -1.752e+01 -8.593e-01 -5.005e+00 -6.511e+00 -2.400e+01 -1.943e+01 -2.400e+01 -2.199e+01 -1.124e+01 -3.037e+00 -2.632e+00 -1.564e+01 -8.455e+00 -2.400e+01 -2.400e+01 -2.399e+01 -2.253e+01 -3.973e+00 -1.787e+00 -1.051e+01 -2.400e+01 -2.400e+01   nan -1.713e+01 -2.069e+00 -1.527e+00 -2.108e+01 -2.400e+01 -2.400e+01 -2.400e+01 -1.270e+01 -1.040e+00 -2.639e+00 -1.559e+00 -1.495e+01 -2.400e+01 -2.399e+01 -1.302e+01 -1.714e+01 -1.405e+00 -1.327e+01 -1.536e+01 -2.400e+01 -1.645e+01 -2.400e+01   nan -1.222e+00 -2.829e+00 -3.125e+00 -1.445e+01 -2.400e+01 -1.958e+01   nan -1.639e+01 -1.979e+01 -3.114e+00 -1.416e+01 -5.820e+00 -2.384e+01 -2.400e+01 -2.400e+01 -2.400e+01 -2.399e+01 -2.400e+01 -3.997e+00 -3.782e+00 -4.682e+00 -1.681e+01 -6.713e+00 -2.400e+01 -2.400e+01 -2.395e+01   nan -5.218e+00 -1.583e+01 -1.623e+01 -2.400e+01 -2.400e+01 -2.400e+01   nan   nan -4.740e+00 -8.157e+00 -9.433e+00 -1.088e+01 -1.625e+01 -2.400e+01 -2.400e+01 -2.003e+01 -2.180e+01 -1.168e+01 -1.700e+01 -1.657e+01 -2.400e+01 -2.400e+01   nan -1.300e+01 -1.763e+01 -1.931e+01 -2.400e+01 -2.400e+01 -2.400e+01 -2.400e+01
+4.660 +3.547 17.990  9.955 0.313 0.020 0.999 -2.400e+01 -6.482e-01 -1.813e+01 -1.232e+01 -6.276e-01 -1.571e+01 -6.081e+00 -1.087e+01 -2.311e+01 -1.742e+01 -2.025e+01 -1.165e+00 -1.552e+00 -1.481e+01 -2.400e+01 -5.136e+00 -1.650e+00 -6.131e+00 -2.400e+01 -1.157e+01 -7.847e+00 -3.782e+00 -4.511e+00 -5.827e+00 -2.142e+01 -1.149e+01 -7.851e+00 -6.125e+00 -2.400e+01 -1.934e+01 -2.283e+01 -1.787e+01 -8.593e-01 -5.006e+00 -6.451e+00 -2.400e+01 -1.943e+01 -2.400e+01   nan -1.133e+01 -3.037e+00 -2.632e+00 -1.567e+01 -8.455e+00 -2.400e+01 -2.400e+01 -2.399e+01 -2.281e+01 -3.973e+00 -1.787e+00 -1.050e+01 -2.400e+01 -2.400e+01 -2.064e+01 -1.733e+01 -2.069e+00 -1.527e+00 -2.122e+01 -2.400e+01 -2.400e+01 -2.400e+01 -1.280e+01 -1.040e+00 -2.639e+00 -1.559e+00 -1.514e+01 -2.400e+01 -2.396e+01 -1.695e+01 -1.725e+01 -1.405e+00 -1.327e+01 -1.536e+01 -2.400e+01   nan -2.400e+01   nan -1.222e+00 -2.829e+00 -3.125e+00 -1.445e+01 -2.400e+01   nan -2.013e+01 -1.647e+01 -1.998e+01 -3.114e+00 -1.416e+01 -5.761e+00 -2.387e+01 -2.400e+01 -2.400e+01 -2.400e+01 -2.399e+01 -2.400e+01 -3.997e+00 -3.783e+00 -4.682e+00 -1.681e+01 -6.713e+00 -2.400e+01 -2.209e+01 -2.400e+01   nan -5.218e+00 -1.583e+01 -1.617e+01 -2.400e+01 -2.400e+01 -2.400e+01 -2.116e+01 -2.008e+01 -4.740e+00 -8.157e+00 -9.433e+00 -1.086e+01 -1.623e+01 -2.400e+01 -2.400e+01   nan   nan -1.181e+01 -1.712e+01 -1.655e+01 -2.400e+01 -2.400e+01 -2.061e+01 -1.300e+01 -1.779e+01 -1.931e+01 -2.400e+01 -2.400e+01 -2.400e+01 -2.400e+01
+4.720 +3.494 17.990  9.888 0.328 0.020 0.999 -2.400e+01 -6.483e-01 -1.813e+01 -1.228e+01 -6.276e-01 -1.570e+01 -6.116e+00 -1.096e+01 -2.353e+01 -1.756e+01 -2.068e+01 -1.166e+00 -1.552e+00 -1.481e+01 -2.400e+01 -5.202e+00 -1.648e+00 -6.128e+00 -2.400e+01 -1.171e+01 -7.918e+00 -3.782e+00 -4.511e+00 -5.827e+00 -2.142e+01 -1.157e+01 -8.182e+00 -6.125e+00 -2.400e+01 -1.934e+01 -2.298e+01 -1.830e+01 -8.593e-01 -5.006e+00 -6.391e+00 -2.400e+01 -1.943e+01 -2.400e+01 -2.167e+01 -1.141e+01 -3.037e+00 -2.632e+00 -1.571e+01 -8.455e+00 -2.400e+01 -2.395e+01 -2.400e+01 -2.309e+01 -3.973e+00 -1.787e+00 -1.050e+01 -2.400e+01 -2.400e+01   nan -1.754e+01 -2.069e+00 -1.527e+00 -2.137e+01 -2.400e+01 -2.400e+01 -2.400e+01 -1.291e+01 -1.040e+00 -2.639e+00 -1.559e+00 -1.537e+01 -2.400e+01 -2.400e+01 -1.300e+01 -1.737e+01 -1.405e+00 -1.327e+01 -1.536e+01 -2.400e+01 -1.645e+01 -2.400e+01   nan -1.222e+00 -2.829e+00 -3.125e+00 -1.445e+01 -2.400e+01 -1.894e+01   nan -1.655e+01 -2.018e+01 -3.114e+00 -1.416e+01 -5.701e+00 -2.389e+01 -2.400e+01 -2.400e+01 -2.400e+01 -2.400e+01 -2.400e+01 -3.997e+00 -3.783e+00 -4.682e+00 -1.681e+01 -6.713e+00 -2.400e+01   nan -2.150e+01   nan -5.218e+00 -1.583e+01 -1.611e+01 -2.400e+01 -2.400e+01 -2.400e+01   nan   nan -4.740e+00 -8.157e+00 -9.433e+00 -1.085e+01 -1.621e+01 -2.400e+01 -2.400e+01 -1.972e+01 -2.144e+01 -1.196e+01 -1.724e+01 -1.654e+01 -2.400e+01 -2.400e+01   nan -1.300e+01 -1.798e+01 -1.931e+01 -2.400e+01 -2.400e+01 -2.400e+01 -2.400e+01
+4.780 +3.588 17.990  9.825 0.321 0.020 0.999 -2.400e+01 -6.483e-01 -1.812e+01 -1.225e+01 -6.276e-01 -1.570e+01 -6.152e+00 -1.104e+01 -2.358e+01 -1.770e+01 -2.082e+01 -1.166e+00 -1.553e+00 -1.481e+01 -2.400e+01 -5.259e+00 -1.647e+00 -6.125e+00 -2.400e+01 -1.184e+01 -7.984e+00 -3.782e+00 -4.511e+00 -5.829e+00 -2.142e+01 -1.164e+01 -8.560e+00 -6.125e+00 -2.400e+01 -1.934e+01 -2.312e+01 -1.874e+01 -8.593e-01 -5.006e+00 -6.331e+00 -2.400e+01 -1.943e+01 -2.400e+01   nan -1.150e+01 -3.037e+00 -2.632e+00 -1.576e+01 -8.455e+00 -2.400e+01 -2.400e+01 -2.400e+01 -2.335e+01 -3.973e+00 -1.787e+00 -1.049e+01 -2.400e+01 -2.400e+01 -2.041e+01 -1.773e+01 -2.069e+00 -1.527e+00 -2.151e+01 -2.400e+01 -2.400e+01 -2.400e+01 -1.301e+01 -1.040e+00 -2.639e+00 -1.559e+00 -1.563e+01 -2.400e+01 -2.396e+01 -1.694e+01 -1.748e+01 -1.405e+00 -1.328e+01 -1.537e+01 -2.400e+01   nan -2.400e+01   nan -1.222e+00 -2.829e+00 -3.125e+00 -1.445e+01 -2.400e+01   nan -1.991e+01 -1.663e+01 -2.037e+01 -3.114e+00 -1.416e+01 -5.641e+00 -2.391e+01 -2.400e+01 -2.400e+01 -2.400e+01 -2.400e+01 -2.400e+01 -3.997e+00 -3.784e+00 -4.682e+00 -1.681e+01 -6.713e+00 -2.400e+01 -2.174e+01   nan   nan -5.218e+00 -1.583e+01 -1.605e+01 -2.400e+01 -2.400e+01 -2.400e+01 -2.116e+01 -1.986e+01 -4.740e+00 -8.157e+00 -9.433e+00 -1.084e+01 -1.620e+01 -2.400e+01 -2.400e+01   nan   nan -1.214e+01 -1.738e+01 -1.654e+01 -2.400e+01 -2.400e+01 -2.040e+01 -1.300e+01 -1.820e+01 -1.931e+01 -2.400e+01 -2.400e+01 -2.400e+01 -2.400e+01
+4.840 +3.757 17.990  9.765 0.343 0.022 0.999 -2.400e+01 -6.483e-01 -1.812e+01 -1.222e+01 -6.276e-01 -1.569e+01 -6.189e+00 -1.112e+01 -2.363e+01 -1.783e+01 -2.096e+01 -1.166e+00 -1.553e+00 -1.481e+01 -2.400e+01 -5.321e+00 -1.646e+00 -6.124e+00 -2.400e+01 -1.196e+01 -8.046e+00 -3.782e+00 -4.511e+00 -5.830e+00 -2.142e+01 -1.171e+01 -8.994e+00 -6.125e+00 -2.400e+01 -1.934e+01 -2.324e+01 -1.923e+01 -8.593e-01 -5.006e+00 -6.271e+00 -2.400e+01 -1.943e+01 -2.400e+01 -2.140e+01 -1.157e+01 -3.037e+00 -2.632e+00 -1.581e+01 -8.455e+00 -2.400e+01 -2.400e+01 -2.400e+01 -2.347e+01 -3.973e+00 -1.787e+00 -1.048e+01 -2.400e+01 -2.400e+01   nan -1.791e+01 -2.069e+00 -1.527e+00 -2.164e+01 -2.400e+01 -2.400e+01 -2.400e+01 -1.310e+01 -1.040e+00 -2.639e+00 -1.559e+00 -1.594e+01 -2.400e+01 -2.400e+01 -1.273e+01 -1.758e+01 -1.405e+00 -1.328e+01 -1.537e+01 -2.400e+01 -1.645e+01 -2.400e+01   nan -1.222e+00 -2.829e+00 -3.125e+00 -1.445e+01 -2.400e+01 -1.859e+01   nan -1.670e+01 -2.056e+01 -3.114e+00 -1.416e+01 -5.582e+00 -2.393e+01 -2.400e+01 -2.400e+01 -2.400e+01 -2.400e+01 -2.400e+01 -3.997e+00 -3.785e+00 -4.682e+00 -1.681e+01 -6.713e+00 -2.400e+01 -2.400e+01 -2.102e+01   nan -5.218e+00 -1.583e+01 -1.599e+01 -2.400e+01 -2.402e+01 -2.400e+01   nan   nan -4.740e+00 -8.157e+00 -9.433e+00 -1.083e+01 -1.619e+01 -2.400e+01 -2.400e+01 -1.946e+01 -2.116e+01 -1.234e+01 -1.752e+01 -1.653e+01 -2.400e+01 -2.400e+01   nan -1.300e+01 -1.846e+01 -1.931e+01 -2.400e+01 -2.400e+01 -2.400e+01 -2.400e+01
+4.900 +3.727 17.990  9.698 0.306 0.022 0.999 -2.400e+01 -6.483e-01 -1.812e+01 -1.218e+01 -6.276e-01 -1.569e+01 -6.226e+00 -1.121e+01 -2.368e+01 -1.798e+01 -2.111e+01 -1.166e+00 -1.553e+00 -1.481e+01 -2.400e+01 -5.388e+00 -1.644e+00 -6.120e+00 -2.400e+01 -1.210e+01 -8.118e+00 -3.782e+00 -4.511e+00 -5.832e+00 -2.142e+01 -1.179e+01 -9.474e+00 -6.125e+00 -2.400e+01 -1.934e+01 -2.337e+01 -1.981e+01 -8.593e-01 -5.006e+00 -6.211e+00 -2.400e+01 -1.943e+01 -2.400e+01   nan -1.166e+01 -3.037e+00 -2.632e+00 -1.586e+01 -8.455e+00 -2.400e+01 -2.400e+01 -2.400e+01 -2.373e+01 -3.973e+00 -1.787e+00 -1.047e+01 -2.400e+01 -2.400e+01 -2.018e+01 -1.810e+01 -2.069e+00 -1.527e+00 -2.179e+01 -2.400e+01 -2.400e+01 -2.400e+01 -1.321e+01 -1.040e+00 -2.639e+00 -1.559e+00 -1.629e+01 -2.400e+01 -2.395e+01 -1.709e+01 -1.770e+01 -1.405e+00 -1.328e+01 -1.537e+01 -2.400e+01   nan -2.400e+01   nan -1.222e+00 -2.829e+00 -3.125e+00 -1.445e+01 -2.400e+01   nan -1.969e+01 -1.679e+01 -2.077e+01 -3.114e+00 -1.416e+01 -5.522e+00 -2.394e+01 -2.400e+01 -2.400e+01 -2.400e+01 -2.400e+01 -2.400e+01 -3.997e+00 -3.786e+00 -4.682e+00 -1.681e+01 -6.713e+00 -2.400e+01 -2.132e+01   nan   nan -5.218e+00 -1.583e+01 -1.593e+01 -2.400e+01 -2.399e+01 -2.400e+01 -2.116e+01 -1.964e+01 -4.740e+00 -8.157e+00 -9.433e+00 -1.083e+01 -1.618e+01 -2.400e+01 -2.400e+01   nan   nan -1.257e+01 -1.766e+01 -1.653e+01 -2.400e+01 -2.400e+01 -2.017e+01 -1.300e+01 -1.875e+01 -1.931e+01 -2.400e+01 -2.400e+01 -2.400e+01 -2.400e+01
+4.960 +3.849 17.990  9.637 0.336 0.022 0.999 -2.400e+01 -6.483e-01 -1.812e+01 -1.215e+01 -6.276e-01 -1.568e+01 -6.266e+00 -1.130e+01 -2.372e+01 -1.812e+01 -2.125e+01 -1.167e+00 -1.553e+00 -1.481e+01 -2.400e+01 -5.451e+00 -1.643e+00 -6.118e+00 -2.400e+01 -1.224e+01 -8.183e+00 -3.782e+00 -4.511e+00 -5.834e+00 -2.142e+01 -1.186e+01 -9.968e+00 -6.125e+00 -2.400e+01 -1.934e+01 -2.348e+01 -2.037e+01 -8.593e-01 -5.006e+00 -6.151e+00 -2.400e+01 -1.943e+01 -2.400e+01 -2.114e+01 -1.174e+01 -3.037e+00 -2.632e+00 -1.593e+01 -8.455e+00 -2.400e+01 -2.395e+01 -2.400e+01 -2.368e+01 -3.973e+00 -1.787e+00 -1.046e+01 -2.400e+01 -2.400e+01   nan -1.827e+01 -2.069e+00 -1.527e+00 -2.193e+01 -2.400e+01 -2.400e+01 -2.400e+01 -1.331e+01 -1.040e+00 -2.639e+00 -1.559e+00 -1.669e+01 -2.400e+01 -2.400e+01 -1.264e+01 -1.780e+01 -1.405e+00 -1.328e+01 -1.537e+01 -2.400e+01 -1.645e+01 -2.400e+01   nan -1.222e+00 -2.829e+00 -3.125e+00 -1.445e+01 -2.400e+01 -1.830e+01   nan -1.687e+01 -2.096e+01 -3.114e+00 -1.416e+01 -5.463e+00 -2.395e+01 -2.400e+01 -2.400e+01 -2.400e+01 -2.400e+01 -2.400e+01 -3.997e+00 -3.787e+00 -4.682e+00 -1.681e+01 -6.713e+00 -2.400e+01   nan -2.069e+01   nan -5.218e+00 -1.583e+01 -1.587e+01 -2.400e+01 -2.400e+01 -2.400e+01   nan   nan -4.740e+00 -8.157e+00 -9.433e+00 -1.082e+01 -1.617e+01 -2.400e+01 -2.400e+01 -1.921e+01 -2.090e+01 -1.283e+01 -1.779e+01 -1.653e+01 -2.400e+01 -2.400e+01   nan -1.300e+01 -1.909e+01 -1.930e+01 -2.400e+01 -2.400e+01 -2.400e+01 -2.400e+01
+5.020 +3.887 17.990  9.571 0.328 0.022 0.999 -2.400e+01 -6.483e-01 -1.811e+01 -1.211e+01 -6.276e-01 -1.568e+01 -6.306e+00 -1.138e+01 -2.376e+01 -1.826e+01 -2.138e+01 -1.167e+00 -1.554e+00 -1.481e+01 -2.400e+01 -5.515e+00 -1.641e+00 -6.115e+00 -2.400e+01 -1.237e+01 -8.252e+00 -3.782e+00 -4.511e+00 -5.836e+00 -2.142e+01 -1.194e+01 -1.036e+01 -6.125e+00 -2.400e+01 -1.934e+01 -2.359e+01 -2.087e+01 -8.593e-01 -5.006e+00 -6.091e+00 -2.400e+01 -1.943e+01 -2.400e+01   nan -1.183e+01 -3.037e+00 -2.632e+00 -1.601e+01 -8.455e+00 -2.400e+01 -2.400e+01 -2.400e+01 -2.392e+01 -3.973e+00 -1.787e+00 -1.045e+01 -2.400e+01 -2.400e+01 -1.995e+01 -1.844e+01 -2.069e+00 -1.527e+00 -2.207e+01 -2.400e+01 -2.400e+01 -2.400e+01 -1.342e+01 -1.040e+00 -2.639e+00 -1.559e+00 -1.717e+01 -2.400e+01 -2.394e+01 -1.727e+01 -1.792e+01 -1.405e+00 -1.329e+01 -1.537e+01 -2.400e+01   nan -2.400e+01   nan -1.222e+00 -2.829e+00 -3.125e+00 -1.445e+01 -2.400e+01   nan -1.946e+01 -1.695e+01 -2.117e+01 -3.114e+00 -1.416e+01 -5.403e+00 -2.396e+01 -2.400e+01 -2.400e+01 -2.400e+01 -2.400e+01 -2.400e+01 -3.997e+00 -3.788e+00 -4.682e+00 -1.681e+01 -6.713e+00 -2.400e+01 -2.122e+01   nan   nan -5.218e+00 -1.583e+01 -1.581e+01 -2.400e+01 -2.400e+01 -2.400e+01 -2.116e+01 -1.941e+01 -4.740e+00 -8.157e+00 -9.433e+00 -1.082e+01 -1.617e+01 -2.400e+01 -2.400e+01   nan   nan -1.314e+01 -1.789e+01 -1.653e+01 -2.400e+01 -2.400e+01 -1.994e+01 -1.300e+01 -1.949e+01 -1.930e+01 -2.400e+01 -2.400e+01 -2.400e+01 -2.400e+01
+5.080 +3.984 17.990  9.502 0.343 0.022 0.999 -2.400e+01 -6.484e-01 -1.811e+01 -1.208e+01 -6.276e-01 -1.568e+01 -6.347e+00 -1.148e+01 -2.380e+01 -1.841e+01 -2.154e+01 -1.167e+00 -1.554e+00 -1.481e+01 -2.400e+01 -5.584e+00 -1.640e+00 -6.112e+00 -2.400e+01 -1.251e+01 -8.324e+00 -3.782e+00 -4.511e+00 -5.837e+00 -2.142e+01 -1.202e+01 -1.058e+01 -6.125e+00 -2.400e+01 -1.934e+01 -2.368e+01 -2.120e+01 -8.593e-01 -5.006e+00 -6.031e+00 -2.400e+01 -1.943e+01 -2.400e+01 -2.093e+01 -1.192e+01 -3.037e+00 -2.632e+00 -1.609e+01 -8.455e+00 -2.400e+01 -2.400e+01 -2.400e+01 -2.370e+01 -3.973e+00 -1.787e+00 -1.044e+01 -2.400e+01 -2.400e+01   nan -1.861e+01 -2.069e+00 -1.527e+00 -2.222e+01 -2.400e+01 -2.400e+01 -2.400e+01 -1.353e+01 -1.040e+00 -2.639e+00 -1.559e+00 -1.771e+01 -2.400e+01 -2.400e+01 -1.250e+01 -1.804e+01 -1.405e+00 -1.329e+01 -1.537e+01 -2.400e+01 -1.645e+01 -2.400e+01   nan -1.222e+00 -2.829e+00 -3.125e+00 -1.445e+01 -2.400e+01 -1.807e+01   nan -1.704e+01 -2.140e+01 -3.114e+00 -1.416e+01 -5.344e+00 -2.397e+01 -2.400e+01 -2.400e+01 -2.400e+01 -2.400e+01 -2.400e+01 -3.997e+00 -3.790e+00 -4.682e+00 -1.681e+01 -6.713e+00 -2.400e+01 -2.400e+01 -2.044e+01   nan -5.218e+00 -1.583e+01 -1.575e+01 -2.400e+01 -2.404e+01 -2.400e+01   nan   nan -4.740e+00 -8.157e+00 -9.433e+00 -1.082e+01 -1.616e+01 -2.400e+01 -2.400e+01 -1.900e+01 -2.068e+01 -1.350e+01 -1.796e+01 -1.653e+01 -2.400e+01 -2.400e+01   nan -1.300e+01 -1.994e+01 -1.930e+01 -2.400e+01 -2.400e+01 -2.400e+01 -2.400e+01
+5.140 +3.088 17.990  9.412 0.299 0.022 0.999 -2.400e+01 -6.484e-01 -1.811e+01 -1.204e+01 -6.276e-01 -1.566e+01 -6.388e+00 -1.159e+01 -2.383e+01 -1.862e+01 -2.172e+01 -1.168e+00 -1.554e+00 -1.481e+01 -2.400e+01 -5.671e+00 -1.639e+00 -6.109e+00 -2.400e+01 -1.270e+01 -8.423e+00 -3.782e+00 -4.511e+00 -5.839e+00 -2.142e+01 -1.213e+01 -1.071e+01 -6.125e+00 -2.400e+01 -1.934e+01 -2.379e+01 -2.147e+01 -8.593e-01 -5.006e+00 -5.971e+00 -2.400e+01 -1.943e+01 -2.400e+01 -2.089e+01 -1.205e+01 -3.037e+00 -2.632e+00 -1.620e+01 -8.455e+00 -2.400e+01 -2.400e+01 -2.400e+01 -2.394e+01 -3.973e+00 -1.787e+00 -1.042e+01 -2.400e+01 -2.400e+01   nan -1.883e+01 -2.069e+00 -1.527e+00 -2.242e+01 -2.400e+01 -2.400e+01 -2.400e+01 -1.369e+01 -1.040e+00 -2.639e+00 -1.559e+00 -1.835e+01 -2.400e+01 -2.400e+01 -1.341e+01 -1.820e+01 -1.405e+00 -1.329e+01 -1.538e+01 -2.400e+01 -1.645e+01 -2.400e+01   nan -1.222e+00 -2.829e+00 -3.125e+00 -1.446e+01 -2.400e+01 -1.803e+01   nan -1.716e+01 -2.172e+01 -3.114e+00 -1.416e+01 -5.285e+00 -2.397e+01 -2.400e+01 -2.400e+01 -2.400e+01 -2.400e+01 -2.400e+01 -3.997e+00 -3.792e+00 -4.682e+00 -1.681e+01 -6.713e+00 -2.400e+01 -2.400e+01 -2.040e+01 -1.886e+01 -5.218e+00 -1.583e+01 -1.569e+01 -2.400e+01 -2.403e+01 -2.400e+01   nan   nan -4.740e+00 -8.157e+00 -9.433e+00 -1.082e+01 -1.616e+01 -2.400e+01 -2.400e+01 -1.897e+01 -2.064e+01 -1.391e+01 -1.800e+01 -1.653e+01 -2.400e+01 -2.400e+01   nan -1.300e+01 -2.042e+01 -1.930e+01 -2.400e+01 -2.400e+01 -2.400e+01 -2.400e+01
+5.200 +3.622 17.990  9.337 0.299 0.022 0.999 -2.400e+01 -6.484e-01 -1.811e+01 -1.201e+01 -6.276e-01 -1.565e+01 -6.429e+00 -1.169e+01 -2.386e+01 -1.877e+01 -2.189e+01 -1.168e+00 -1.554e+00 -1.481e+01 -2.400e+01 -5.745e+00 -1.638e+00 -6.107e+00 -2.400e+01 -1.285e+01 -8.502e+00 -3.782e+00 -4.511e+00 -5.840e+00 -2.142e+01 -1.222e+01 -1.080e+01 -6.125e+00 -2.400e+01 -1.934e+01 -2.385e+01 -2.165e+01 -8.593e-01 -5.006e+00 -5.911e+00 -2.400e+01 -1.943e+01 -2.400e+01   nan -1.214e+01 -3.037e+00 -2.632e+00 -1.631e+01 -8.455e+00 -2.400e+01 -2.400e+01 -2.400e+01 -2.399e+01 -3.973e+00 -1.787e+00 -1.041e+01 -2.400e+01 -2.400e+01 -1.961e+01 -1.898e+01 -2.069e+00 -1.527e+00 -2.259e+01 -2.400e+01 -2.400e+01 -2.400e+01 -1.381e+01 -1.040e+00 -2.639e+00 -1.559e+00 -1.909e+01 -2.400e+01 -2.396e+01 -1.661e+01 -1.833e+01 -1.405e+00 -1.330e+01 -1.538e+01 -2.400e+01   nan -2.400e+01   nan -1.222e+00 -2.829e+00 -3.125e+00 -1.446e+01 -2.400e+01   nan -1.912e+01 -1.726e+01 -2.195e+01 -3.114e+00 -1.416e+01 -5.226e+00 -2.398e+01 -2.400e+01 -2.400e+01 -2.400e+01 -2.400e+01 -2.400e+01 -3.997e+00 -3.794e+00 -4.682e+00 -1.681e+01 -6.713e+00 -2.400e+01 -2.154e+01   nan -1.796e+01 -5.218e+00 -1.583e+01 -1.563e+01 -2.400e+01 -2.400e+01 -2.400e+01 -2.117e+01 -1.907e+01 -4.740e+00 -8.157e+00 -9.433e+00 -1.082e+01 -1.615e+01 -2.400e+01 -2.400e+01   nan   nan -1.439e+01 -1.801e+01 -1.653e+01 -2.400e+01 -2.400e+01 -1.960e+01 -1.300e+01 -2.099e+01 -1.930e+01 -2.400e+01 -2.400e+01 -2.400e+01 -2.400e+01
+5.260 +3.630 17.990  9.262 0.299 0.023 0.999 -2.400e+01 -6.484e-01 -1.810e+01 -1.197e+01 -6.276e-01 -1.565e+01 -6.471e+00 -1.179e+01 -2.389e+01 -1.893e+01 -2.207e+01 -1.168e+00 -1.554e+00 -1.481e+01 -2.400e+01 -5.824e+00 -1.636e+00 -6.105e+00 -2.400e+01 -1.302e+01 -8.583e+00 -3.782e+00 -4.511e+00 -5.842e+00 -2.142e+01 -1.231e+01 -1.091e+01 -6.125e+00 -2.400e+01 -1.934e+01 -2.390e+01 -2.185e+01 -8.593e-01 -5.006e+00 -5.851e+00 -2.400e+01 -1.943e+01 -2.400e+01   nan -1.225e+01 -3.037e+00 -2.632e+00 -1.645e+01 -8.455e+00 -2.400e+01 -2.400e+01 -2.400e+01 -2.400e+01 -3.973e+00 -1.787e+00 -1.039e+01 -2.400e+01 -2.400e+01 -1.950e+01 -1.913e+01 -2.069e+00 -1.527e+00 -2.275e+01 -2.400e+01 -2.400e+01 -2.400e+01 -1.393e+01 -1.040e+00 -2.639e+00 -1.559e+00 -1.989e+01 -2.400e+01 -2.395e+01 -1.686e+01 -1.846e+01 -1.405e+00 -1.331e+01 -1.538e+01 -2.400e+01   nan -2.400e+01   nan -1.222e+00 -2.829e+00 -3.125e+00 -1.446e+01 -2.400e+01   nan -1.901e+01 -1.736e+01 -2.221e+01 -3.114e+00 -1.416e+01 -5.167e+00 -2.398e+01 -2.400e+01 -2.400e+01 -2.400e+01 -2.400e+01 -2.400e+01 -3.997e+00 -3.796e+00 -4.682e+00 -1.681e+01 -6.713e+00 -2.400e+01 -2.155e+01   nan -1.836e+01 -5.218e+00 -1.583e+01 -1.557e+01 -2.400e+01 -2.400e+01 -2.400e+01 -2.117e+01 -1.895e+01 -4.740e+00 -8.157e+00 -9.433e+00 -1.082e+01 -1.614e+01 -2.400e+01 -2.400e+01   nan   nan -1.493e+01 -1.802e+01 -1.653e+01 -2.400e+01 -2.400e+01 -1.949e+01 -1.300e+01 -2.130e+01 -1.929e+01 -2.400e+01 -2.400e+01 -2.400e+01 -2.400e+01
+5.320 +3.947 17.990  9.188 0.299 0.023 0.999 -2.400e+01 -6.484e-01 -1.810e+01 -1.193e+01 -6.276e-01 -1.564e+01 -6.514e+00 -1.188e+01 -2.391e+01 -1.909e+01 -2.222e+01 -1.168e+00 -1.555e+00 -1.481e+01 -2.400e+01 -5.898e+00 -1.635e+00 -6.102e+00 -2.400e+01 -1.317e+01 -8.662e+00 -3.782e+00 -4.511e+00 -5.843e+00 -2.142e+01 -1.239e+01 -1.100e+01 -6.125e+00 -2.400e+01 -1.934e+01 -2.393e+01 -2.203e+01 -8.593e-01 -5.006e+00 -5.791e+00 -2.400e+01 -1.943e+01 -2.400e+01   nan -1.234e+01 -3.038e+00 -2.632e+00 -1.660e+01 -8.455e+00 -2.400e+01 -2.431e+01 -2.400e+01 -2.400e+01 -3.973e+00 -1.787e+00 -1.038e+01 -2.400e+01 -2.400e+01 -1.940e+01 -1.927e+01 -2.069e+00 -1.527e+00 -2.291e+01 -2.400e+01 -2.400e+01 -2.400e+01 -1.405e+01 -1.040e+00 -2.639e+00 -1.559e+00 -2.060e+01 -2.400e+01 -2.393e+01 -1.715e+01 -1.859e+01 -1.405e+00 -1.331e+01 -1.539e+01 -2.400e+01   nan -2.400e+01   nan -1.222e+00 -2.829e+00 -3.125e+00 -1.446e+01 -2.400e+01   nan -1.892e+01 -1.746e+01 -2.246e+01 -3.114e+00 -1.416e+01 -5.108e+00 -2.399e+01 -2.400e+01 -2.400e+01 -2.400e+01 -2.400e+01 -2.400e+01 -3.997e+00 -3.799e+00 -4.682e+00 -1.681e+01 -6.713e+00 -2.400e+01 -2.156e+01   nan -1.792e+01 -5.218e+00 -1.583e+01 -1.551e+01 -2.400e+01 -2.400e+01 -2.400e+01 -2.117e+01 -1.886e+01 -4.740e+00 -8.157e+00 -9.433e+00 -1.082e+01 -1.614e+01 -2.400e+01 -2.400e+01   nan   nan -1.554e+01 -1.802e+01 -1.653e+01 -2.400e+01 -2.400e+01 -1.940e+01 -1.300e+01 -2.144e+01 -1.929e+01 -2.400e+01 -2.400e+01 -2.400e+01 -2.400e+01
+5.380 +4.287 17.990  9.122 0.358 0.023 0.999 -2.400e+01 -6.484e-01 -1.810e+01 -1.190e+01 -6.276e-01 -1.564e+01 -6.556e+00 -1.197e+01 -2.393e+01 -1.923e+01 -2.238e+01 -1.169e+00 -1.555e+00 -1.481e+01 -2.400e+01 -5.965e+00 -1.634e+00 -6.099e+00 -2.400e+01 -1.331e+01 -8.732e+00 -3.782e+00 -4.511e+00 -5.844e+00 -2.142e+01 -1.247e+01 -1.109e+01 -6.125e+00 -2.400e+01 -1.934e+01 -2.395e+01 -2.220e+01 -8.593e-01 -5.006e+00 -5.731e+00 -2.400e+01 -1.943e+01 -2.400e+01 -2.037e+01 -1.243e+01 -3.038e+00 -2.632e+00 -1.678e+01 -8.455e+00 -2.400e+01 -2.400e+01 -2.400e+01 -2.355e+01 -3.973e+00 -1.787e+00 -1.036e+01 -2.400e+01 -2.400e+01   nan -1.939e+01 -2.069e+00 -1.527e+00 -2.305e+01 -2.400e+01 -2.400e+01 -2.400e+01 -1.416e+01 -1.040e+00 -2.639e+00 -1.559e+00 -2.098e+01 -2.400e+01 -2.400e+01 -1.220e+01 -1.871e+01 -1.405e+00 -1.332e+01 -1.539e+01 -2.400e+01 -1.645e+01 -2.400e+01   nan -1.222e+00 -2.829e+00 -3.125e+00 -1.446e+01 -2.400e+01 -1.749e+01   nan -1.755e+01 -2.268e+01 -3.114e+00 -1.416e+01 -5.050e+00 -2.399e+01 -2.400e+01 -2.400e+01 -2.400e+01 -2.400e+01 -2.400e+01 -3.997e+00 -3.802e+00 -4.682e+00 -1.681e+01 -6.713e+00 -2.400e+01   nan -1.985e+01 -1.881e+01 -5.218e+00 -1.583e+01 -1.545e+01 -2.400e+01 -2.400e+01 -2.400e+01   nan   nan -4.740e+00 -8.157e+00 -9.433e+00 -1.082e+01 -1.613e+01 -2.400e+01 -2.400e+01 -1.845e+01 -2.012e+01 -1.561e+01 -1.802e+01 -1.653e+01 -2.400e+01 -2.400e+01   nan -1.300e+01 -2.122e+01 -1.928e+01 -2.400e+01 -2.400e+01 -2.400e+01 -2.400e+01
+5.440 +4.281 17.990  9.042 0.313 0.023 0.999 -2.400e+01 -6.485e-01 -1.810e+01 -1.186e+01 -6.276e-01 -1.563e+01 -6.599e+00 -1.207e+01 -2.394e+01 -1.941e+01 -2.255e+01 -1.169e+00 -1.555e+00 -1.481e+01 -2.400e+01 -6.046e+00 -1.633e+00 -6.095e+00 -2.400e+01 -1.348e+01 -8.819e+00 -3.782e+00 -4.511e+00 -5.845e+00 -2.142e+01 -1.257e+01 -1.119e+01 -6.125e+00 -2.400e+01 -1.934e+01 -2.397e+01 -2.240e+01 -8.593e-01 -5.006e+00 -5.671e+00 -2.400e+01 -1.943e+01 -2.400e+01   nan -1.254e+01 -3.038e+00 -2.632e+00 -1.699e+01 -8.455e+00 -2.400e+01 -2.400e+01 -2.400e+01 -2.400e+01 -3.973e+00 -1.787e+00 -1.035e+01 -2.400e+01 -2.400e+01 -1.909e+01 -1.953e+01 -2.069e+00 -1.527e+00 -2.320e+01 -2.400e+01 -2.400e+01 -2.400e+01 -1.429e+01 -1.040e+00 -2.639e+00 -1.559e+00 -2.119e+01 -2.400e+01 -2.386e+01 -1.765e+01 -1.885e+01 -1.405e+00 -1.333e+01 -1.539e+01 -2.400e+01   nan -2.400e+01   nan -1.222e+00 -2.829e+00 -3.125e+00 -1.446e+01 -2.400e+01   nan -1.861e+01 -1.766e+01 -2.294e+01 -3.114e+00 -1.416e+01 -4.991e+00 -2.399e+01 -2.400e+01 -2.400e+01 -2.400e+01 -2.400e+01 -2.400e+01 -3.997e+00 -3.805e+00 -4.682e+00 -1.681e+01 -6.713e+00 -2.400e+01 -2.159e+01   nan -1.742e+01 -5.218e+00 -1.583e+01 -1.539e+01 -2.400e+01 -2.400e+01 -2.400e+01 -2.117e+01 -1.855e+01 -4.740e+00 -8.157e+00 -9.433e+00 -1.082e+01 -1.612e+01 -2.400e+01 -2.400e+01   nan   nan   nan -1.802e+01 -1.653e+01 -2.400e+01 -2.400e+01 -1.909e+01 -1.300e+01 -2.101e+01 -1.927e+01 -2.400e+01 -2.400e+01 -2.400e+01 -2.400e+01
+5.500 +4.365 17.990  8.966 0.351 0.023 0.999 -2.400e+01 -6.485e-01 -1.809e+01 -1.182e+01 -6.276e-01 -1.562e+01 -6.643e+00 -1.217e+01 -2.395e+01 -1.957e+01 -2.271e+01 -1.169e+00 -1.555e+00 -1.481e+01 -2.400e+01 -6.122e+00 -1.632e+00 -6.093e+00 -2.400e+01 -1.364e+01 -8.901e+00 -3.782e+00 -4.511e+00 -5.846e+00 -2.142e+01 -1.266e+01 -1.128e+01 -6.125e+00 -2.400e+01 -1.934e+01 -2.398e+01 -2.259e+01 -8.593e-01 -5.006e+00 -5.611e+00 -2.400e+01 -1.943e+01 -2.400e+01 -2.009e+01 -1.264e+01 -3.038e+00 -2.632e+00 -1.723e+01 -8.455e+00 -2.400e+01 -2.400e+01 -2.400e+01 -2.112e+01 -3.973e+00 -1.787e+00 -1.033e+01 -2.400e+01 -2.400e+01   nan -1.965e+01 -2.069e+00 -1.527e+00 -2.334e+01 -2.400e+01 -2.400e+01 -2.400e+01 -1.442e+01 -1.040e+00 -2.639e+00 -1.559e+00 -2.137e+01 -2.400e+01 -2.400e+01 -1.212e+01 -1.899e+01 -1.405e+00 -1.334e+01 -1.540e+01 -2.400e+01 -1.645e+01 -2.400e+01   nan -1.222e+00 -2.829e+00 -3.125e+00 -1.446e+01 -2.400e+01 -1.720e+01   nan -1.777e+01 -2.318e+01 -3.114e+00 -1.416e+01 -4.933e+00 -2.399e+01 -2.400e+01 -2.400e+01 -2.400e+01 -2.400e+01 -2.400e+01 -3.997e+00 -3.810e+00 -4.682e+00 -1.681e+01 -6.713e+00 -2.400e+01   nan -1.956e+01 -1.896e+01 -5.218e+00 -1.583e+01 -1.533e+01 -2.400e+01 -2.400e+01 -2.400e+01   nan   nan -4.740e+00 -8.157e+00 -9.433e+00 -1.082e+01 -1.611e+01 -2.400e+01 -2.400e+01 -1.816e+01 -1.984e+01 -1.534e+01 -1.802e+01 -1.653e+01 -2.400e+01 -2.400e+01   nan -1.300e+01 -2.144e+01 -1.925e+01 -2.400e+01 -2.400e+01 -2.400e+01 -2.400e+01
+5.560 +4.381 17.990  8.887 0.313 0.023 0.999 -2.400e+01 -6.485e-01 -1.809e+01 -1.178e+01 -6.276e-01 -1.561e+01 -6.686e+00 -1.228e+01 -2.396e+01 -1.974e+01 -2.288e+01 -1.169e+00 -1.555e+00 -1.481e+01 -2.400e+01 -6.202e+00 -1.631e+00 -6.090e+00 -2.400e+01 -1.381e+01 -8.987e+00 -3.782e+00 -4.511e+00 -5.846e+00 -2.142e+01 -1.275e+01 -1.138e+01 -6.125e+00 -2.400e+01 -1.934e+01 -2.399e+01 -2.278e+01 -8.593e-01 -5.006e+00 -5.551e+00 -2.400e+01 -1.943e+01 -2.400e+01   nan -1.275e+01 -3.038e+00 -2.632e+00 -1.751e+01 -8.455e+00 -2.400e+01 -2.420e+01 -2.400e+01   nan -3.973e+00 -1.787e+00 -1.031e+01 -2.400e+01 -2.400e+01 -1.879e+01 -1.978e+01 -2.069e+00 -1.527e+00 -2.348e+01 -2.400e+01 -2.400e+01 -2.400e+01 -1.455e+01 -1.040e+00 -2.639e+00 -1.559e+00 -2.156e+01 -2.400e+01 -2.383e+01 -1.782e+01 -1.913e+01 -1.405e+00 -1.335e+01 -1.541e+01 -2.400e+01   nan -2.400e+01   nan -1.222e+00 -2.829e+00 -3.125e+00 -1.446e+01 -2.400e+01   nan -1.832e+01 -1.788e+01 -2.341e+01 -3.114e+00 -1.416e+01 -4.876e+00 -2.400e+01 -2.400e+01 -2.400e+01 -2.400e+01 -2.400e+01 -2.400e+01 -3.997e+00 -3.814e+00 -4.682e+00 -1.681e+01 -6.713e+00 -2.400e+01 -2.164e+01   nan -1.730e+01 -5.218e+00 -1.583e+01 -1.527e+01 -2.400e+01 -2.400e+01 -2.400e+01 -2.117e+01 -1.826e+01 -4.740e+00 -8.157e+00 -9.433e+00 -1.082e+01 -1.610e+01 -2.400e+01 -2.400e+01   nan   nan   nan -1.802e+01 -1.653e+01 -2.400e+01 -2.400e+01 -1.880e+01 -1.300e+01 -2.076e+01 -1.925e+01 -2.400e+01 -2.400e+01 -2.400e+01 -2.400e+01
+5.620 +4.518 17.990  8.813 0.321 0.023 0.999 -2.400e+01 -6.485e-01 -1.809e+01 -1.175e+01 -6.276e-01 -1.561e+01 -6.730e+00 -1.237e+01 -2.397e+01 -1.991e+01 -2.303e+01 -1.170e+00 -1.556e+00 -1.481e+01 -2.400e+01 -6.276e+00 -1.630e+00 -6.088e+00 -2.400e+01 -1.397e+01 -9.067e+00 -3.782e+00 -4.511e+00 -5.847e+00 -2.142e+01 -1.284e+01 -1.147e+01 -6.125e+00 -2.400e+01 -1.934e+01 -2.399e+01 -2.295e+01 -8.593e-01 -5.006e+00 -5.491e+00 -2.400e+01 -1.943e+01 -2.400e+01 -1.985e+01 -1.285e+01 -3.038e+00 -2.632e+00 -1.783e+01 -8.455e+00 -2.400e+01 -2.400e+01 -2.400e+01 -2.020e+01 -3.973e+00 -1.787e+00 -1.029e+01 -2.400e+01 -2.400e+01   nan -1.990e+01 -2.069e+00 -1.527e+00 -2.358e+01 -2.400e+01 -2.400e+01 -2.400e+01 -1.468e+01 -1.040e+00 -2.639e+00 -1.559e+00 -2.174e+01 -2.400e+01   nan -1.197e+01 -1.926e+01 -1.405e+00 -1.336e+01 -1.541e+01 -2.400e+01 -1.645e+01 -2.400e+01   nan -1.222e+00 -2.829e+00 -3.125e+00 -1.447e+01 -2.400e+01 -1.697e+01   nan -1.799e+01 -2.359e+01 -3.114e+00 -1.416e+01 -4.818e+00 -2.400e+01 -2.400e+01 -2.400e+01 -2.400e+01 -2.400e+01 -2.400e+01 -3.997e+00 -3.820e+00 -4.682e+00 -1.681e+01 -6.713e+00 -2.288e+01   nan -1.932e+01 -1.909e+01 -5.218e+00 -1.583e+01 -1.521e+01 -2.400e+01 -2.400e+01 -2.400e+01   nan   nan -4.740e+00 -8.157e+00 -9.433e+00 -1.082e+01 -1.608e+01 -2.400e+01 -2.400e+01 -1.793e+01 -1.960e+01 -1.503e+01 -1.802e+01 -1.653e+01 -2.400e+01 -2.400e+01   nan -1.300e+01 -2.134e+01 -1.921e+01 -2.400e+01 -2.400e+01 -2.400e+01 -2.400e+01
+5.680 +4.535 17.990  8.732 0.291 0.023 0.999 -2.400e+01 -6.485e-01 -1.809e+01 -1.171e+01 -6.276e-01 -1.560e+01 -6.774e+00 -1.248e+01 -2.398e+01 -2.008e+01 -2.319e+01 -1.170e+00 -1.556e+00 -1.481e+01 -2.400e+01 -6.356e+00 -1.629e+00 -6.085e+00 -2.400e+01 -1.413e+01 -9.153e+00 -3.782e+00 -4.511e+00 -5.848e+00 -2.142e+01 -1.294e+01 -1.157e+01 -6.125e+00 -2.400e+01 -1.934e+01 -2.399e+01 -2.313e+01 -8.593e-01 -5.006e+00 -5.431e+00 -2.400e+01 -1.943e+01 -2.400e+01   nan -1.296e+01 -3.039e+00 -2.632e+00 -1.820e+01 -8.455e+00 -2.400e+01 -2.400e+01 -2.400e+01   nan -3.973e+00 -1.787e+00 -1.027e+01 -2.400e+01 -2.400e+01 -1.858e+01 -2.003e+01 -2.069e+00 -1.527e+00 -2.369e+01 -2.400e+01 -2.400e+01 -2.400e+01 -1.481e+01 -1.040e+00 -2.639e+00 -1.559e+00 -2.191e+01 -2.400e+01 -1.928e+01 -1.791e+01 -1.940e+01 -1.405e+00 -1.338e+01 -1.542e+01 -2.400e+01   nan -2.400e+01   nan -1.222e+00 -2.829e+00 -3.125e+00 -1.447e+01 -2.400e+01   nan -1.811e+01 -1.810e+01 -2.375e+01 -3.114e+00 -1.416e+01 -4.761e+00 -2.400e+01 -2.400e+01 -2.400e+01 -2.400e+01 -2.400e+01 -2.397e+01 -3.997e+00 -3.826e+00 -4.682e+00 -1.681e+01 -6.713e+00 -2.401e+01 -2.177e+01   nan -1.711e+01 -5.218e+00 -1.583e+01 -1.515e+01 -2.400e+01 -2.400e+01 -2.400e+01 -2.117e+01 -1.805e+01 -4.740e+00 -8.157e+00 -9.433e+00 -1.082e+01 -1.607e+01 -2.400e+01 -2.400e+01   nan   nan   nan -1.802e+01 -1.653e+01 -2.400e+01 -2.400e+01 -1.859e+01 -1.300e+01 -2.061e+01 -1.920e+01 -2.400e+01 -2.400e+01 -2.400e+01 -2.400e+01
+5.740 +4.580 17.990  8.654 0.313 0.022 0.999 -2.400e+01 -6.485e-01 -1.808e+01 -1.167e+01 -6.276e-01 -1.559e+01 -6.818e+00 -1.258e+01 -2.398e+01 -2.025e+01 -2.333e+01 -1.170e+00 -1.556e+00 -1.481e+01 -2.400e+01 -6.436e+00 -1.628e+00 -6.083e+00 -2.400e+01 -1.430e+01 -9.239e+00 -3.782e+00 -4.511e+00 -5.849e+00 -2.142e+01 -1.303e+01 -1.167e+01 -6.125e+00 -2.400e+01 -1.934e+01 -2.400e+01 -2.330e+01 -8.593e-01 -5.006e+00 -5.371e+00 -2.400e+01 -1.943e+01 -2.400e+01 -1.958e+01 -1.306e+01 -3.039e+00 -2.632e+00 -1.863e+01 -8.455e+00 -2.400e+01 -2.377e+01 -2.400e+01 -1.976e+01 -3.973e+00 -1.787e+00 -1.024e+01 -2.400e+01 -2.400e+01   nan -2.016e+01 -2.069e+00 -1.527e+00 -2.377e+01 -2.400e+01 -2.400e+01 -2.400e+01 -1.494e+01 -1.040e+00 -2.639e+00 -1.559e+00 -2.209e+01 -2.400e+01   nan -1.191e+01 -1.954e+01 -1.405e+00 -1.339e+01 -1.543e+01 -2.400e+01 -1.645e+01 -2.400e+01   nan -1.222e+00 -2.829e+00 -3.125e+00 -1.447e+01 -2.400e+01 -1.670e+01   nan -1.822e+01 -2.385e+01 -3.114e+00 -1.416e+01 -4.705e+00 -2.400e+01 -2.400e+01 -2.400e+01 -2.400e+01 -2.400e+01 -2.397e+01 -3.997e+00 -3.833e+00 -4.682e+00 -1.681e+01 -6.713e+00   nan   nan -1.905e+01 -1.911e+01 -5.218e+00 -1.583e+01 -1.509e+01 -2.400e+01 -2.400e+01 -2.400e+01   nan   nan -4.740e+00 -8.157e+00 -9.433e+00 -1.082e+01 -1.605e+01 -2.400e+01 -2.400e+01 -1.766e+01 -1.933e+01 -1.481e+01 -1.802e+01 -1.653e+01 -2.400e+01 -2.400e+01   nan -1.300e+01 -2.123e+01 -1.915e+01 -2.400e+01 -2.400e+01 -2.400e+01 -2.400e+01
+5.800 +4.465 17.990  8.568 0.284 0.022 0.999 -2.400e+01 -6.485e-01 -1.808e+01 -1.163e+01 -6.276e-01 -1.558e+01 -6.862e+00 -1.269e+01 -2.399e+01 -2.044e+01 -2.347e+01 -1.170e+00 -1.556e+00 -1.481e+01 -2.400e+01 -6.521e+00 -1.627e+00 -6.080e+00 -2.400e+01 -1.448e+01 -9.332e+00 -3.782e+00 -4.511e+00 -5.849e+00 -2.142e+01 -1.313e+01 -1.176e+01 -6.125e+00 -2.400e+01 -1.934e+01 -2.400e+01 -2.345e+01 -8.593e-01 -5.006e+00 -5.311e+00 -2.400e+01 -1.943e+01 -2.400e+01   nan -1.318e+01 -3.039e+00 -2.632e+00 -1.914e+01 -8.455e+00 -2.400e+01 -2.400e+01 -2.400e+01   nan -3.973e+00 -1.787e+00 -1.022e+01 -2.400e+01 -2.400e+01 -1.834e+01 -2.029e+01 -2.069e+00 -1.527e+00 -2.383e+01 -2.400e+01 -2.400e+01 -2.400e+01 -1.508e+01 -1.040e+00 -2.639e+00 -1.559e+00 -2.225e+01 -2.400e+01 -1.880e+01 -1.773e+01 -1.969e+01 -1.405e+00 -1.341e+01 -1.544e+01 -2.400e+01   nan -2.400e+01   nan -1.222e+00 -2.829e+00 -3.125e+00 -1.448e+01 -2.400e+01   nan -1.787e+01 -1.835e+01 -2.392e+01 -3.114e+00 -1.416e+01 -4.649e+00 -2.400e+01 -2.400e+01 -2.400e+01 -2.400e+01 -2.400e+01 -1.732e+01 -3.997e+00 -3.841e+00 -4.682e+00 -1.681e+01 -6.713e+00 -2.168e+01 -2.221e+01   nan -1.719e+01 -5.218e+00 -1.583e+01 -1.503e+01 -2.400e+01 -2.400e+01 -2.400e+01 -2.117e+01 -1.781e+01 -4.740e+00 -8.157e+00 -9.433e+00 -1.082e+01 -1.603e+01 -2.400e+01 -2.400e+01   nan   nan   nan -1.802e+01 -1.653e+01 -2.400e+01 -2.400e+01 -1.835e+01 -1.300e+01 -2.075e+01 -1.912e+01 -2.400e+01 -2.400e+01 -2.400e+01 -2.400e+01
+5.860 +4.672 17.990  8.493 0.336 0.022 0.999 -2.400e+01 -6.485e-01 -1.808e+01 -1.159e+01 -6.276e-01 -1.558e+01 -6.906e+00 -1.279e+01 -2.399e+01 -2.060e+01 -2.358e+01 -1.170e+00 -1.556e+00 -1.481e+01 -2.400e+01 -6.595e+00 -1.627e+00 -6.078e+00 -2.400e+01 -1.463e+01 -9.411e+00 -3.782e+00 -4.511e+00 -5.850e+00 -2.142e+01 -1.322e+01 -1.185e+01 -6.125e+00 -2.400e+01 -1.934e+01 -2.400e+01 -2.358e+01 -8.593e-01 -5.006e+00 -5.251e+00 -2.400e+01 -1.943e+01 -2.400e+01 -1.940e+01 -1.328e+01 -3.039e+00 -2.632e+00 -1.973e+01 -8.455e+00 -2.400e+01 -2.400e+01 -2.400e+01 -1.953e+01 -3.973e+00 -1.787e+00 -1.019e+01 -2.400e+01 -2.400e+01   nan -2.041e+01 -2.069e+00 -1.527e+00 -2.388e+01 -2.400e+01 -2.400e+01 -2.400e+01 -1.521e+01 -1.040e+00 -2.639e+00 -1.559e+00 -2.244e+01 -2.400e+01   nan -1.182e+01 -1.982e+01 -1.405e+00 -1.344e+01 -1.546e+01 -2.400e+01 -1.645e+01 -2.400e+01   nan -1.222e+00 -2.829e+00 -3.125e+00 -1.448e+01 -2.400e+01 -1.652e+01   nan -1.846e+01 -2.396e+01 -3.114e+00 -1.416e+01 -4.593e+00 -2.400e+01 -2.400e+01 -2.400e+01 -2.400e+01 -2.400e+01 -2.358e+01 -3.997e+00 -3.850e+00 -4.682e+00 -1.681e+01 -6.713e+00   nan -2.345e+01 -1.887e+01 -1.903e+01 -5.218e+00 -1.583e+01 -1.497e+01 -2.400e+01 -2.400e+01 -2.400e+01   nan   nan -4.740e+00 -8.157e+00 -9.433e+00 -1.082e+01 -1.601e+01 -2.400e+01 -2.400e+01 -1.748e+01 -1.915e+01 -1.440e+01 -1.802e+01 -1.653e+01 -2.400e+01 -2.400e+01   nan -1.300e+01 -2.071e+01 -1.908e+01 -2.400e+01 -2.400e+01 -2.400e+01 -2.400e+01
+5.920 +4.655 17.990  8.412 0.291 0.020 0.999 -2.400e+01 -6.486e-01 -1.807e+01 -1.156e+01 -6.276e-01 -1.557e+01 -6.951e+00 -1.290e+01 -2.399e+01 -2.078e+01 -2.368e+01 -1.170e+00 -1.556e+00 -1.481e+01 -2.400e+01 -6.677e+00 -1.626e+00 -6.076e+00 -2.400e+01 -1.481e+01 -9.501e+00 -3.782e+00 -4.511e+00 -5.850e+00 -2.142e+01 -1.332e+01 -1.195e+01 -6.125e+00 -2.400e+01 -1.934e+01 -2.400e+01 -2.370e+01 -8.593e-01 -5.006e+00 -5.192e+00 -2.400e+01 -1.943e+01 -2.400e+01   nan -1.339e+01 -3.040e+00 -2.632e+00 -2.042e+01 -8.455e+00 -2.400e+01 -2.400e+01 -2.400e+01   nan -3.973e+00 -1.787e+00 -1.016e+01 -2.400e+01 -2.400e+01 -1.805e+01 -2.054e+01 -2.069e+00 -1.527e+00 -2.391e+01 -2.400e+01 -2.400e+01 -2.400e+01 -1.534e+01 -1.040e+00 -2.639e+00 -1.559e+00 -2.260e+01 -2.400e+01 -1.841e+01 -1.796e+01 -1.997e+01 -1.405e+00 -1.346e+01 -1.547e+01 -2.400e+01   nan -2.400e+01   nan -1.222e+00 -2.829e+00 -3.125e+00 -1.448e+01 -2.400e+01   nan -1.758e+01 -1.858e+01 -2.398e+01 -3.114e+00 -1.416e+01 -4.538e+00 -2.400e+01 -2.400e+01 -2.400e+01 -2.400e+01 -2.400e+01 -1.655e+01 -3.997e+00 -3.861e+00 -4.682e+00 -1.681e+01 -6.713e+00 -2.113e+01   nan   nan -1.697e+01 -5.218e+00 -1.583e+01 -1.491e+01 -2.400e+01 -2.400e+01 -2.400e+01 -2.117e+01 -1.752e+01 -4.740e+00 -8.157e+00 -9.433e+00 -1.082e+01 -1.599e+01 -2.400e+01 -2.400e+01   nan   nan   nan -1.802e+01 -1.653e+01 -2.400e+01 -2.400e+01 -1.806e+01 -1.300e+01 -2.044e+01 -1.904e+01 -2.400e+01 -2.400e+01 -2.400e+01 -2.400e+01
+5.980 +4.846 17.990  8.337 0.328 0.020 0.999 -2.400e+01 -6.486e-01 -1.807e+01 -1.152e+01 -6.276e-01 -1.556e+01 -6.995e+00 -1.300e+01 -2.399e+01 -2.094e+01 -2.376e+01 -1.171e+00 -1.556e+00 -1.482e+01 -2.400e+01 -6.751e+00 -1.625e+00 -6.075e+00 -2.400e+01 -1.496e+01 -9.581e+00 -3.782e+00 -4.511e+00 -5.851e+00 -2.142e+01 -1.341e+01 -1.204e+01 -6.125e+00 -2.400e+01 -1.934e+01 -2.400e+01 -2.378e+01 -8.593e-01 -5.006e+00 -5.132e+00 -2.400e+01 -1.943e+01 -2.400e+01 -1.917e+01 -1.349e+01 -3.040e+00 -2.632e+00 -2.122e+01 -8.455e+00 -2.400e+01 -2.400e+01 -2.400e+01 -1.925e+01 -3.973e+00 -1.787e+00 -1.013e+01 -2.400e+01 -2.400e+01   nan -2.066e+01 -2.069e+00 -1.527e+00 -2.394e+01 -2.400e+01 -2.400e+01 -2.400e+01 -1.547e+01 -1.040e+00 -2.639e+00 -1.559e+00 -2.273e+01 -2.400e+01   nan -1.164e+01 -2.010e+01 -1.405e+00 -1.349e+01 -1.549e+01 -2.400e+01 -1.645e+01 -2.400e+01   nan -1.222e+00 -2.829e+00 -3.125e+00 -1.449e+01 -2.400e+01 -1.628e+01   nan -1.869e+01 -2.399e+01 -3.114e+00 -1.416e+01 -4.484e+00 -2.400e+01 -2.400e+01 -2.400e+01 -2.400e+01 -2.400e+01 -2.343e+01 -3.997e+00 -3.873e+00 -4.682e+00 -1.681e+01 -6.713e+00   nan -2.167e+01 -1.863e+01 -1.928e+01 -5.218e+00 -1.583e+01 -1.485e+01 -2.400e+01 -2.400e+01 -2.400e+01   nan   nan -4.740e+00 -8.157e+00 -9.433e+00 -1.082e+01 -1.597e+01 -2.400e+01 -2.400e+01 -1.724e+01 -1.892e+01 -1.487e+01 -1.802e+01 -1.653e+01 -2.400e+01 -2.400e+01   nan -1.300e+01   nan -1.897e+01 -2.400e+01 -2.400e+01 -2.400e+01 -2.400e+01
+6.040 +4.625 17.990  8.248 0.284 0.020 0.999 -2.400e+01 -6.486e-01 -1.807e+01 -1.148e+01 -6.276e-01 -1.555e+01 -7.039e+00 -1.311e+01 -2.399e+01 -2.113e+01 -2.384e+01 -1.171e+00 -1.557e+00 -1.482e+01 -2.400e+01 -6.842e+00 -1.625e+00 -6.072e+00 -2.400e+01 -1.515e+01 -9.680e+00 -3.782e+00 -4.511e+00 -5.851e+00 -2.142e+01 -1.352e+01 -1.215e+01 -6.125e+00 -2.400e+01 -1.934e+01 -2.400e+01 -2.386e+01 -8.593e-01 -5.006e+00 -5.072e+00 -2.400e+01 -1.943e+01 -2.400e+01   nan -1.361e+01 -3.041e+00 -2.632e+00 -2.218e+01 -8.455e+00 -2.400e+01 -2.400e+01 -2.400e+01   nan -3.973e+00 -1.787e+00 -1.010e+01 -2.400e+01 -2.400e+01 -1.779e+01 -2.080e+01 -2.069e+00 -1.527e+00 -2.396e+01 -2.400e+01 -2.400e+01 -2.400e+01 -1.562e+01 -1.040e+00 -2.639e+00 -1.559e+00 -2.292e+01 -2.400e+01 -1.811e+01 -1.783e+01 -2.026e+01 -1.405e+00 -1.353e+01 -1.551e+01 -2.400e+01   nan -2.400e+01   nan -1.222e+00 -2.829e+00 -3.125e+00 -1.449e+01 -2.400e+01   nan -1.732e+01 -1.883e+01 -2.400e+01 -3.114e+00 -1.416e+01 -4.431e+00 -2.400e+01 -2.400e+01 -2.400e+01 -2.400e+01 -2.400e+01 -1.621e+01 -3.997e+00 -3.887e+00 -4.682e+00 -1.681e+01 -6.713e+00 -2.078e+01   nan   nan -1.700e+01 -5.218e+00 -1.583e+01 -1.479e+01 -2.400e+01 -2.400e+01 -2.400e+01 -2.117e+01 -1.726e+01 -4.740e+00 -8.157e+00 -9.433e+00 -1.082e+01 -1.594e+01 -2.400e+01 -2.400e+01   nan   nan   nan -1.802e+01 -1.653e+01 -2.400e+01 -2.400e+01 -1.780e+01 -1.300e+01 -2.078e+01 -1.892e+01 -2.400e+01 -2.400e+01 -2.400e+01 -2.400e+01
+6.100 +5.008 17.990  8.159 0.336 0.020 0.999 -2.400e+01 -6.486e-01 -1.807e+01 -1.144e+01 -6.276e-01 -1.553e+01 -7.083e+00 -1.321e+01 -2.400e+01 -2.131e+01 -2.389e+01 -1.171e+00 -1.557e+00 -1.482e+01 -2.400e+01 -6.928e+00 -1.624e+00 -6.070e+00 -2.400e+01 -1.533e+01 -9.773e+00 -3.782e+00 -4.511e+00 -5.852e+00 -2.142e+01 -1.362e+01 -1.225e+01 -6.125e+00 -2.400e+01 -1.934e+01 -2.400e+01 -2.391e+01 -8.593e-01 -5.006e+00 -5.012e+00 -2.400e+01 -1.943e+01 -2.400e+01 -1.896e+01 -1.373e+01 -3.041e+00 -2.632e+00 -2.315e+01 -8.455e+00 -2.400e+01 -2.400e+01 -2.400e+01 -1.903e+01 -3.973e+00 -1.787e+00 -1.007e+01 -2.400e+01 -2.400e+01   nan -2.094e+01 -2.069e+00 -1.527e+00 -2.397e+01 -2.400e+01 -2.400e+01 -2.400e+01 -1.576e+01 -1.040e+00 -2.639e+00 -1.559e+00 -2.306e+01 -2.400e+01   nan -1.148e+01 -2.041e+01 -1.405e+00 -1.357e+01 -1.553e+01 -2.400e+01 -1.645e+01 -2.400e+01   nan -1.222e+00 -2.829e+00 -3.125e+00 -1.450e+01 -2.400e+01 -1.607e+01   nan -1.896e+01 -2.400e+01 -3.114e+00 -1.416e+01 -4.378e+00 -2.400e+01 -2.400e+01 -2.400e+01 -2.400e+01 -2.400e+01 -2.325e+01 -3.997e+00 -3.904e+00 -4.682e+00 -1.681e+01 -6.713e+00   nan -2.128e+01 -1.842e+01 -1.941e+01 -5.218e+00 -1.583e+01 -1.473e+01 -2.400e+01 -2.400e+01 -2.400e+01   nan   nan -4.740e+00 -8.157e+00 -9.433e+00 -1.082e+01 -1.592e+01 -2.400e+01 -2.400e+01 -1.704e+01 -1.871e+01   nan -1.802e+01 -1.653e+01 -2.400e+01 -2.400e+01   nan -1.300e+01   nan -1.884e+01 -2.400e+01 -2.400e+01 -2.400e+01 -2.400e+01
+6.160 +4.505 17.990  8.042 0.276 0.020 0.999 -2.400e+01 -6.486e-01 -1.806e+01 -1.141e+01 -6.276e-01 -1.550e+01 -7.126e+00 -1.335e+01 -2.400e+01 -2.156e+01 -2.393e+01 -1.171e+00 -1.557e+00 -1.482e+01 -2.400e+01 -7.050e+00 -1.623e+00 -6.067e+00 -2.400e+01 -1.559e+01 -9.906e+00 -3.782e+00 -4.511e+00 -5.852e+00 -2.142e+01 -1.377e+01 -1.240e+01 -6.125e+00 -2.400e+01 -1.934e+01 -2.400e+01 -2.395e+01 -8.593e-01 -5.006e+00 -4.953e+00 -2.400e+01 -1.943e+01 -2.400e+01   nan -1.389e+01 -3.042e+00 -2.632e+00 -2.365e+01 -8.455e+00 -2.400e+01 -2.400e+01 -2.400e+01   nan -3.973e+00 -1.787e+00 -1.004e+01 -2.400e+01 -2.400e+01 -1.750e+01 -2.113e+01 -2.069e+00 -1.527e+00 -2.398e+01 -2.400e+01 -2.400e+01 -2.400e+01 -1.597e+01 -1.040e+00 -2.639e+00 -1.559e+00 -2.326e+01 -2.400e+01 -1.780e+01 -1.762e+01 -2.063e+01 -1.405e+00 -1.361e+01 -1.556e+01 -2.400e+01   nan -2.400e+01   nan -1.222e+00 -2.829e+00 -3.125e+00 -1.451e+01 -2.400e+01   nan -1.703e+01 -1.916e+01 -2.400e+01 -3.114e+00 -1.416e+01 -4.327e+00 -2.400e+01 -2.400e+01 -2.400e+01 -2.400e+01 -2.400e+01 -1.592e+01 -3.997e+00 -3.922e+00 -4.682e+00 -1.681e+01 -6.713e+00 -2.043e+01   nan   nan -1.708e+01 -5.218e+00 -1.583e+01 -1.467e+01 -2.400e+01 -2.400e+01 -2.400e+01 -2.117e+01 -1.697e+01 -4.740e+00 -8.157e+00 -9.433e+00 -1.082e+01 -1.589e+01 -2.400e+01 -2.400e+01   nan   nan   nan -1.802e+01 -1.652e+01 -2.400e+01 -2.400e+01 -1.751e+01 -1.300e+01   nan -1.878e+01 -2.400e+01 -2.400e+01 -2.400e+01 -2.400e+01
+6.220 +5.220 17.990  7.980 0.336 0.020 0.999 -2.400e+01 -6.486e-01 -1.806e+01 -1.137e+01 -6.276e-01 -1.550e+01 -7.166e+00 -1.343e+01 -2.400e+01 -2.167e+01 -2.395e+01 -1.171e+00 -1.557e+00 -1.482e+01 -2.400e+01 -7.107e+00 -1.623e+00 -6.066e+00 -2.400e+01 -1.571e+01 -9.968e+00 -3.782e+00 -4.511e+00 -5.852e+00 -2.142e+01 -1.383e+01 -1.247e+01 -6.125e+00 -2.400e+01 -1.934e+01 -2.400e+01 -2.397e+01 -8.593e-01 -5.006e+00 -4.893e+00 -2.400e+01 -1.943e+01 -2.400e+01 -1.864e+01 -1.397e+01 -3.043e+00 -2.632e+00 -2.379e+01 -8.455e+00 -2.400e+01 -2.400e+01 -2.400e+01 -1.869e+01 -3.973e+00 -1.787e+00 -9.999e+00 -2.400e+01 -2.400e+01   nan -2.122e+01 -2.069e+00 -1.527e+00 -2.399e+01 -2.400e+01 -2.400e+01 -2.400e+01 -1.607e+01 -1.040e+00 -2.639e+00 -1.559e+00 -2.336e+01 -2.400e+01   nan -1.111e+01 -2.073e+01 -1.405e+00 -1.367e+01 -1.559e+01 -2.400e+01 -1.645e+01 -2.400e+01   nan -1.222e+00 -2.829e+00 -3.125e+00 -1.452e+01 -2.400e+01 -1.576e+01   nan -1.925e+01 -2.400e+01 -3.114e+00 -1.416e+01 -4.277e+00 -2.400e+01 -2.400e+01 -2.400e+01 -2.400e+01 -2.400e+01 -2.343e+01 -3.997e+00 -3.944e+00 -4.682e+00 -1.681e+01 -6.713e+00   nan -2.085e+01 -1.811e+01 -1.995e+01 -5.218e+00 -1.583e+01 -1.461e+01 -2.400e+01 -2.400e+01 -2.400e+01   nan   nan -4.740e+00 -8.157e+00 -9.433e+00 -1.081e+01 -1.585e+01 -2.400e+01 -2.400e+01 -1.672e+01 -1.839e+01 -1.369e+01 -1.802e+01 -1.652e+01 -2.400e+01 -2.400e+01   nan -1.300e+01   nan -1.861e+01 -2.400e+01 -2.400e+01 -2.400e+01 -2.400e+01
+6.280 +4.397 17.990  7.836 0.276 0.020 0.999 -2.400e+01 -6.486e-01 -1.805e+01 -1.133e+01 -6.276e-01 -1.545e+01 -7.206e+00 -1.359e+01 -2.400e+01 -2.197e+01 -2.397e+01 -1.171e+00 -1.557e+00 -1.482e+01 -2.400e+01 -7.258e+00 -1.622e+00 -6.064e+00 -2.400e+01 -1.602e+01 -1.013e+01 -3.782e+00 -4.511e+00 -5.852e+00 -2.142e+01 -1.402e+01 -1.264e+01 -6.125e+00 -2.400e+01 -1.934e+01 -2.400e+01 -2.398e+01 -8.593e-01 -5.006e+00 -4.833e+00 -2.400e+01 -1.943e+01 -2.400e+01   nan -1.418e+01 -3.044e+00 -2.632e+00 -2.386e+01 -8.455e+00 -2.400e+01 -2.400e+01 -2.400e+01   nan -3.973e+00 -1.787e+00 -9.961e+00 -2.400e+01 -2.400e+01 -1.737e+01 -2.145e+01 -2.069e+00 -1.527e+00 -2.399e+01 -2.400e+01 -2.400e+01 -2.400e+01 -1.632e+01 -1.040e+00 -2.639e+00 -1.559e+00 -2.352e+01 -2.400e+01 -1.767e+01 -1.705e+01 -2.100e+01 -1.405e+00 -1.373e+01 -1.562e+01 -2.400e+01   nan -2.400e+01   nan -1.222e+00 -2.829e+00 -3.125e+00 -1.453e+01 -2.400e+01   nan -1.690e+01 -1.950e+01 -2.400e+01 -3.114e+00 -1.416e+01 -4.228e+00 -2.400e+01 -2.400e+01 -2.400e+01 -2.400e+01 -2.400e+01 -1.592e+01 -3.997e+00 -3.968e+00 -4.682e+00 -1.681e+01 -6.713e+00 -2.029e+01   nan   nan -1.724e+01 -5.218e+00 -1.583e+01 -1.455e+01 -2.400e+01 -2.400e+01 -2.400e+01 -2.117e+01 -1.684e+01 -4.740e+00 -8.157e+00 -9.433e+00 -1.080e+01 -1.582e+01 -2.400e+01 -2.400e+01   nan   nan   nan -1.802e+01 -1.652e+01 -2.400e+01 -2.400e+01 -1.738e+01 -1.300e+01   nan -1.844e+01 -2.400e+01 -2.400e+01 -2.400e+01 -2.400e+01
+6.340 +5.333 17.990  7.768 0.306 0.020 0.999 -2.400e+01 -6.486e-01 -1.805e+01 -1.129e+01 -6.276e-01 -1.543e+01 -7.244e+00 -1.367e+01 -2.400e+01 -2.211e+01 -2.398e+01 -1.171e+00 -1.557e+00 -1.482e+01 -2.400e+01 -7.330e+00 -1.622e+00 -6.063e+00 -2.400e+01 -1.618e+01 -1.021e+01 -3.782e+00 -4.511e+00 -5.853e+00 -2.142e+01 -1.410e+01 -1.274e+01 -6.125e+00 -2.400e+01 -1.934e+01 -2.400e+01 -2.399e+01 -8.593e-01 -5.006e+00 -4.774e+00 -2.400e+01 -1.943e+01 -2.400e+01   nan -1.427e+01 -3.045e+00 -2.632e+00 -2.390e+01 -8.455e+00 -2.400e+01 -2.400e+01 -2.400e+01   nan -3.973e+00 -1.787e+00 -9.920e+00 -2.400e+01 -2.400e+01 -1.725e+01 -2.147e+01 -2.069e+00 -1.527e+00 -2.399e+01 -2.400e+01 -2.400e+01 -2.400e+01 -1.644e+01 -1.040e+00 -2.639e+00 -1.559e+00 -2.363e+01 -2.400e+01 -1.754e+01 -1.878e+01 -2.111e+01 -1.405e+00 -1.380e+01 -1.566e+01 -2.400e+01   nan -2.400e+01   nan -1.222e+00 -2.829e+00 -3.125e+00 -1.454e+01 -2.400e+01   nan -1.678e+01 -1.961e+01 -2.400e+01 -3.114e+00 -1.416e+01 -4.181e+00 -2.400e+01 -2.400e+01 -2.400e+01 -2.400e+01 -2.400e+01 -1.497e+01 -3.997e+00 -3.997e+00 -4.682e+00 -1.681e+01 -6.713e+00 -2.016e+01   nan   nan -1.625e+01 -5.218e+00 -1.583e+01 -1.449e+01 -2.400e+01 -2.400e+01 -2.400e+01 -2.117e+01 -1.672e+01 -4.740e+00 -8.157e+00 -9.433e+00 -1.080e+01 -1.578e+01 -2.400e+01 -2.400e+01   nan   nan -1.286e+01 -1.802e+01 -1.652e+01 -2.400e+01 -2.400e+01 -1.726e+01 -1.300e+01 -1.903e+01 -1.838e+01 -2.400e+01 -2.400e+01 -2.400e+01 -2.400e+01
+6.400 +5.095 17.990  7.650 0.313 0.020 0.999 -2.400e+01 -6.486e-01 -1.805e+01 -1.126e+01 -6.276e-01 -1.539e+01 -7.280e+00 -1.380e+01 -2.400e+01 -2.235e+01 -2.399e+01 -1.171e+00 -1.557e+00 -1.482e+01 -2.400e+01 -7.452e+00 -1.621e+00 -6.062e+00 -2.400e+01 -1.643e+01 -1.035e+01 -3.782e+00 -4.511e+00 -5.853e+00 -2.142e+01 -1.425e+01 -1.289e+01 -6.125e+00 -2.400e+01 -1.934e+01 -2.400e+01 -2.400e+01 -8.593e-01 -5.006e+00 -4.715e+00 -2.400e+01 -1.943e+01 -2.400e+01   nan -1.444e+01 -3.046e+00 -2.632e+00 -2.394e+01 -8.455e+00 -2.400e+01   nan -2.400e+01   nan -3.973e+00 -1.787e+00 -9.877e+00 -2.400e+01 -2.400e+01 -1.708e+01 -2.168e+01 -2.069e+00 -1.527e+00 -2.400e+01 -2.400e+01 -2.400e+01 -2.400e+01 -1.665e+01 -1.040e+00 -2.639e+00 -1.559e+00 -2.373e+01 -2.400e+01 -1.737e+01 -1.860e+01 -2.133e+01 -1.405e+00 -1.388e+01 -1.570e+01 -2.400e+01   nan -2.400e+01   nan -1.222e+00 -2.829e+00 -3.125e+00 -1.455e+01 -2.400e+01   nan -1.662e+01 -1.982e+01 -2.400e+01 -3.114e+00 -1.416e+01 -4.136e+00 -2.400e+01 -2.400e+01 -2.400e+01 -2.400e+01 -2.400e+01 -1.495e+01 -3.997e+00 -4.029e+00 -4.682e+00 -1.681e+01 -6.713e+00 -1.999e+01   nan   nan -1.650e+01 -5.218e+00 -1.583e+01 -1.443e+01 -2.400e+01 -2.400e+01 -2.400e+01 -2.117e+01 -1.655e+01 -4.740e+00 -8.157e+00 -9.433e+00 -1.078e+01 -1.575e+01 -2.400e+01 -2.400e+01   nan   nan   nan -1.803e+01 -1.651e+01 -2.400e+01 -2.400e+01 -1.709e+01 -1.300e+01 -1.944e+01 -1.834e+01 -2.400e+01 -2.400e+01 -2.400e+01 -2.400e+01
+6.460 +4.428 17.990  7.471 0.299 0.020 0.999 -2.400e+01 -6.486e-01 -1.804e+01 -1.122e+01 -6.276e-01 -1.535e+01 -7.315e+00 -1.393e+01 -2.400e+01 -2.257e+01 -2.399e+01 -1.172e+00 -1.557e+00 -1.482e+01 -2.400e+01 -7.572e+00 -1.621e+00 -6.061e+00 -2.400e+01 -1.668e+01 -1.048e+01 -3.782e+00 -4.511e+00 -5.853e+00 -2.142e+01 -1.439e+01 -1.303e+01 -6.125e+00 -2.400e+01 -1.934e+01 -2.400e+01 -2.400e+01 -8.593e-01 -5.006e+00 -4.655e+00 -2.400e+01 -1.943e+01 -2.400e+01 -1.828e+01 -1.460e+01 -3.047e+00 -2.632e+00 -2.395e+01 -8.455e+00 -2.400e+01 -2.400e+01 -2.400e+01 -1.833e+01 -3.973e+00 -1.787e+00 -9.832e+00 -2.400e+01 -2.400e+01   nan -2.196e+01 -2.069e+00 -1.527e+00 -2.400e+01 -2.400e+01 -2.400e+01 -2.400e+01 -1.685e+01 -1.040e+00 -2.639e+00 -1.559e+00 -2.381e+01 -2.400e+01   nan -1.200e+01 -2.157e+01 -1.405e+00 -1.397e+01 -1.576e+01 -2.400e+01 -1.645e+01 -2.400e+01   nan -1.222e+00 -2.829e+00 -3.125e+00 -1.457e+01 -2.400e+01 -1.539e+01   nan -2.002e+01 -2.400e+01 -3.114e+00 -1.416e+01 -4.092e+00 -2.400e+01 -2.400e+01 -2.400e+01 -2.400e+01 -2.400e+01 -2.163e+01 -3.997e+00 -4.066e+00 -4.682e+00 -1.681e+01 -6.713e+00   nan -2.044e+01 -1.774e+01 -1.862e+01 -5.218e+00 -1.583e+01 -1.437e+01 -2.400e+01 -2.400e+01 -2.400e+01   nan   nan -4.740e+00 -8.156e+00 -9.433e+00 -1.082e+01 -1.571e+01 -2.400e+01 -2.400e+01 -1.636e+01 -1.803e+01 -1.294e+01 -1.803e+01 -1.651e+01 -2.400e+01 -2.400e+01   nan -1.300e+01 -2.008e+01 -1.830e+01 -2.400e+01 -2.400e+01 -2.400e+01 -2.400e+01
+6.520 +5.092 17.990  7.444 0.313 0.020 0.999 -2.400e+01 -6.486e-01 -1.804e+01 -1.118e+01 -6.276e-01 -1.532e+01 -7.348e+00 -1.403e+01 -2.400e+01 -2.275e+01 -2.400e+01 -1.172e+00 -1.557e+00 -1.482e+01 -2.400e+01 -7.666e+00 -1.621e+00 -6.061e+00 -2.400e+01 -1.688e+01 -1.058e+01 -3.782e+00 -4.511e+00 -5.853e+00 -2.142e+01 -1.451e+01 -1.315e+01 -6.125e+00 -2.400e+01 -1.934e+01 -2.400e+01 -2.400e+01 -8.593e-01 -5.006e+00 -4.596e+00 -2.400e+01 -1.943e+01 -2.400e+01   nan -1.473e+01 -3.049e+00 -2.632e+00 -2.397e+01 -8.455e+00 -2.400e+01 -2.400e+01 -2.400e+01   nan -3.973e+00 -1.787e+00 -9.784e+00 -2.400e+01 -2.400e+01 -1.685e+01 -2.193e+01 -2.069e+00 -1.527e+00 -2.400e+01 -2.400e+01 -2.400e+01 -2.400e+01 -1.701e+01 -1.040e+00 -2.639e+00 -1.559e+00 -2.386e+01 -2.400e+01 -1.713e+01 -1.859e+01 -2.167e+01 -1.405e+00 -1.408e+01 -1.582e+01 -2.400e+01   nan -2.400e+01   nan -1.222e+00 -2.829e+00 -3.125e+00 -1.458e+01 -2.400e+01   nan -1.639e+01 -2.018e+01 -2.400e+01 -3.114e+00 -1.416e+01 -4.051e+00 -2.400e+01 -2.400e+01 -2.400e+01 -2.400e+01 -2.400e+01 -1.471e+01 -3.997e+00 -4.109e+00 -4.682e+00 -1.681e+01 -6.713e+00 -1.975e+01   nan   nan -1.650e+01 -5.218e+00 -1.583e+01 -1.431e+01 -2.400e+01 -2.400e+01 -2.400e+01 -2.117e+01 -1.632e+01 -4.740e+00 -8.156e+00 -9.433e+00 -1.086e+01 -1.567e+01 -2.400e+01 -2.400e+01   nan   nan   nan -1.803e+01 -1.650e+01 -2.400e+01 -2.400e+01 -1.686e+01 -1.300e+01 -1.949e+01 -1.827e+01 -2.400e+01 -2.400e+01 -2.400e+01 -2.400e+01
+6.580 +4.260 17.990  7.021 0.276 0.020 0.999 -2.400e+01 -6.486e-01 -1.804e+01 -1.115e+01 -6.276e-01 -1.528e+01 -7.379e+00 -1.415e+01 -2.400e+01 -2.296e+01 -2.400e+01 -1.172e+00 -1.557e+00 -1.482e+01 -2.400e+01 -7.784e+00 -1.621e+00 -6.060e+00 -2.400e+01 -1.713e+01 -1.071e+01 -3.782e+00 -4.511e+00 -5.853e+00 -2.142e+01 -1.465e+01 -1.328e+01 -6.125e+00 -2.400e+01 -1.934e+01 -2.400e+01 -2.400e+01 -8.593e-01 -5.006e+00 -4.537e+00 -2.400e+01 -1.943e+01 -2.400e+01 -1.821e+01 -1.489e+01 -3.051e+00 -2.632e+00 -2.398e+01 -8.455e+00 -2.400e+01 -2.394e+01 -2.400e+01 -1.826e+01 -3.973e+00 -1.787e+00 -9.734e+00 -2.400e+01 -2.400e+01   nan -2.230e+01 -2.069e+00 -1.527e+00 -2.400e+01 -2.400e+01 -2.400e+01 -2.400e+01 -1.721e+01 -1.040e+00 -2.639e+00 -1.559e+00 -2.389e+01 -2.400e+01   nan -1.223e+01 -2.194e+01 -1.405e+00 -1.420e+01 -1.588e+01 -2.400e+01 -1.646e+01 -2.400e+01   nan -1.222e+00 -2.829e+00 -3.125e+00 -1.460e+01 -2.400e+01 -1.532e+01   nan -2.038e+01 -2.400e+01 -3.114e+00 -1.416e+01 -4.012e+00 -2.400e+01 -2.400e+01 -2.400e+01 -2.400e+01 -2.400e+01 -2.078e+01 -3.997e+00 -4.158e+00 -4.682e+00 -1.681e+01 -6.713e+00   nan -2.036e+01 -1.767e+01   nan -5.218e+00 -1.583e+01 -1.425e+01 -2.400e+01 -2.400e+01 -2.400e+01   nan   nan -4.740e+00 -8.156e+00 -9.433e+00 -1.089e+01 -1.562e+01 -2.400e+01 -2.400e+01 -1.628e+01 -1.795e+01 -1.232e+01 -1.803e+01 -1.650e+01 -2.400e+01 -2.400e+01   nan -1.300e+01 -1.917e+01 -1.823e+01 -2.400e+01 -2.400e+01 -2.400e+01 -2.400e+01
+6.640 +5.305 17.990  7.251 0.313 0.020 0.999 -2.400e+01 -6.486e-01 -1.803e+01 -1.111e+01 -6.276e-01 -1.525e+01 -7.409e+00 -1.425e+01 -2.400e+01 -2.311e+01 -2.400e+01 -1.172e+00 -1.557e+00 -1.482e+01 -2.400e+01 -7.874e+00 -1.620e+00 -6.060e+00 -2.400e+01 -1.732e+01 -1.081e+01 -3.782e+00 -4.511e+00 -5.853e+00 -2.142e+01 -1.476e+01 -1.340e+01 -6.125e+00 -2.400e+01 -1.934e+01 -2.400e+01 -2.400e+01 -8.593e-01 -5.006e+00 -4.478e+00 -2.400e+01 -1.943e+01 -2.400e+01   nan -1.502e+01 -3.053e+00 -2.632e+00 -2.398e+01 -8.455e+00 -2.400e+01 -2.400e+01 -2.400e+01   nan -3.973e+00 -1.787e+00 -9.681e+00 -2.400e+01 -2.400e+01 -1.668e+01 -2.198e+01 -2.069e+00 -1.527e+00 -2.400e+01 -2.400e+01 -2.400e+01 -2.400e+01 -1.736e+01 -1.040e+00 -2.639e+00 -1.559e+00 -2.392e+01 -2.400e+01 -1.696e+01 -1.881e+01 -2.190e+01 -1.405e+00 -1.434e+01 -1.596e+01 -2.400e+01   nan -2.400e+01   nan -1.222e+00 -2.829e+00 -3.125e+00 -1.462e+01 -2.400e+01   nan -1.621e+01 -2.054e+01 -2.400e+01 -3.114e+00 -1.416e+01 -3.976e+00 -2.400e+01 -2.400e+01 -2.400e+01 -2.400e+01 -2.400e+01 -1.432e+01 -3.997e+00 -4.214e+00 -4.682e+00 -1.681e+01 -6.713e+00 -1.957e+01   nan   nan   nan -5.218e+00 -1.583e+01 -1.419e+01 -2.400e+01 -2.400e+01 -2.400e+01 -2.117e+01 -1.615e+01 -4.740e+00 -8.156e+00 -9.433e+00 -1.084e+01 -1.558e+01 -2.400e+01 -2.400e+01   nan   nan -1.226e+01 -1.803e+01 -1.649e+01 -2.400e+01 -2.400e+01 -1.669e+01 -1.301e+01 -1.908e+01 -1.819e+01 -2.400e+01 -2.400e+01 -2.400e+01 -2.400e+01
+6.700 +3.897 17.990  7.135 0.269 0.020 0.999 -2.400e+01 -6.486e-01 -1.803e+01 -1.108e+01 -6.276e-01 -1.520e+01 -7.438e+00 -1.437e+01 -2.400e+01 -2.330e+01 -2.400e+01 -1.172e+00 -1.557e+00 -1.482e+01 -2.400e+01 -7.998e+00 -1.620e+00 -6.060e+00 -2.400e+01 -1.758e+01 -1.095e+01 -3.782e+00 -4.511e+00 -5.853e+00 -2.142e+01 -1.491e+01 -1.354e+01 -6.125e+00 -2.400e+01 -1.934e+01 -2.400e+01 -2.400e+01 -8.593e-01 -5.006e+00 -4.419e+00 -2.400e+01 -1.943e+01 -2.400e+01   nan -1.519e+01 -3.055e+00 -2.632e+00 -2.399e+01 -8.455e+00 -2.400e+01 -2.400e+01 -2.400e+01   nan -3.973e+00 -1.787e+00 -9.626e+00 -2.400e+01 -2.400e+01 -1.662e+01 -2.258e+01 -2.069e+00 -1.527e+00 -2.400e+01 -2.400e+01 -2.400e+01 -2.400e+01 -1.757e+01 -1.040e+00 -2.639e+00 -1.559e+00 -2.394e+01 -2.400e+01 -1.690e+01 -1.649e+01 -2.231e+01 -1.405e+00 -1.449e+01 -1.605e+01 -2.400e+01   nan -2.400e+01   nan -1.222e+00 -2.829e+00 -3.125e+00 -1.465e+01 -2.400e+01   nan -1.615e+01 -2.076e+01 -2.400e+01 -3.114e+00 -1.416e+01 -3.943e+00 -2.400e+01 -2.400e+01 -2.400e+01 -2.400e+01 -2.400e+01 -1.565e+01 -3.997e+00 -4.279e+00 -4.682e+00 -1.681e+01 -6.713e+00 -1.951e+01   nan   nan -1.683e+01 -5.218e+00 -1.583e+01 -1.413e+01 -2.400e+01 -2.400e+01 -2.400e+01 -2.117e+01 -1.609e+01 -4.740e+00 -8.155e+00 -9.433e+00 -1.075e+01 -1.553e+01 -2.400e+01 -2.400e+01   nan   nan -1.306e+01 -1.803e+01 -1.649e+01 -2.400e+01 -2.400e+01 -1.663e+01 -1.301e+01   nan -1.815e+01 -2.400e+01 -2.400e+01 -2.400e+01 -2.400e+01
+6.760 +4.049 17.990  6.031 0.276 0.020 0.999 -2.400e+01 -6.486e-01 -1.803e+01 -1.104e+01 -6.276e-01 -1.516e+01 -7.465e+00 -1.448e+01 -2.400e+01 -2.346e+01 -2.400e+01 -1.172e+00 -1.557e+00 -1.482e+01 -2.400e+01 -8.105e+00 -1.620e+00 -6.059e+00 -2.400e+01 -1.780e+01 -1.106e+01 -3.782e+00 -4.511e+00 -5.853e+00 -2.142e+01 -1.504e+01 -1.367e+01 -6.125e+00 -2.400e+01 -1.934e+01 -2.400e+01 -2.400e+01 -8.593e-01 -5.006e+00 -4.360e+00 -2.400e+01 -1.943e+01 -2.400e+01 -1.808e+01 -1.533e+01 -3.058e+00 -2.632e+00 -2.399e+01 -8.455e+00 -2.400e+01 -2.398e+01 -2.400e+01 -1.816e+01 -3.973e+00 -1.787e+00 -9.568e+00 -2.400e+01 -2.400e+01   nan -2.279e+01 -2.069e+00 -1.527e+00 -2.400e+01 -2.400e+01 -2.400e+01 -2.400e+01 -1.775e+01 -1.040e+00 -2.639e+00 -1.559e+00 -2.396e+01 -2.400e+01   nan -1.239e+01 -2.251e+01 -1.405e+00 -1.468e+01 -1.615e+01 -2.400e+01 -1.646e+01 -2.400e+01   nan -1.222e+00 -2.829e+00 -3.125e+00 -1.468e+01 -2.400e+01 -1.520e+01   nan -2.095e+01 -2.400e+01 -3.114e+00 -1.416e+01 -3.912e+00 -2.400e+01 -2.400e+01 -2.400e+01 -2.400e+01 -2.400e+01 -2.040e+01 -3.997e+00 -4.353e+00 -4.682e+00 -1.681e+01 -6.713e+00   nan -2.023e+01 -1.755e+01   nan -5.218e+00 -1.583e+01 -1.407e+01 -2.400e+01 -2.400e+01 -2.400e+01   nan   nan -4.740e+00 -8.155e+00 -9.433e+00 -1.070e+01 -1.548e+01 -2.400e+01 -2.400e+01 -1.616e+01 -1.783e+01 -1.235e+01 -1.803e+01 -1.648e+01 -2.400e+01 -2.400e+01   nan -1.301e+01 -1.943e+01 -1.812e+01 -2.400e+01 -2.400e+01 -2.400e+01 -2.400e+01
+6.820 +5.068 17.990  6.485 0.321 0.020 0.999 -2.400e+01 -6.486e-01 -1.802e+01 -1.101e+01 -6.276e-01 -1.512e+01 -7.492e+00 -1.458e+01 -2.400e+01 -2.358e+01 -2.400e+01 -1.172e+00 -1.558e+00 -1.482e+01 -2.400e+01 -8.207e+00 -1.620e+00 -6.059e+00 -2.400e+01 -1.802e+01 -1.118e+01 -3.782e+00 -4.511e+00 -5.853e+00 -2.142e+01 -1.516e+01 -1.380e+01 -6.125e+00 -2.400e+01 -1.934e+01 -2.400e+01 -2.400e+01 -8.593e-01 -5.006e+00 -4.302e+00 -2.400e+01 -1.943e+01 -2.400e+01 -1.804e+01 -1.547e+01 -3.061e+00 -2.632e+00 -2.399e+01 -8.455e+00 -2.400e+01 -2.400e+01 -2.400e+01 -1.812e+01 -3.973e+00 -1.787e+00 -9.507e+00 -2.400e+01 -2.400e+01   nan -2.294e+01 -2.069e+00 -1.527e+00 -2.400e+01 -2.400e+01 -2.400e+01 -2.400e+01 -1.793e+01 -1.040e+00 -2.639e+00 -1.559e+00 -2.397e+01 -2.400e+01   nan -1.142e+01 -2.268e+01 -1.405e+00 -1.489e+01 -1.627e+01 -2.400e+01 -1.646e+01 -2.400e+01   nan -1.222e+00 -2.829e+00 -3.125e+00 -1.471e+01 -2.400e+01 -1.515e+01   nan -2.114e+01 -2.400e+01 -3.114e+00 -1.416e+01 -3.885e+00 -2.400e+01 -2.400e+01 -2.400e+01 -2.400e+01 -2.400e+01 -2.218e+01 -3.997e+00 -4.439e+00 -4.682e+00 -1.681e+01 -6.713e+00   nan -2.018e+01 -1.750e+01   nan -5.218e+00 -1.583e+01 -1.401e+01 -2.400e+01 -2.400e+01 -2.400e+01   nan   nan -4.740e+00 -8.154e+00 -9.432e+00 -1.062e+01 -1.544e+01 -2.400e+01 -2.400e+01 -1.612e+01 -1.779e+01 -1.265e+01 -1.803e+01 -1.647e+01 -2.400e+01 -2.400e+01   nan -1.301e+01   nan -1.808e+01 -2.400e+01 -2.400e+01 -2.400e+01 -2.400e+01
+6.880 +4.300 17.990  6.849 0.291 0.020 0.999 -2.400e+01 -6.486e-01 -1.802e+01 -1.097e+01 -6.276e-01 -1.507e+01 -7.517e+00 -1.469e+01 -2.400e+01 -2.370e+01 -2.400e+01 -1.172e+00 -1.558e+00 -1.482e+01 -2.400e+01 -8.322e+00 -1.620e+00 -6.059e+00 -2.400e+01 -1.826e+01 -1.130e+01 -3.782e+00 -4.511e+00 -5.853e+00 -2.142e+01 -1.530e+01 -1.394e+01 -6.125e+00 -2.400e+01 -1.934e+01 -2.400e+01 -2.400e+01 -8.593e-01 -5.006e+00 -4.244e+00 -2.400e+01 -1.943e+01 -2.400e+01   nan -1.563e+01 -3.065e+00 -2.632e+00 -2.400e+01 -8.455e+00 -2.400e+01 -2.400e+01 -2.400e+01   nan -3.973e+00 -1.787e+00 -9.443e+00 -2.400e+01 -2.400e+01 -1.641e+01 -2.284e+01 -2.069e+00 -1.527e+00 -2.400e+01 -2.400e+01 -2.400e+01 -2.400e+01 -1.812e+01 -1.040e+00 -2.639e+00 -1.559e+00 -2.398e+01 -2.400e+01 -1.668e+01 -1.724e+01 -2.275e+01 -1.405e+00 -1.513e+01 -1.641e+01 -2.400e+01   nan -2.400e+01   nan -1.222e+00 -2.829e+00 -3.125e+00 -1.475e+01 -2.400e+01   nan -1.594e+01 -2.135e+01 -2.400e+01 -3.114e+00 -1.416e+01 -3.861e+00 -2.400e+01 -2.400e+01 -2.400e+01 -2.400e+01 -2.400e+01 -1.503e+01 -3.997e+00 -4.536e+00 -4.682e+00 -1.681e+01 -6.713e+00 -1.929e+01   nan   nan   nan -5.218e+00 -1.583e+01 -1.395e+01 -2.400e+01 -2.400e+01 -2.400e+01 -2.117e+01 -1.587e+01 -4.740e+00 -8.153e+00 -9.432e+00 -1.072e+01 -1.538e+01 -2.400e+01 -2.400e+01   nan   nan   nan -1.803e+01 -1.647e+01 -2.400e+01 -2.400e+01 -1.641e+01 -1.301e+01   nan -1.803e+01 -2.400e+01 -2.400e+01 -2.400e+01 -2.400e+01
+6.940 +4.560 17.990  6.750 0.276 0.020 0.999 -2.400e+01 -6.486e-01 -1.802e+01 -1.094e+01 -6.276e-01 -1.502e+01 -7.541e+00 -1.480e+01 -2.400e+01 -2.379e+01 -2.400e+01 -1.172e+00 -1.558e+00 -1.482e+01 -2.400e+01 -8.430e+00 -1.619e+00 -6.059e+00 -2.400e+01 -1.849e+01 -1.142e+01 -3.782e+00 -4.511e+00 -5.854e+00 -2.142e+01 -1.543e+01 -1.407e+01 -6.125e+00 -2.400e+01 -1.934e+01 -2.400e+01 -2.400e+01 -8.593e-01 -5.006e+00 -4.186e+00 -2.400e+01 -1.943e+01 -2.400e+01   nan -1.577e+01 -3.069e+00 -2.632e+00 -2.400e+01 -8.455e+00 -2.400e+01 -2.456e+01 -2.400e+01   nan -3.973e+00 -1.787e+00 -9.376e+00 -2.400e+01 -2.400e+01 -1.635e+01 -2.275e+01 -2.069e+00 -1.527e+00 -2.400e+01 -2.400e+01 -2.400e+01 -2.400e+01 -1.830e+01 -1.040e+00 -2.639e+00 -1.559e+00 -2.398e+01 -2.400e+01 -1.662e+01 -1.793e+01 -2.277e+01 -1.405e+00 -1.541e+01 -1.656e+01 -2.400e+01   nan -2.400e+01   nan -1.222e+00 -2.829e+00 -3.125e+00 -1.480e+01 -2.400e+01   nan -1.587e+01 -2.154e+01 -2.400e+01 -3.114e+00 -1.416e+01 -3.841e+00 -2.400e+01 -2.400e+01 -2.400e+01 -2.400e+01 -2.400e+01 -1.471e+01 -3.997e+00 -4.649e+00 -4.682e+00 -1.681e+01 -6.713e+00 -1.923e+01   nan   nan   nan -5.218e+00 -1.583e+01 -1.389e+01 -2.400e+01 -2.400e+01 -2.400e+01 -2.117e+01 -1.581e+01 -4.740e+00 -8.152e+00 -9.432e+00 -1.084e+01 -1.533e+01 -2.400e+01 -2.400e+01   nan   nan   nan -1.803e+01 -1.646e+01 -2.400e+01 -2.400e+01 -1.635e+01 -1.301e+01 -2.025e+01 -1.799e+01 -2.400e+01 -2.400e+01 -2.400e+01 -2.400e+01
+7.000 +4.500 17.990  6.840 0.276 0.020 0.999 -2.400e+01 -6.486e-01 -1.801e+01 -1.090e+01 -6.276e-01 -1.497e+01 -7.564e+00 -1.490e+01 -2.400e+01 -2.385e+01 -2.400e+01 -1.172e+00 -1.558e+00 -1.482e+01 -2.400e+01 -8.540e+00 -1.619e+00 -6.059e+00 -2.400e+01 -1.872e+01 -1.154e+01 -3.782e+00 -4.511e+00 -5.854e+00 -2.142e+01 -1.556e+01 -1.420e+01 -6.125e+00 -2.400e+01 -1.934e+01 -2.400e+01 -2.400e+01 -8.593e-01 -5.006e+00 -4.128e+00 -2.400e+01 -1.943e+01 -2.400e+01 -1.792e+01 -1.592e+01 -3.073e+00 -2.632e+00 -2.400e+01 -8.455e+00 -2.400e+01 -2.400e+01 -2.400e+01 -1.803e+01 -3.973e+00 -1.787e+00 -9.306e+00 -2.400e+01 -2.400e+01   nan -2.339e+01 -2.069e+00 -1.527e+00 -2.400e+01 -2.400e+01 -2.400e+01 -2.400e+01 -1.849e+01 -1.040e+00 -2.639e+00 -1.559e+00 -2.399e+01 -2.400e+01   nan -1.199e+01 -2.322e+01 -1.405e+00 -1.572e+01 -1.674e+01 -2.400e+01 -1.646e+01 -2.400e+01   nan -1.222e+00 -2.829e+00 -3.125e+00 -1.485e+01 -2.400e+01 -1.503e+01   nan -2.176e+01 -2.400e+01 -3.114e+00 -1.416e+01 -3.824e+00 -2.400e+01 -2.400e+01 -2.400e+01 -2.400e+01 -2.400e+01 -2.095e+01 -3.997e+00 -4.778e+00 -4.682e+00 -1.681e+01 -6.713e+00   nan -2.005e+01 -1.739e+01   nan -5.218e+00 -1.583e+01 -1.383e+01 -2.400e+01 -2.400e+01 -2.400e+01   nan   nan -4.740e+00 -8.151e+00 -9.431e+00 -1.071e+01 -1.528e+01 -2.400e+01 -2.400e+01 -1.600e+01 -1.767e+01 -1.227e+01 -1.803e+01 -1.645e+01 -2.400e+01 -2.400e+01   nan -1.301e+01 -2.003e+01 -1.796e+01 -2.400e+01 -2.400e+01 -2.400e+01 -2.400e+01